label,signature,size,depth,lugs,staveOption,hoopType,hardwareColor,scorchDepth,movement,spread,firstHit,firstHitScore,underTheHands,underTheHandsScore,fromTheBench,fromTheBenchScore,digest,attack,brightness,projection,sustain,warmth,sensitivity,control,attackDelta,brightnessDelta,projectionDelta,sustainDelta,warmthDelta,sensitivityDelta,controlDelta,playingSituation,feelReadText,highlightedCharacteristics
12x5.0 • 6 lugs • 12 - 8mm + $150 (Re-Rings Required) • Triple Flange • Chrome • Light Torch,12|5.0|6|12 - 8mm + $150 (Re-Rings Required)|Triple Flange|Chrome|Light Torch,12,5.0,6,12 - 8mm + $150 (Re-Rings Required),Triple Flange,Chrome,Light Torch,2.94,1.38,"Compact, quick, lean response",2.2445,"Expressive, blooming response",0.1279,"Wide, open Heritage bloom",0.0057,simple:compact-quick-lean-response > shaped:expressive-blooming-response > complex:wide-open-heritage-bloom,4.89,5.44,4.75,5.43,4.67,5.8,4.42,-0.11,0.44,-0.25,0.43,-0.33,0.8,-0.58,"A more open Heritage read, where the lighter torch treatment preserves extra liveliness, touch response, and a slightly freer bloom through the shell.","A cleaner, classic Heritage presentation with a lighter TorchTuned imprint that preserves more openness, touch response, and a slightly freer shell reaction, while keeping the shell-first balance intact.",Noticeably shifted away from the benchmark Heritage center; the lighter TorchTune finish preserves more touch response and a freer shell reaction; the deeper 12-inch re-ring shell keeps studio warmth and balance; Triple Flange hoops preserve more of the line’s native openness.
12x5.0 • 6 lugs • 12 - 8mm + $150 (Re-Rings Required) • Triple Flange • Chrome • Medium Torch,12|5.0|6|12 - 8mm + $150 (Re-Rings Required)|Triple Flange|Chrome|Medium Torch,12,5.0,6,12 - 8mm + $150 (Re-Rings Required),Triple Flange,Chrome,Medium Torch,1.95,0.92,"Compact, quick, lean response",1.9785,"Expressive, blooming response",0.863,"Wide, open Heritage bloom",0.6655,simple:compact-quick-lean-response > shaped:expressive-blooming-response > complex:wide-open-heritage-bloom,5.07,5.26,4.64,5.17,4.75,5.56,4.72,0.07,0.26,-0.36,0.17,-0.25,0.56,-0.28,A touch-friendly Heritage read that stays expressive under lighter hands while keeping its shell identity.,"A seasoned, classic Heritage presentation with a balanced TorchTuned posture, while keeping the shell-first balance intact.",Noticeably shifted away from the benchmark Heritage center; the deeper 12-inch re-ring shell keeps studio warmth and balance; Triple Flange hoops preserve more of the line’s native openness.
12x5.0 • 6 lugs • 12 - 8mm + $150 (Re-Rings Required) • Triple Flange • Chrome • Blackened,12|5.0|6|12 - 8mm + $150 (Re-Rings Required)|Triple Flange|Chrome|Blackened,12,5.0,6,12 - 8mm + $150 (Re-Rings Required),Triple Flange,Chrome,Blackened,1.4,0.79,"Compact, quick, lean response",1.901,"Fast, disciplined touch response",0.6664,Shorter note with firm response,0.9943,simple:compact-quick-lean-response > shaped:fast-disciplined-touch-response > complex:shorter-note-firm-response,5.25,5.08,4.53,4.91,4.83,5.32,5.02,0.25,0.08,-0.47,-0.09,-0.17,0.32,0.02,"A compact, TorchTuned Heritage read: still lively from the smaller shell, but darker and more settled than the same build in a lighter finish.","A darker, classic Heritage presentation with a stronger TorchTuned imprint that favors firmer note control, slightly lower sensitivity, and a more unified shell response under heavier treatment, while keeping the shell-first balance intact.",Close to the benchmark Heritage warmth posture; the deeper 12-inch re-ring shell keeps studio warmth and balance; Triple Flange hoops preserve more of the line’s native openness.
12x5.0 • 6 lugs • 12 - 8mm + $150 (Re-Rings Required) • Triple Flange • Black Nickel • Light Torch,12|5.0|6|12 - 8mm + $150 (Re-Rings Required)|Triple Flange|Black Nickel|Light Torch,12,5.0,6,12 - 8mm + $150 (Re-Rings Required),Triple Flange,Black Nickel,Light Torch,2.94,1.38,"Compact, quick, lean response",2.2445,"Expressive, blooming response",0.1279,"Wide, open Heritage bloom",0.0057,simple:compact-quick-lean-response > shaped:expressive-blooming-response > complex:wide-open-heritage-bloom,4.89,5.44,4.75,5.43,4.67,5.8,4.42,-0.11,0.44,-0.25,0.43,-0.33,0.8,-0.58,"A more open Heritage read, where the lighter torch treatment preserves extra liveliness, touch response, and a slightly freer bloom through the shell.","A cleaner, slightly more modern Heritage presentation with a lighter TorchTuned imprint that preserves more openness, touch response, and a slightly freer shell reaction, while keeping the shell-first balance intact.",Noticeably shifted away from the benchmark Heritage center; the lighter TorchTune finish preserves more touch response and a freer shell reaction; the deeper 12-inch re-ring shell keeps studio warmth and balance; Triple Flange hoops preserve more of the line’s native openness.
12x5.0 • 6 lugs • 12 - 8mm + $150 (Re-Rings Required) • Triple Flange • Black Nickel • Medium Torch,12|5.0|6|12 - 8mm + $150 (Re-Rings Required)|Triple Flange|Black Nickel|Medium Torch,12,5.0,6,12 - 8mm + $150 (Re-Rings Required),Triple Flange,Black Nickel,Medium Torch,1.95,0.92,"Compact, quick, lean response",1.9785,"Expressive, blooming response",0.863,"Wide, open Heritage bloom",0.6655,simple:compact-quick-lean-response > shaped:expressive-blooming-response > complex:wide-open-heritage-bloom,5.07,5.26,4.64,5.17,4.75,5.56,4.72,0.07,0.26,-0.36,0.17,-0.25,0.56,-0.28,A touch-friendly Heritage read that stays expressive under lighter hands while keeping its shell identity.,"A seasoned, slightly more modern Heritage presentation with a balanced TorchTuned posture, while keeping the shell-first balance intact.",Noticeably shifted away from the benchmark Heritage center; the deeper 12-inch re-ring shell keeps studio warmth and balance; Triple Flange hoops preserve more of the line’s native openness.
12x5.0 • 6 lugs • 12 - 8mm + $150 (Re-Rings Required) • Triple Flange • Black Nickel • Blackened,12|5.0|6|12 - 8mm + $150 (Re-Rings Required)|Triple Flange|Black Nickel|Blackened,12,5.0,6,12 - 8mm + $150 (Re-Rings Required),Triple Flange,Black Nickel,Blackened,1.4,0.79,"Compact, quick, lean response",1.901,"Fast, disciplined touch response",0.6664,Shorter note with firm response,0.9943,simple:compact-quick-lean-response > shaped:fast-disciplined-touch-response > complex:shorter-note-firm-response,5.25,5.08,4.53,4.91,4.83,5.32,5.02,0.25,0.08,-0.47,-0.09,-0.17,0.32,0.02,"A compact, TorchTuned Heritage read: still lively from the smaller shell, but darker and more settled than the same build in a lighter finish.","A darker, slightly more modern Heritage presentation with a stronger TorchTuned imprint that favors firmer note control, slightly lower sensitivity, and a more unified shell response under heavier treatment, while keeping the shell-first balance intact.",Close to the benchmark Heritage warmth posture; the deeper 12-inch re-ring shell keeps studio warmth and balance; Triple Flange hoops preserve more of the line’s native openness.
12x5.0 • 6 lugs • 12 - 8mm + $150 (Re-Rings Required) • Triple Flange • Brass/Gold • Light Torch,12|5.0|6|12 - 8mm + $150 (Re-Rings Required)|Triple Flange|Brass/Gold|Light Torch,12,5.0,6,12 - 8mm + $150 (Re-Rings Required),Triple Flange,Brass/Gold,Light Torch,2.94,1.38,"Compact, quick, lean response",2.2445,"Expressive, blooming response",0.1279,"Wide, open Heritage bloom",0.0057,simple:compact-quick-lean-response > shaped:expressive-blooming-response > complex:wide-open-heritage-bloom,4.89,5.44,4.75,5.43,4.67,5.8,4.42,-0.11,0.44,-0.25,0.43,-0.33,0.8,-0.58,"A more open Heritage read, where the lighter torch treatment preserves extra liveliness, touch response, and a slightly freer bloom through the shell.","A cleaner, richer Heritage presentation with a lighter TorchTuned imprint that preserves more openness, touch response, and a slightly freer shell reaction, while keeping the shell-first balance intact.",Noticeably shifted away from the benchmark Heritage center; the lighter TorchTune finish preserves more touch response and a freer shell reaction; the deeper 12-inch re-ring shell keeps studio warmth and balance; Triple Flange hoops preserve more of the line’s native openness.
12x5.0 • 6 lugs • 12 - 8mm + $150 (Re-Rings Required) • Triple Flange • Brass/Gold • Medium Torch,12|5.0|6|12 - 8mm + $150 (Re-Rings Required)|Triple Flange|Brass/Gold|Medium Torch,12,5.0,6,12 - 8mm + $150 (Re-Rings Required),Triple Flange,Brass/Gold,Medium Torch,1.95,0.92,"Compact, quick, lean response",1.9785,"Expressive, blooming response",0.863,"Wide, open Heritage bloom",0.6655,simple:compact-quick-lean-response > shaped:expressive-blooming-response > complex:wide-open-heritage-bloom,5.07,5.26,4.64,5.17,4.75,5.56,4.72,0.07,0.26,-0.36,0.17,-0.25,0.56,-0.28,A touch-friendly Heritage read that stays expressive under lighter hands while keeping its shell identity.,"A seasoned, richer Heritage presentation with a balanced TorchTuned posture, while keeping the shell-first balance intact.",Noticeably shifted away from the benchmark Heritage center; the deeper 12-inch re-ring shell keeps studio warmth and balance; Triple Flange hoops preserve more of the line’s native openness.
12x5.0 • 6 lugs • 12 - 8mm + $150 (Re-Rings Required) • Triple Flange • Brass/Gold • Blackened,12|5.0|6|12 - 8mm + $150 (Re-Rings Required)|Triple Flange|Brass/Gold|Blackened,12,5.0,6,12 - 8mm + $150 (Re-Rings Required),Triple Flange,Brass/Gold,Blackened,1.4,0.79,"Compact, quick, lean response",1.901,"Fast, disciplined touch response",0.6664,Shorter note with firm response,0.9943,simple:compact-quick-lean-response > shaped:fast-disciplined-touch-response > complex:shorter-note-firm-response,5.25,5.08,4.53,4.91,4.83,5.32,5.02,0.25,0.08,-0.47,-0.09,-0.17,0.32,0.02,"A compact, TorchTuned Heritage read: still lively from the smaller shell, but darker and more settled than the same build in a lighter finish.","A darker, richer Heritage presentation with a stronger TorchTuned imprint that favors firmer note control, slightly lower sensitivity, and a more unified shell response under heavier treatment, while keeping the shell-first balance intact.",Close to the benchmark Heritage warmth posture; the deeper 12-inch re-ring shell keeps studio warmth and balance; Triple Flange hoops preserve more of the line’s native openness.
12x5.0 • 6 lugs • 12 - 8mm + $150 (Re-Rings Required) • Die-Cast • Chrome • Light Torch,12|5.0|6|12 - 8mm + $150 (Re-Rings Required)|Die-Cast|Chrome|Light Torch,12,5.0,6,12 - 8mm + $150 (Re-Rings Required),Die-Cast,Chrome,Light Torch,2.34,1.2,"Compact, quick, lean response",2.817,"Fast, disciplined touch response",1.413,Shorter note with firm response,1.053,simple:compact-quick-lean-response > shaped:fast-disciplined-touch-response > complex:shorter-note-firm-response,5.23,5.67,4.94,5.13,4.47,5.56,4.84,0.23,0.67,-0.06,0.13,-0.53,0.56,-0.16,"A focused-but-open Heritage read: the die-cast hoops tighten the rim response, while the lighter TorchTune finish keeps more touch, air, and upper-shell liveliness in the voice.","A cleaner, classic Heritage presentation with a lighter TorchTuned imprint that preserves more openness, touch response, and a slightly freer shell reaction, while keeping the shell-first balance intact.",Leaner and more controlled through the center than the benchmark Heritage build; Light Torch keeps more touch and liveliness while the die-cast hoops add rim focus; the deeper 12-inch re-ring shell keeps studio warmth and balance; Die-Cast hoops add focus and containment.
12x5.0 • 6 lugs • 12 - 8mm + $150 (Re-Rings Required) • Die-Cast • Chrome • Medium Torch,12|5.0|6|12 - 8mm + $150 (Re-Rings Required)|Die-Cast|Chrome|Medium Torch,12,5.0,6,12 - 8mm + $150 (Re-Rings Required),Die-Cast,Chrome,Medium Torch,2.11,0.94,"Compact, quick, lean response",2.661,"Fast, disciplined touch response",1.366,Shorter note with firm response,1.5275,simple:compact-quick-lean-response > shaped:fast-disciplined-touch-response > complex:shorter-note-firm-response,5.41,5.49,4.83,4.87,4.55,5.32,5.14,0.41,0.49,-0.17,-0.13,-0.45,0.32,0.14,"A more focused Heritage read with firmer note shape, cleaner front edge, and tighter overall behavior.","A seasoned, classic Heritage presentation with a balanced TorchTuned posture, while keeping the shell-first balance intact.",Close to the benchmark Heritage warmth posture; the Medium Torch benchmark keeps the line centered between openness and control; the deeper 12-inch re-ring shell keeps studio warmth and balance; Die-Cast hoops add focus and containment.
12x5.0 • 6 lugs • 12 - 8mm + $150 (Re-Rings Required) • Die-Cast • Chrome • Blackened,12|5.0|6|12 - 8mm + $150 (Re-Rings Required)|Die-Cast|Chrome|Blackened,12,5.0,6,12 - 8mm + $150 (Re-Rings Required),Die-Cast,Chrome,Blackened,2.46,0.98,"Compact, quick, lean response",2.638,"Fast, disciplined touch response",1.558,Shorter note with firm response,2.463,simple:compact-quick-lean-response > shaped:fast-disciplined-touch-response > complex:shorter-note-firm-response,5.59,5.31,4.72,4.61,4.63,5.08,5.44,0.59,0.31,-0.28,-0.39,-0.37,0.08,0.44,"A more TorchTuned-forward Heritage read, where the heavier scorch treatment adds a firmer center, slightly tighter bloom, and a more settled shell response.","A darker, classic Heritage presentation with a stronger TorchTuned imprint that favors firmer note control, slightly lower sensitivity, and a more unified shell response under heavier treatment, while keeping the shell-first balance intact.",Noticeably shifted away from the benchmark Heritage center; the Blackened finish adds a more contained center and slightly firmer shell behavior; the deeper 12-inch re-ring shell keeps studio warmth and balance; Die-Cast hoops add focus and containment.
12x5.0 • 6 lugs • 12 - 8mm + $150 (Re-Rings Required) • Die-Cast • Black Nickel • Light Torch,12|5.0|6|12 - 8mm + $150 (Re-Rings Required)|Die-Cast|Black Nickel|Light Torch,12,5.0,6,12 - 8mm + $150 (Re-Rings Required),Die-Cast,Black Nickel,Light Torch,2.34,1.2,"Compact, quick, lean response",2.817,"Fast, disciplined touch response",1.413,Shorter note with firm response,1.053,simple:compact-quick-lean-response > shaped:fast-disciplined-touch-response > complex:shorter-note-firm-response,5.23,5.67,4.94,5.13,4.47,5.56,4.84,0.23,0.67,-0.06,0.13,-0.53,0.56,-0.16,"A focused-but-open Heritage read: the die-cast hoops tighten the rim response, while the lighter TorchTune finish keeps more touch, air, and upper-shell liveliness in the voice.","A cleaner, slightly more modern Heritage presentation with a lighter TorchTuned imprint that preserves more openness, touch response, and a slightly freer shell reaction, while keeping the shell-first balance intact.",Leaner and more controlled through the center than the benchmark Heritage build; Light Torch keeps more touch and liveliness while the die-cast hoops add rim focus; the deeper 12-inch re-ring shell keeps studio warmth and balance; Die-Cast hoops add focus and containment.
12x5.0 • 6 lugs • 12 - 8mm + $150 (Re-Rings Required) • Die-Cast • Black Nickel • Medium Torch,12|5.0|6|12 - 8mm + $150 (Re-Rings Required)|Die-Cast|Black Nickel|Medium Torch,12,5.0,6,12 - 8mm + $150 (Re-Rings Required),Die-Cast,Black Nickel,Medium Torch,2.11,0.94,"Compact, quick, lean response",2.661,"Fast, disciplined touch response",1.366,Shorter note with firm response,1.5275,simple:compact-quick-lean-response > shaped:fast-disciplined-touch-response > complex:shorter-note-firm-response,5.41,5.49,4.83,4.87,4.55,5.32,5.14,0.41,0.49,-0.17,-0.13,-0.45,0.32,0.14,"A more focused Heritage read with firmer note shape, cleaner front edge, and tighter overall behavior.","A seasoned, slightly more modern Heritage presentation with a balanced TorchTuned posture, while keeping the shell-first balance intact.",Close to the benchmark Heritage warmth posture; the Medium Torch benchmark keeps the line centered between openness and control; the deeper 12-inch re-ring shell keeps studio warmth and balance; Die-Cast hoops add focus and containment.
12x5.0 • 6 lugs • 12 - 8mm + $150 (Re-Rings Required) • Die-Cast • Black Nickel • Blackened,12|5.0|6|12 - 8mm + $150 (Re-Rings Required)|Die-Cast|Black Nickel|Blackened,12,5.0,6,12 - 8mm + $150 (Re-Rings Required),Die-Cast,Black Nickel,Blackened,2.46,0.98,"Compact, quick, lean response",2.638,"Fast, disciplined touch response",1.558,Shorter note with firm response,2.463,simple:compact-quick-lean-response > shaped:fast-disciplined-touch-response > complex:shorter-note-firm-response,5.59,5.31,4.72,4.61,4.63,5.08,5.44,0.59,0.31,-0.28,-0.39,-0.37,0.08,0.44,"A more TorchTuned-forward Heritage read, where the heavier scorch treatment adds a firmer center, slightly tighter bloom, and a more settled shell response.","A darker, slightly more modern Heritage presentation with a stronger TorchTuned imprint that favors firmer note control, slightly lower sensitivity, and a more unified shell response under heavier treatment, while keeping the shell-first balance intact.",Noticeably shifted away from the benchmark Heritage center; the Blackened finish adds a more contained center and slightly firmer shell behavior; the deeper 12-inch re-ring shell keeps studio warmth and balance; Die-Cast hoops add focus and containment.
12x5.0 • 6 lugs • 12 - 8mm + $150 (Re-Rings Required) • Die-Cast • Brass/Gold • Light Torch,12|5.0|6|12 - 8mm + $150 (Re-Rings Required)|Die-Cast|Brass/Gold|Light Torch,12,5.0,6,12 - 8mm + $150 (Re-Rings Required),Die-Cast,Brass/Gold,Light Torch,2.34,1.2,"Compact, quick, lean response",2.817,"Fast, disciplined touch response",1.413,Shorter note with firm response,1.053,simple:compact-quick-lean-response > shaped:fast-disciplined-touch-response > complex:shorter-note-firm-response,5.23,5.67,4.94,5.13,4.47,5.56,4.84,0.23,0.67,-0.06,0.13,-0.53,0.56,-0.16,"A focused-but-open Heritage read: the die-cast hoops tighten the rim response, while the lighter TorchTune finish keeps more touch, air, and upper-shell liveliness in the voice.","A cleaner, richer Heritage presentation with a lighter TorchTuned imprint that preserves more openness, touch response, and a slightly freer shell reaction, while keeping the shell-first balance intact.",Leaner and more controlled through the center than the benchmark Heritage build; Light Torch keeps more touch and liveliness while the die-cast hoops add rim focus; the deeper 12-inch re-ring shell keeps studio warmth and balance; Die-Cast hoops add focus and containment.
12x5.0 • 6 lugs • 12 - 8mm + $150 (Re-Rings Required) • Die-Cast • Brass/Gold • Medium Torch,12|5.0|6|12 - 8mm + $150 (Re-Rings Required)|Die-Cast|Brass/Gold|Medium Torch,12,5.0,6,12 - 8mm + $150 (Re-Rings Required),Die-Cast,Brass/Gold,Medium Torch,2.11,0.94,"Compact, quick, lean response",2.661,"Fast, disciplined touch response",1.366,Shorter note with firm response,1.5275,simple:compact-quick-lean-response > shaped:fast-disciplined-touch-response > complex:shorter-note-firm-response,5.41,5.49,4.83,4.87,4.55,5.32,5.14,0.41,0.49,-0.17,-0.13,-0.45,0.32,0.14,"A more focused Heritage read with firmer note shape, cleaner front edge, and tighter overall behavior.","A seasoned, richer Heritage presentation with a balanced TorchTuned posture, while keeping the shell-first balance intact.",Close to the benchmark Heritage warmth posture; the Medium Torch benchmark keeps the line centered between openness and control; the deeper 12-inch re-ring shell keeps studio warmth and balance; Die-Cast hoops add focus and containment.
12x5.0 • 6 lugs • 12 - 8mm + $150 (Re-Rings Required) • Die-Cast • Brass/Gold • Blackened,12|5.0|6|12 - 8mm + $150 (Re-Rings Required)|Die-Cast|Brass/Gold|Blackened,12,5.0,6,12 - 8mm + $150 (Re-Rings Required),Die-Cast,Brass/Gold,Blackened,2.46,0.98,"Compact, quick, lean response",2.638,"Fast, disciplined touch response",1.558,Shorter note with firm response,2.463,simple:compact-quick-lean-response > shaped:fast-disciplined-touch-response > complex:shorter-note-firm-response,5.59,5.31,4.72,4.61,4.63,5.08,5.44,0.59,0.31,-0.28,-0.39,-0.37,0.08,0.44,"A more TorchTuned-forward Heritage read, where the heavier scorch treatment adds a firmer center, slightly tighter bloom, and a more settled shell response.","A darker, richer Heritage presentation with a stronger TorchTuned imprint that favors firmer note control, slightly lower sensitivity, and a more unified shell response under heavier treatment, while keeping the shell-first balance intact.",Noticeably shifted away from the benchmark Heritage center; the Blackened finish adds a more contained center and slightly firmer shell behavior; the deeper 12-inch re-ring shell keeps studio warmth and balance; Die-Cast hoops add focus and containment.
12x5.0 • 8 lugs • 16 - 10mm • Triple Flange • Chrome • Light Torch,12|5.0|8|16 - 10mm|Triple Flange|Chrome|Light Torch,12,5.0,8,16 - 10mm,Triple Flange,Chrome,Light Torch,3.05,1.44,"Compact, quick, lean response",3.209,"Expressive, blooming response",,Balanced Heritage center,,simple:compact-quick-lean-response > shaped:expressive-blooming-response > complex:balanced-heritage-center,5.52,5.74,5.25,4.81,4.3,5.35,4.7,0.52,0.74,0.25,-0.19,-0.7,0.35,-0.3,"A more open Heritage read, where the lighter torch treatment preserves extra liveliness, touch response, and a slightly freer bloom through the shell.","A cleaner, classic Heritage presentation with a lighter TorchTuned imprint that preserves more openness, touch response, and a slightly freer shell reaction, while keeping the shell-first balance intact.",Leaner and more controlled through the center than the benchmark Heritage build; the lighter TorchTune finish preserves more touch response and a freer shell reaction; Triple Flange hoops preserve more of the line’s native openness.
12x5.0 • 8 lugs • 16 - 10mm • Triple Flange • Chrome • Medium Torch,12|5.0|8|16 - 10mm|Triple Flange|Chrome|Medium Torch,12,5.0,8,16 - 10mm,Triple Flange,Chrome,Medium Torch,2.58,1.32,"Compact, quick, lean response",3.053,"Fast, disciplined touch response",0.911,Shorter note with firm response,1.087,simple:compact-quick-lean-response > shaped:fast-disciplined-touch-response > complex:shorter-note-firm-response,5.7,5.56,5.14,4.55,4.38,5.11,5,0.7,0.56,0.14,-0.45,-0.62,0.11,0,"A compact Heritage read with more bite, quicker sustain, leaner body, and a dry, immediate front edge than the reference build.","A seasoned, classic Heritage presentation with a balanced TorchTuned posture, while keeping the front edge firm and articulate.","Leaner and more controlled through the center than the benchmark Heritage build; a quicker, drier bite with a more defined front edge; Triple Flange hoops preserve more of the line’s native openness."
12x5.0 • 8 lugs • 16 - 10mm • Triple Flange • Chrome • Blackened,12|5.0|8|16 - 10mm|Triple Flange|Chrome|Blackened,12,5.0,8,16 - 10mm,Triple Flange,Chrome,Blackened,2.97,1.59,"Compact, quick, lean response",3.03,"Fast, disciplined touch response",1.233,Shorter note with firm response,1.9015,simple:compact-quick-lean-response > shaped:fast-disciplined-touch-response > complex:shorter-note-firm-response,5.88,5.38,5.03,4.29,4.46,4.87,5.3,0.88,0.38,0.03,-0.71,-0.54,-0.13,0.3,"A compact, TorchTuned Heritage read: still lively from the smaller shell, but darker and more settled than the same build in a lighter finish.","A darker, classic Heritage presentation with a stronger TorchTuned imprint that favors firmer note control, slightly lower sensitivity, and a more unified shell response under heavier treatment, while keeping the front edge firm and articulate.","Leaner and more controlled through the center than the benchmark Heritage build; a quicker, drier bite with a more defined front edge; a shorter, tighter note shape; the Blackened finish adds a more contained center and slightly firmer shell behavior; Triple Flange hoops preserve more of the line’s native openness."
12x5.0 • 8 lugs • 16 - 10mm • Triple Flange • Black Nickel • Light Torch,12|5.0|8|16 - 10mm|Triple Flange|Black Nickel|Light Torch,12,5.0,8,16 - 10mm,Triple Flange,Black Nickel,Light Torch,3.05,1.44,"Compact, quick, lean response",3.209,"Expressive, blooming response",,Balanced Heritage center,,simple:compact-quick-lean-response > shaped:expressive-blooming-response > complex:balanced-heritage-center,5.52,5.74,5.25,4.81,4.3,5.35,4.7,0.52,0.74,0.25,-0.19,-0.7,0.35,-0.3,"A more open Heritage read, where the lighter torch treatment preserves extra liveliness, touch response, and a slightly freer bloom through the shell.","A cleaner, slightly more modern Heritage presentation with a lighter TorchTuned imprint that preserves more openness, touch response, and a slightly freer shell reaction, while keeping the shell-first balance intact.",Leaner and more controlled through the center than the benchmark Heritage build; the lighter TorchTune finish preserves more touch response and a freer shell reaction; Triple Flange hoops preserve more of the line’s native openness.
12x5.0 • 8 lugs • 16 - 10mm • Triple Flange • Black Nickel • Medium Torch,12|5.0|8|16 - 10mm|Triple Flange|Black Nickel|Medium Torch,12,5.0,8,16 - 10mm,Triple Flange,Black Nickel,Medium Torch,2.58,1.32,"Compact, quick, lean response",3.053,"Fast, disciplined touch response",0.911,Shorter note with firm response,1.087,simple:compact-quick-lean-response > shaped:fast-disciplined-touch-response > complex:shorter-note-firm-response,5.7,5.56,5.14,4.55,4.38,5.11,5,0.7,0.56,0.14,-0.45,-0.62,0.11,0,"A compact Heritage read with more bite, quicker sustain, leaner body, and a dry, immediate front edge than the reference build.","A seasoned, slightly more modern Heritage presentation with a balanced TorchTuned posture, while keeping the front edge firm and articulate.","Leaner and more controlled through the center than the benchmark Heritage build; a quicker, drier bite with a more defined front edge; Triple Flange hoops preserve more of the line’s native openness."
12x5.0 • 8 lugs • 16 - 10mm • Triple Flange • Black Nickel • Blackened,12|5.0|8|16 - 10mm|Triple Flange|Black Nickel|Blackened,12,5.0,8,16 - 10mm,Triple Flange,Black Nickel,Blackened,2.97,1.59,"Compact, quick, lean response",3.03,"Fast, disciplined touch response",1.233,Shorter note with firm response,1.9015,simple:compact-quick-lean-response > shaped:fast-disciplined-touch-response > complex:shorter-note-firm-response,5.88,5.38,5.03,4.29,4.46,4.87,5.3,0.88,0.38,0.03,-0.71,-0.54,-0.13,0.3,"A compact, TorchTuned Heritage read: still lively from the smaller shell, but darker and more settled than the same build in a lighter finish.","A darker, slightly more modern Heritage presentation with a stronger TorchTuned imprint that favors firmer note control, slightly lower sensitivity, and a more unified shell response under heavier treatment, while keeping the front edge firm and articulate.","Leaner and more controlled through the center than the benchmark Heritage build; a quicker, drier bite with a more defined front edge; a shorter, tighter note shape; the Blackened finish adds a more contained center and slightly firmer shell behavior; Triple Flange hoops preserve more of the line’s native openness."
12x5.0 • 8 lugs • 16 - 10mm • Triple Flange • Brass/Gold • Light Torch,12|5.0|8|16 - 10mm|Triple Flange|Brass/Gold|Light Torch,12,5.0,8,16 - 10mm,Triple Flange,Brass/Gold,Light Torch,3.05,1.44,"Compact, quick, lean response",3.209,"Expressive, blooming response",,Balanced Heritage center,,simple:compact-quick-lean-response > shaped:expressive-blooming-response > complex:balanced-heritage-center,5.52,5.74,5.25,4.81,4.3,5.35,4.7,0.52,0.74,0.25,-0.19,-0.7,0.35,-0.3,"A more open Heritage read, where the lighter torch treatment preserves extra liveliness, touch response, and a slightly freer bloom through the shell.","A cleaner, richer Heritage presentation with a lighter TorchTuned imprint that preserves more openness, touch response, and a slightly freer shell reaction, while keeping the shell-first balance intact.",Leaner and more controlled through the center than the benchmark Heritage build; the lighter TorchTune finish preserves more touch response and a freer shell reaction; Triple Flange hoops preserve more of the line’s native openness.
12x5.0 • 8 lugs • 16 - 10mm • Triple Flange • Brass/Gold • Medium Torch,12|5.0|8|16 - 10mm|Triple Flange|Brass/Gold|Medium Torch,12,5.0,8,16 - 10mm,Triple Flange,Brass/Gold,Medium Torch,2.58,1.32,"Compact, quick, lean response",3.053,"Fast, disciplined touch response",0.911,Shorter note with firm response,1.087,simple:compact-quick-lean-response > shaped:fast-disciplined-touch-response > complex:shorter-note-firm-response,5.7,5.56,5.14,4.55,4.38,5.11,5,0.7,0.56,0.14,-0.45,-0.62,0.11,0,"A compact Heritage read with more bite, quicker sustain, leaner body, and a dry, immediate front edge than the reference build.","A seasoned, richer Heritage presentation with a balanced TorchTuned posture, while keeping the front edge firm and articulate.","Leaner and more controlled through the center than the benchmark Heritage build; a quicker, drier bite with a more defined front edge; Triple Flange hoops preserve more of the line’s native openness."
12x5.0 • 8 lugs • 16 - 10mm • Triple Flange • Brass/Gold • Blackened,12|5.0|8|16 - 10mm|Triple Flange|Brass/Gold|Blackened,12,5.0,8,16 - 10mm,Triple Flange,Brass/Gold,Blackened,2.97,1.59,"Compact, quick, lean response",3.03,"Fast, disciplined touch response",1.233,Shorter note with firm response,1.9015,simple:compact-quick-lean-response > shaped:fast-disciplined-touch-response > complex:shorter-note-firm-response,5.88,5.38,5.03,4.29,4.46,4.87,5.3,0.88,0.38,0.03,-0.71,-0.54,-0.13,0.3,"A compact, TorchTuned Heritage read: still lively from the smaller shell, but darker and more settled than the same build in a lighter finish.","A darker, richer Heritage presentation with a stronger TorchTuned imprint that favors firmer note control, slightly lower sensitivity, and a more unified shell response under heavier treatment, while keeping the front edge firm and articulate.","Leaner and more controlled through the center than the benchmark Heritage build; a quicker, drier bite with a more defined front edge; a shorter, tighter note shape; the Blackened finish adds a more contained center and slightly firmer shell behavior; Triple Flange hoops preserve more of the line’s native openness."
12x5.0 • 8 lugs • 16 - 10mm • Die-Cast • Chrome • Light Torch,12|5.0|8|16 - 10mm|Die-Cast|Chrome|Light Torch,12,5.0,8,16 - 10mm,Die-Cast,Chrome,Light Torch,3.96,1.88,"Compact, quick, lean response",3.889,"Fast, disciplined touch response",1.685,Shorter note with firm response,2.0905,simple:compact-quick-lean-response > shaped:fast-disciplined-touch-response > complex:shorter-note-firm-response,5.85,5.98,5.45,4.51,4.1,5.13,5.16,0.85,0.98,0.45,-0.49,-0.9,0.13,0.16,"A focused-but-open Heritage read: the die-cast hoops tighten the rim response, while the lighter TorchTune finish keeps more touch, air, and upper-shell liveliness in the voice.","A cleaner, classic Heritage presentation with a lighter TorchTuned imprint that preserves more openness, touch response, and a slightly freer shell reaction, while keeping the front edge firm and articulate.","Leaner and more controlled through the center than the benchmark Heritage build; a quicker, drier bite with a more defined front edge; Light Torch keeps more touch and liveliness while the die-cast hoops add rim focus; Die-Cast hoops add focus and containment."
12x5.0 • 8 lugs • 16 - 10mm • Die-Cast • Chrome • Medium Torch,12|5.0|8|16 - 10mm|Die-Cast|Chrome|Medium Torch,12,5.0,8,16 - 10mm,Die-Cast,Chrome,Medium Torch,4.31,1.85,"Compact, quick, lean response",3.733,"Fast, disciplined touch response",1.892,Shorter note with firm response,2.734,simple:compact-quick-lean-response > shaped:fast-disciplined-touch-response > complex:shorter-note-firm-response,6.03,5.8,5.34,4.25,4.18,4.89,5.46,1.03,0.8,0.34,-0.75,-0.82,-0.11,0.46,"A more focused Heritage read with firmer note shape, cleaner front edge, and tighter overall behavior.","A seasoned, classic Heritage presentation with a balanced TorchTuned posture, while keeping the front edge firm and articulate.","Leaner and more controlled through the center than the benchmark Heritage build; a quicker, drier bite with a more defined front edge; a shorter, tighter note shape; Die-Cast hoops add focus and containment."
12x5.0 • 8 lugs • 16 - 10mm • Die-Cast • Chrome • Blackened,12|5.0|8|16 - 10mm|Die-Cast|Chrome|Blackened,12,5.0,8,16 - 10mm,Die-Cast,Chrome,Blackened,4.92,2.22,"Compact, quick, lean response",3.71,"Fast, disciplined touch response",0.444,Shorter note with firm response,3.5485,simple:compact-quick-lean-response > shaped:fast-disciplined-touch-response > complex:shorter-note-firm-response,6.21,5.62,5.23,3.99,4.26,4.65,5.76,1.21,0.62,0.23,-1.01,-0.74,-0.35,0.76,"A more TorchTuned-forward Heritage read, where the heavier scorch treatment adds a firmer center, slightly tighter bloom, and a more settled shell response.","A darker, classic Heritage presentation with a stronger TorchTuned imprint that favors firmer note control, slightly lower sensitivity, and a more unified shell response under heavier treatment, while keeping the front edge firm and articulate.","Leaner and more controlled through the center than the benchmark Heritage build; a quicker, drier bite with a more defined front edge; a shorter, tighter note shape; the Blackened finish pushes the read toward stronger control and a more disciplined shell response; Die-Cast hoops add focus and containment."
12x5.0 • 8 lugs • 16 - 10mm • Die-Cast • Black Nickel • Light Torch,12|5.0|8|16 - 10mm|Die-Cast|Black Nickel|Light Torch,12,5.0,8,16 - 10mm,Die-Cast,Black Nickel,Light Torch,3.96,1.88,"Compact, quick, lean response",3.889,"Fast, disciplined touch response",1.685,Shorter note with firm response,2.0905,simple:compact-quick-lean-response > shaped:fast-disciplined-touch-response > complex:shorter-note-firm-response,5.85,5.98,5.45,4.51,4.1,5.13,5.16,0.85,0.98,0.45,-0.49,-0.9,0.13,0.16,"A focused-but-open Heritage read: the die-cast hoops tighten the rim response, while the lighter TorchTune finish keeps more touch, air, and upper-shell liveliness in the voice.","A cleaner, slightly more modern Heritage presentation with a lighter TorchTuned imprint that preserves more openness, touch response, and a slightly freer shell reaction, while keeping the front edge firm and articulate.","Leaner and more controlled through the center than the benchmark Heritage build; a quicker, drier bite with a more defined front edge; Light Torch keeps more touch and liveliness while the die-cast hoops add rim focus; Die-Cast hoops add focus and containment."
12x5.0 • 8 lugs • 16 - 10mm • Die-Cast • Black Nickel • Medium Torch,12|5.0|8|16 - 10mm|Die-Cast|Black Nickel|Medium Torch,12,5.0,8,16 - 10mm,Die-Cast,Black Nickel,Medium Torch,4.31,1.85,"Compact, quick, lean response",3.733,"Fast, disciplined touch response",1.892,Shorter note with firm response,2.734,simple:compact-quick-lean-response > shaped:fast-disciplined-touch-response > complex:shorter-note-firm-response,6.03,5.8,5.34,4.25,4.18,4.89,5.46,1.03,0.8,0.34,-0.75,-0.82,-0.11,0.46,"A more focused Heritage read with firmer note shape, cleaner front edge, and tighter overall behavior.","A seasoned, slightly more modern Heritage presentation with a balanced TorchTuned posture, while keeping the front edge firm and articulate.","Leaner and more controlled through the center than the benchmark Heritage build; a quicker, drier bite with a more defined front edge; a shorter, tighter note shape; Die-Cast hoops add focus and containment."
12x5.0 • 8 lugs • 16 - 10mm • Die-Cast • Black Nickel • Blackened,12|5.0|8|16 - 10mm|Die-Cast|Black Nickel|Blackened,12,5.0,8,16 - 10mm,Die-Cast,Black Nickel,Blackened,4.92,2.22,"Compact, quick, lean response",3.71,"Fast, disciplined touch response",0.444,Shorter note with firm response,3.5485,simple:compact-quick-lean-response > shaped:fast-disciplined-touch-response > complex:shorter-note-firm-response,6.21,5.62,5.23,3.99,4.26,4.65,5.76,1.21,0.62,0.23,-1.01,-0.74,-0.35,0.76,"A more TorchTuned-forward Heritage read, where the heavier scorch treatment adds a firmer center, slightly tighter bloom, and a more settled shell response.","A darker, slightly more modern Heritage presentation with a stronger TorchTuned imprint that favors firmer note control, slightly lower sensitivity, and a more unified shell response under heavier treatment, while keeping the front edge firm and articulate.","Leaner and more controlled through the center than the benchmark Heritage build; a quicker, drier bite with a more defined front edge; a shorter, tighter note shape; the Blackened finish pushes the read toward stronger control and a more disciplined shell response; Die-Cast hoops add focus and containment."
12x5.0 • 8 lugs • 16 - 10mm • Die-Cast • Brass/Gold • Light Torch,12|5.0|8|16 - 10mm|Die-Cast|Brass/Gold|Light Torch,12,5.0,8,16 - 10mm,Die-Cast,Brass/Gold,Light Torch,3.96,1.88,"Compact, quick, lean response",3.889,"Fast, disciplined touch response",1.685,Shorter note with firm response,2.0905,simple:compact-quick-lean-response > shaped:fast-disciplined-touch-response > complex:shorter-note-firm-response,5.85,5.98,5.45,4.51,4.1,5.13,5.16,0.85,0.98,0.45,-0.49,-0.9,0.13,0.16,"A focused-but-open Heritage read: the die-cast hoops tighten the rim response, while the lighter TorchTune finish keeps more touch, air, and upper-shell liveliness in the voice.","A cleaner, richer Heritage presentation with a lighter TorchTuned imprint that preserves more openness, touch response, and a slightly freer shell reaction, while keeping the front edge firm and articulate.","Leaner and more controlled through the center than the benchmark Heritage build; a quicker, drier bite with a more defined front edge; Light Torch keeps more touch and liveliness while the die-cast hoops add rim focus; Die-Cast hoops add focus and containment."
12x5.0 • 8 lugs • 16 - 10mm • Die-Cast • Brass/Gold • Medium Torch,12|5.0|8|16 - 10mm|Die-Cast|Brass/Gold|Medium Torch,12,5.0,8,16 - 10mm,Die-Cast,Brass/Gold,Medium Torch,4.31,1.85,"Compact, quick, lean response",3.733,"Fast, disciplined touch response",1.892,Shorter note with firm response,2.734,simple:compact-quick-lean-response > shaped:fast-disciplined-touch-response > complex:shorter-note-firm-response,6.03,5.8,5.34,4.25,4.18,4.89,5.46,1.03,0.8,0.34,-0.75,-0.82,-0.11,0.46,"A more focused Heritage read with firmer note shape, cleaner front edge, and tighter overall behavior.","A seasoned, richer Heritage presentation with a balanced TorchTuned posture, while keeping the front edge firm and articulate.","Leaner and more controlled through the center than the benchmark Heritage build; a quicker, drier bite with a more defined front edge; a shorter, tighter note shape; Die-Cast hoops add focus and containment."
12x5.0 • 8 lugs • 16 - 10mm • Die-Cast • Brass/Gold • Blackened,12|5.0|8|16 - 10mm|Die-Cast|Brass/Gold|Blackened,12,5.0,8,16 - 10mm,Die-Cast,Brass/Gold,Blackened,4.92,2.22,"Compact, quick, lean response",3.71,"Fast, disciplined touch response",0.444,Shorter note with firm response,3.5485,simple:compact-quick-lean-response > shaped:fast-disciplined-touch-response > complex:shorter-note-firm-response,6.21,5.62,5.23,3.99,4.26,4.65,5.76,1.21,0.62,0.23,-1.01,-0.74,-0.35,0.76,"A more TorchTuned-forward Heritage read, where the heavier scorch treatment adds a firmer center, slightly tighter bloom, and a more settled shell response.","A darker, richer Heritage presentation with a stronger TorchTuned imprint that favors firmer note control, slightly lower sensitivity, and a more unified shell response under heavier treatment, while keeping the front edge firm and articulate.","Leaner and more controlled through the center than the benchmark Heritage build; a quicker, drier bite with a more defined front edge; a shorter, tighter note shape; the Blackened finish pushes the read toward stronger control and a more disciplined shell response; Die-Cast hoops add focus and containment."
12x5.5 • 6 lugs • 12 - 8mm + $150 (Re-Rings Required) • Triple Flange • Chrome • Light Torch,12|5.5|6|12 - 8mm + $150 (Re-Rings Required)|Triple Flange|Chrome|Light Torch,12,5.5,6,12 - 8mm + $150 (Re-Rings Required),Triple Flange,Chrome,Light Torch,2.85,1.38,Lively touch with open detail,1.8295,"Expressive, blooming response",1.836,"Wide, open Heritage bloom",1.498,simple:lively-touch-open-detail > shaped:expressive-blooming-response > complex:wide-open-heritage-bloom,4.79,5.33,4.83,5.61,4.85,5.77,4.39,-0.21,0.33,-0.17,0.61,-0.15,0.77,-0.61,"A more open Heritage read, where the lighter torch treatment preserves extra liveliness, touch response, and a slightly freer bloom through the shell.","A cleaner, classic Heritage presentation with a lighter TorchTuned imprint that preserves more openness, touch response, and a slightly freer shell reaction, while keeping the shell-first balance intact.",Noticeably shifted away from the benchmark Heritage center; the lighter TorchTune finish preserves more touch response and a freer shell reaction; the deeper 12-inch re-ring shell keeps studio warmth and balance; Triple Flange hoops preserve more of the line’s native openness.
12x5.5 • 6 lugs • 12 - 8mm + $150 (Re-Rings Required) • Triple Flange • Chrome • Medium Torch,12|5.5|6|12 - 8mm + $150 (Re-Rings Required)|Triple Flange|Chrome|Medium Torch,12,5.5,6,12 - 8mm + $150 (Re-Rings Required),Triple Flange,Chrome,Medium Torch,1.72,0.84,"Compact, quick, lean response",1.483,"Expressive, blooming response",1.013,"Dark, complex Heritage bloom",1.2045,simple:compact-quick-lean-response > shaped:expressive-blooming-response > complex:dark-complex-heritage-bloom,4.97,5.15,4.72,5.35,4.93,5.53,4.69,-0.03,0.15,-0.28,0.35,-0.07,0.53,-0.31,"A balanced Heritage read with natural openness, grounded body, and classic shell-first response.","A seasoned, classic Heritage presentation with a balanced TorchTuned posture, while keeping the shell-first balance intact.",Close to the benchmark Heritage warmth posture; the Medium Torch benchmark keeps the line centered between openness and control; the deeper 12-inch re-ring shell keeps studio warmth and balance; Triple Flange hoops preserve more of the line’s native openness.
12x5.5 • 6 lugs • 12 - 8mm + $150 (Re-Rings Required) • Triple Flange • Chrome • Blackened,12|5.5|6|12 - 8mm + $150 (Re-Rings Required)|Triple Flange|Chrome|Blackened,12,5.5,6,12 - 8mm + $150 (Re-Rings Required),Triple Flange,Chrome,Blackened,0.97,0.68,"Compact, quick, lean response",1.443,"Fast, disciplined touch response",0.545,Balanced Heritage center,2.3125,simple:compact-quick-lean-response > shaped:fast-disciplined-touch-response > complex:balanced-heritage-center,5.15,4.97,4.61,5.09,5.01,5.29,4.99,0.15,-0.03,-0.39,0.09,0.01,0.29,-0.01,"A compact, TorchTuned Heritage read: still lively from the smaller shell, but darker and more settled than the same build in a lighter finish.","A darker, classic Heritage presentation with a stronger TorchTuned imprint that favors firmer note control, slightly lower sensitivity, and a more unified shell response under heavier treatment, while keeping the shell-first balance intact.",Close to the benchmark Heritage warmth posture; the deeper 12-inch re-ring shell keeps studio warmth and balance; Triple Flange hoops preserve more of the line’s native openness.
12x5.5 • 6 lugs • 12 - 8mm + $150 (Re-Rings Required) • Triple Flange • Black Nickel • Light Torch,12|5.5|6|12 - 8mm + $150 (Re-Rings Required)|Triple Flange|Black Nickel|Light Torch,12,5.5,6,12 - 8mm + $150 (Re-Rings Required),Triple Flange,Black Nickel,Light Torch,2.85,1.38,Lively touch with open detail,1.8295,"Expressive, blooming response",1.836,"Wide, open Heritage bloom",1.498,simple:lively-touch-open-detail > shaped:expressive-blooming-response > complex:wide-open-heritage-bloom,4.79,5.33,4.83,5.61,4.85,5.77,4.39,-0.21,0.33,-0.17,0.61,-0.15,0.77,-0.61,"A more open Heritage read, where the lighter torch treatment preserves extra liveliness, touch response, and a slightly freer bloom through the shell.","A cleaner, slightly more modern Heritage presentation with a lighter TorchTuned imprint that preserves more openness, touch response, and a slightly freer shell reaction, while keeping the shell-first balance intact.",Noticeably shifted away from the benchmark Heritage center; the lighter TorchTune finish preserves more touch response and a freer shell reaction; the deeper 12-inch re-ring shell keeps studio warmth and balance; Triple Flange hoops preserve more of the line’s native openness.
12x5.5 • 6 lugs • 12 - 8mm + $150 (Re-Rings Required) • Triple Flange • Black Nickel • Medium Torch,12|5.5|6|12 - 8mm + $150 (Re-Rings Required)|Triple Flange|Black Nickel|Medium Torch,12,5.5,6,12 - 8mm + $150 (Re-Rings Required),Triple Flange,Black Nickel,Medium Torch,1.72,0.84,"Compact, quick, lean response",1.483,"Expressive, blooming response",1.013,"Dark, complex Heritage bloom",1.2045,simple:compact-quick-lean-response > shaped:expressive-blooming-response > complex:dark-complex-heritage-bloom,4.97,5.15,4.72,5.35,4.93,5.53,4.69,-0.03,0.15,-0.28,0.35,-0.07,0.53,-0.31,"A balanced Heritage read with natural openness, grounded body, and classic shell-first response.","A seasoned, slightly more modern Heritage presentation with a balanced TorchTuned posture, while keeping the shell-first balance intact.",Close to the benchmark Heritage warmth posture; the Medium Torch benchmark keeps the line centered between openness and control; the deeper 12-inch re-ring shell keeps studio warmth and balance; Triple Flange hoops preserve more of the line’s native openness.
12x5.5 • 6 lugs • 12 - 8mm + $150 (Re-Rings Required) • Triple Flange • Black Nickel • Blackened,12|5.5|6|12 - 8mm + $150 (Re-Rings Required)|Triple Flange|Black Nickel|Blackened,12,5.5,6,12 - 8mm + $150 (Re-Rings Required),Triple Flange,Black Nickel,Blackened,0.97,0.68,"Compact, quick, lean response",1.443,"Fast, disciplined touch response",0.545,Balanced Heritage center,2.3125,simple:compact-quick-lean-response > shaped:fast-disciplined-touch-response > complex:balanced-heritage-center,5.15,4.97,4.61,5.09,5.01,5.29,4.99,0.15,-0.03,-0.39,0.09,0.01,0.29,-0.01,"A compact, TorchTuned Heritage read: still lively from the smaller shell, but darker and more settled than the same build in a lighter finish.","A darker, slightly more modern Heritage presentation with a stronger TorchTuned imprint that favors firmer note control, slightly lower sensitivity, and a more unified shell response under heavier treatment, while keeping the shell-first balance intact.",Close to the benchmark Heritage warmth posture; the deeper 12-inch re-ring shell keeps studio warmth and balance; Triple Flange hoops preserve more of the line’s native openness.
12x5.5 • 6 lugs • 12 - 8mm + $150 (Re-Rings Required) • Triple Flange • Brass/Gold • Light Torch,12|5.5|6|12 - 8mm + $150 (Re-Rings Required)|Triple Flange|Brass/Gold|Light Torch,12,5.5,6,12 - 8mm + $150 (Re-Rings Required),Triple Flange,Brass/Gold,Light Torch,2.85,1.38,Lively touch with open detail,1.8295,"Expressive, blooming response",1.836,"Wide, open Heritage bloom",1.498,simple:lively-touch-open-detail > shaped:expressive-blooming-response > complex:wide-open-heritage-bloom,4.79,5.33,4.83,5.61,4.85,5.77,4.39,-0.21,0.33,-0.17,0.61,-0.15,0.77,-0.61,"A more open Heritage read, where the lighter torch treatment preserves extra liveliness, touch response, and a slightly freer bloom through the shell.","A cleaner, richer Heritage presentation with a lighter TorchTuned imprint that preserves more openness, touch response, and a slightly freer shell reaction, while keeping the shell-first balance intact.",Noticeably shifted away from the benchmark Heritage center; the lighter TorchTune finish preserves more touch response and a freer shell reaction; the deeper 12-inch re-ring shell keeps studio warmth and balance; Triple Flange hoops preserve more of the line’s native openness.
12x5.5 • 6 lugs • 12 - 8mm + $150 (Re-Rings Required) • Triple Flange • Brass/Gold • Medium Torch,12|5.5|6|12 - 8mm + $150 (Re-Rings Required)|Triple Flange|Brass/Gold|Medium Torch,12,5.5,6,12 - 8mm + $150 (Re-Rings Required),Triple Flange,Brass/Gold,Medium Torch,1.72,0.84,"Compact, quick, lean response",1.483,"Expressive, blooming response",1.013,"Dark, complex Heritage bloom",1.2045,simple:compact-quick-lean-response > shaped:expressive-blooming-response > complex:dark-complex-heritage-bloom,4.97,5.15,4.72,5.35,4.93,5.53,4.69,-0.03,0.15,-0.28,0.35,-0.07,0.53,-0.31,"A balanced Heritage read with natural openness, grounded body, and classic shell-first response.","A seasoned, richer Heritage presentation with a balanced TorchTuned posture, while keeping the shell-first balance intact.",Close to the benchmark Heritage warmth posture; the Medium Torch benchmark keeps the line centered between openness and control; the deeper 12-inch re-ring shell keeps studio warmth and balance; Triple Flange hoops preserve more of the line’s native openness.
12x5.5 • 6 lugs • 12 - 8mm + $150 (Re-Rings Required) • Triple Flange • Brass/Gold • Blackened,12|5.5|6|12 - 8mm + $150 (Re-Rings Required)|Triple Flange|Brass/Gold|Blackened,12,5.5,6,12 - 8mm + $150 (Re-Rings Required),Triple Flange,Brass/Gold,Blackened,0.97,0.68,"Compact, quick, lean response",1.443,"Fast, disciplined touch response",0.545,Balanced Heritage center,2.3125,simple:compact-quick-lean-response > shaped:fast-disciplined-touch-response > complex:balanced-heritage-center,5.15,4.97,4.61,5.09,5.01,5.29,4.99,0.15,-0.03,-0.39,0.09,0.01,0.29,-0.01,"A compact, TorchTuned Heritage read: still lively from the smaller shell, but darker and more settled than the same build in a lighter finish.","A darker, richer Heritage presentation with a stronger TorchTuned imprint that favors firmer note control, slightly lower sensitivity, and a more unified shell response under heavier treatment, while keeping the shell-first balance intact.",Close to the benchmark Heritage warmth posture; the deeper 12-inch re-ring shell keeps studio warmth and balance; Triple Flange hoops preserve more of the line’s native openness.
12x5.5 • 6 lugs • 12 - 8mm + $150 (Re-Rings Required) • Die-Cast • Chrome • Light Torch,12|5.5|6|12 - 8mm + $150 (Re-Rings Required)|Die-Cast|Chrome|Light Torch,12,5.5,6,12 - 8mm + $150 (Re-Rings Required),Die-Cast,Chrome,Light Torch,2.07,0.91,"Compact, quick, lean response",2.2905,"Fast, disciplined touch response",1.293,Balanced Heritage center,,simple:compact-quick-lean-response > shaped:fast-disciplined-touch-response > complex:balanced-heritage-center,5.13,5.57,5.02,5.3,4.66,5.53,4.82,0.13,0.57,0.02,0.3,-0.34,0.53,-0.18,"A focused-but-open Heritage read: the die-cast hoops tighten the rim response, while the lighter TorchTune finish keeps more touch, air, and upper-shell liveliness in the voice.","A cleaner, classic Heritage presentation with a lighter TorchTuned imprint that preserves more openness, touch response, and a slightly freer shell reaction, while keeping the shell-first balance intact.",Noticeably shifted away from the benchmark Heritage center; Light Torch keeps more touch and liveliness while the die-cast hoops add rim focus; the deeper 12-inch re-ring shell keeps studio warmth and balance; Die-Cast hoops add focus and containment.
12x5.5 • 6 lugs • 12 - 8mm + $150 (Re-Rings Required) • Die-Cast • Chrome • Medium Torch,12|5.5|6|12 - 8mm + $150 (Re-Rings Required)|Die-Cast|Chrome|Medium Torch,12,5.5,6,12 - 8mm + $150 (Re-Rings Required),Die-Cast,Chrome,Medium Torch,1.5,0.65,"Compact, quick, lean response",2.1345,"Fast, disciplined touch response",1.228,Shorter note with firm response,1.2535,simple:compact-quick-lean-response > shaped:fast-disciplined-touch-response > complex:shorter-note-firm-response,5.31,5.39,4.91,5.04,4.74,5.29,5.12,0.31,0.39,-0.09,0.04,-0.26,0.29,0.12,"A more focused Heritage read with firmer note shape, cleaner front edge, and tighter overall behavior.","A seasoned, classic Heritage presentation with a balanced TorchTuned posture, while keeping the shell-first balance intact.",Close to the benchmark Heritage warmth posture; the Medium Torch benchmark keeps the line centered between openness and control; the deeper 12-inch re-ring shell keeps studio warmth and balance; Die-Cast hoops add focus and containment.
12x5.5 • 6 lugs • 12 - 8mm + $150 (Re-Rings Required) • Die-Cast • Chrome • Blackened,12|5.5|6|12 - 8mm + $150 (Re-Rings Required)|Die-Cast|Chrome|Blackened,12,5.5,6,12 - 8mm + $150 (Re-Rings Required),Die-Cast,Chrome,Blackened,1.77,0.71,"Compact, quick, lean response",2.1115,"Fast, disciplined touch response",1.42,Shorter note with firm response,2.149,simple:compact-quick-lean-response > shaped:fast-disciplined-touch-response > complex:shorter-note-firm-response,5.49,5.21,4.8,4.78,4.82,5.05,5.42,0.49,0.21,-0.2,-0.22,-0.18,0.05,0.42,"A more TorchTuned-forward Heritage read, where the heavier scorch treatment adds a firmer center, slightly tighter bloom, and a more settled shell response.","A darker, classic Heritage presentation with a stronger TorchTuned imprint that favors firmer note control, slightly lower sensitivity, and a more unified shell response under heavier treatment, while keeping the shell-first balance intact.",Close to the benchmark Heritage warmth posture; the Blackened finish adds a more contained center and slightly firmer shell behavior; the deeper 12-inch re-ring shell keeps studio warmth and balance; Die-Cast hoops add focus and containment.
12x5.5 • 6 lugs • 12 - 8mm + $150 (Re-Rings Required) • Die-Cast • Black Nickel • Light Torch,12|5.5|6|12 - 8mm + $150 (Re-Rings Required)|Die-Cast|Black Nickel|Light Torch,12,5.5,6,12 - 8mm + $150 (Re-Rings Required),Die-Cast,Black Nickel,Light Torch,2.07,0.91,"Compact, quick, lean response",2.2905,"Fast, disciplined touch response",1.293,Balanced Heritage center,,simple:compact-quick-lean-response > shaped:fast-disciplined-touch-response > complex:balanced-heritage-center,5.13,5.57,5.02,5.3,4.66,5.53,4.82,0.13,0.57,0.02,0.3,-0.34,0.53,-0.18,"A focused-but-open Heritage read: the die-cast hoops tighten the rim response, while the lighter TorchTune finish keeps more touch, air, and upper-shell liveliness in the voice.","A cleaner, slightly more modern Heritage presentation with a lighter TorchTuned imprint that preserves more openness, touch response, and a slightly freer shell reaction, while keeping the shell-first balance intact.",Noticeably shifted away from the benchmark Heritage center; Light Torch keeps more touch and liveliness while the die-cast hoops add rim focus; the deeper 12-inch re-ring shell keeps studio warmth and balance; Die-Cast hoops add focus and containment.
12x5.5 • 6 lugs • 12 - 8mm + $150 (Re-Rings Required) • Die-Cast • Black Nickel • Medium Torch,12|5.5|6|12 - 8mm + $150 (Re-Rings Required)|Die-Cast|Black Nickel|Medium Torch,12,5.5,6,12 - 8mm + $150 (Re-Rings Required),Die-Cast,Black Nickel,Medium Torch,1.5,0.65,"Compact, quick, lean response",2.1345,"Fast, disciplined touch response",1.228,Shorter note with firm response,1.2535,simple:compact-quick-lean-response > shaped:fast-disciplined-touch-response > complex:shorter-note-firm-response,5.31,5.39,4.91,5.04,4.74,5.29,5.12,0.31,0.39,-0.09,0.04,-0.26,0.29,0.12,"A more focused Heritage read with firmer note shape, cleaner front edge, and tighter overall behavior.","A seasoned, slightly more modern Heritage presentation with a balanced TorchTuned posture, while keeping the shell-first balance intact.",Close to the benchmark Heritage warmth posture; the Medium Torch benchmark keeps the line centered between openness and control; the deeper 12-inch re-ring shell keeps studio warmth and balance; Die-Cast hoops add focus and containment.
12x5.5 • 6 lugs • 12 - 8mm + $150 (Re-Rings Required) • Die-Cast • Black Nickel • Blackened,12|5.5|6|12 - 8mm + $150 (Re-Rings Required)|Die-Cast|Black Nickel|Blackened,12,5.5,6,12 - 8mm + $150 (Re-Rings Required),Die-Cast,Black Nickel,Blackened,1.77,0.71,"Compact, quick, lean response",2.1115,"Fast, disciplined touch response",1.42,Shorter note with firm response,2.149,simple:compact-quick-lean-response > shaped:fast-disciplined-touch-response > complex:shorter-note-firm-response,5.49,5.21,4.8,4.78,4.82,5.05,5.42,0.49,0.21,-0.2,-0.22,-0.18,0.05,0.42,"A more TorchTuned-forward Heritage read, where the heavier scorch treatment adds a firmer center, slightly tighter bloom, and a more settled shell response.","A darker, slightly more modern Heritage presentation with a stronger TorchTuned imprint that favors firmer note control, slightly lower sensitivity, and a more unified shell response under heavier treatment, while keeping the shell-first balance intact.",Close to the benchmark Heritage warmth posture; the Blackened finish adds a more contained center and slightly firmer shell behavior; the deeper 12-inch re-ring shell keeps studio warmth and balance; Die-Cast hoops add focus and containment.
12x5.5 • 6 lugs • 12 - 8mm + $150 (Re-Rings Required) • Die-Cast • Brass/Gold • Light Torch,12|5.5|6|12 - 8mm + $150 (Re-Rings Required)|Die-Cast|Brass/Gold|Light Torch,12,5.5,6,12 - 8mm + $150 (Re-Rings Required),Die-Cast,Brass/Gold,Light Torch,2.07,0.91,"Compact, quick, lean response",2.2905,"Fast, disciplined touch response",1.293,Balanced Heritage center,,simple:compact-quick-lean-response > shaped:fast-disciplined-touch-response > complex:balanced-heritage-center,5.13,5.57,5.02,5.3,4.66,5.53,4.82,0.13,0.57,0.02,0.3,-0.34,0.53,-0.18,"A focused-but-open Heritage read: the die-cast hoops tighten the rim response, while the lighter TorchTune finish keeps more touch, air, and upper-shell liveliness in the voice.","A cleaner, richer Heritage presentation with a lighter TorchTuned imprint that preserves more openness, touch response, and a slightly freer shell reaction, while keeping the shell-first balance intact.",Noticeably shifted away from the benchmark Heritage center; Light Torch keeps more touch and liveliness while the die-cast hoops add rim focus; the deeper 12-inch re-ring shell keeps studio warmth and balance; Die-Cast hoops add focus and containment.
12x5.5 • 6 lugs • 12 - 8mm + $150 (Re-Rings Required) • Die-Cast • Brass/Gold • Medium Torch,12|5.5|6|12 - 8mm + $150 (Re-Rings Required)|Die-Cast|Brass/Gold|Medium Torch,12,5.5,6,12 - 8mm + $150 (Re-Rings Required),Die-Cast,Brass/Gold,Medium Torch,1.5,0.65,"Compact, quick, lean response",2.1345,"Fast, disciplined touch response",1.228,Shorter note with firm response,1.2535,simple:compact-quick-lean-response > shaped:fast-disciplined-touch-response > complex:shorter-note-firm-response,5.31,5.39,4.91,5.04,4.74,5.29,5.12,0.31,0.39,-0.09,0.04,-0.26,0.29,0.12,"A more focused Heritage read with firmer note shape, cleaner front edge, and tighter overall behavior.","A seasoned, richer Heritage presentation with a balanced TorchTuned posture, while keeping the shell-first balance intact.",Close to the benchmark Heritage warmth posture; the Medium Torch benchmark keeps the line centered between openness and control; the deeper 12-inch re-ring shell keeps studio warmth and balance; Die-Cast hoops add focus and containment.
12x5.5 • 6 lugs • 12 - 8mm + $150 (Re-Rings Required) • Die-Cast • Brass/Gold • Blackened,12|5.5|6|12 - 8mm + $150 (Re-Rings Required)|Die-Cast|Brass/Gold|Blackened,12,5.5,6,12 - 8mm + $150 (Re-Rings Required),Die-Cast,Brass/Gold,Blackened,1.77,0.71,"Compact, quick, lean response",2.1115,"Fast, disciplined touch response",1.42,Shorter note with firm response,2.149,simple:compact-quick-lean-response > shaped:fast-disciplined-touch-response > complex:shorter-note-firm-response,5.49,5.21,4.8,4.78,4.82,5.05,5.42,0.49,0.21,-0.2,-0.22,-0.18,0.05,0.42,"A more TorchTuned-forward Heritage read, where the heavier scorch treatment adds a firmer center, slightly tighter bloom, and a more settled shell response.","A darker, richer Heritage presentation with a stronger TorchTuned imprint that favors firmer note control, slightly lower sensitivity, and a more unified shell response under heavier treatment, while keeping the shell-first balance intact.",Close to the benchmark Heritage warmth posture; the Blackened finish adds a more contained center and slightly firmer shell behavior; the deeper 12-inch re-ring shell keeps studio warmth and balance; Die-Cast hoops add focus and containment.
12x5.5 • 8 lugs • 16 - 10mm • Triple Flange • Chrome • Light Torch,12|5.5|8|16 - 10mm|Triple Flange|Chrome|Light Torch,12,5.5,8,16 - 10mm,Triple Flange,Chrome,Light Torch,2.58,1.15,"Compact, quick, lean response",2.6725,"Expressive, blooming response",,Balanced Heritage center,,simple:compact-quick-lean-response > shaped:expressive-blooming-response > complex:balanced-heritage-center,5.41,5.64,5.33,4.96,4.49,5.32,4.67,0.41,0.64,0.33,-0.04,-0.51,0.32,-0.33,"A more open Heritage read, where the lighter torch treatment preserves extra liveliness, touch response, and a slightly freer bloom through the shell.","A cleaner, classic Heritage presentation with a lighter TorchTuned imprint that preserves more openness, touch response, and a slightly freer shell reaction, while keeping the shell-first balance intact.",Leaner and more controlled through the center than the benchmark Heritage build; the lighter TorchTune finish preserves more touch response and a freer shell reaction; Triple Flange hoops preserve more of the line’s native openness.
12x5.5 • 8 lugs • 16 - 10mm • Triple Flange • Chrome • Medium Torch,12|5.5|8|16 - 10mm|Triple Flange|Chrome|Medium Torch,12,5.5,8,16 - 10mm,Triple Flange,Chrome,Medium Torch,2.11,1.02,"Compact, quick, lean response",2.5165,"Fast, disciplined touch response",0.782,Shorter note with firm response,0.893,simple:compact-quick-lean-response > shaped:fast-disciplined-touch-response > complex:shorter-note-firm-response,5.59,5.46,5.22,4.7,4.57,5.08,4.97,0.59,0.46,0.22,-0.3,-0.43,0.08,-0.03,"A compact Heritage read with more bite, quicker sustain, leaner body, and a dry, immediate front edge than the reference build.","A seasoned, classic Heritage presentation with a balanced TorchTuned posture, while keeping the shell-first balance intact.",Noticeably shifted away from the benchmark Heritage center; Triple Flange hoops preserve more of the line’s native openness.
12x5.5 • 8 lugs • 16 - 10mm • Triple Flange • Chrome • Blackened,12|5.5|8|16 - 10mm|Triple Flange|Chrome|Blackened,12,5.5,8,16 - 10mm,Triple Flange,Chrome,Blackened,2.5,1.33,"Compact, quick, lean response",2.4935,"Fast, disciplined touch response",1.107,Shorter note with firm response,1.6775,simple:compact-quick-lean-response > shaped:fast-disciplined-touch-response > complex:shorter-note-firm-response,5.77,5.28,5.11,4.44,4.65,4.84,5.27,0.77,0.28,0.11,-0.56,-0.35,-0.16,0.27,"A compact, TorchTuned Heritage read: still lively from the smaller shell, but darker and more settled than the same build in a lighter finish.","A darker, classic Heritage presentation with a stronger TorchTuned imprint that favors firmer note control, slightly lower sensitivity, and a more unified shell response under heavier treatment, while keeping the front edge firm and articulate.","Noticeably shifted away from the benchmark Heritage center; a quicker, drier bite with a more defined front edge; the Blackened finish adds a more contained center and slightly firmer shell behavior; Triple Flange hoops preserve more of the line’s native openness."
12x5.5 • 8 lugs • 16 - 10mm • Triple Flange • Black Nickel • Light Torch,12|5.5|8|16 - 10mm|Triple Flange|Black Nickel|Light Torch,12,5.5,8,16 - 10mm,Triple Flange,Black Nickel,Light Torch,2.58,1.15,"Compact, quick, lean response",2.6725,"Expressive, blooming response",,Balanced Heritage center,,simple:compact-quick-lean-response > shaped:expressive-blooming-response > complex:balanced-heritage-center,5.41,5.64,5.33,4.96,4.49,5.32,4.67,0.41,0.64,0.33,-0.04,-0.51,0.32,-0.33,"A more open Heritage read, where the lighter torch treatment preserves extra liveliness, touch response, and a slightly freer bloom through the shell.","A cleaner, slightly more modern Heritage presentation with a lighter TorchTuned imprint that preserves more openness, touch response, and a slightly freer shell reaction, while keeping the shell-first balance intact.",Leaner and more controlled through the center than the benchmark Heritage build; the lighter TorchTune finish preserves more touch response and a freer shell reaction; Triple Flange hoops preserve more of the line’s native openness.
12x5.5 • 8 lugs • 16 - 10mm • Triple Flange • Black Nickel • Medium Torch,12|5.5|8|16 - 10mm|Triple Flange|Black Nickel|Medium Torch,12,5.5,8,16 - 10mm,Triple Flange,Black Nickel,Medium Torch,2.11,1.02,"Compact, quick, lean response",2.5165,"Fast, disciplined touch response",0.782,Shorter note with firm response,0.893,simple:compact-quick-lean-response > shaped:fast-disciplined-touch-response > complex:shorter-note-firm-response,5.59,5.46,5.22,4.7,4.57,5.08,4.97,0.59,0.46,0.22,-0.3,-0.43,0.08,-0.03,"A compact Heritage read with more bite, quicker sustain, leaner body, and a dry, immediate front edge than the reference build.","A seasoned, slightly more modern Heritage presentation with a balanced TorchTuned posture, while keeping the shell-first balance intact.",Noticeably shifted away from the benchmark Heritage center; Triple Flange hoops preserve more of the line’s native openness.
12x5.5 • 8 lugs • 16 - 10mm • Triple Flange • Black Nickel • Blackened,12|5.5|8|16 - 10mm|Triple Flange|Black Nickel|Blackened,12,5.5,8,16 - 10mm,Triple Flange,Black Nickel,Blackened,2.5,1.33,"Compact, quick, lean response",2.4935,"Fast, disciplined touch response",1.107,Shorter note with firm response,1.6775,simple:compact-quick-lean-response > shaped:fast-disciplined-touch-response > complex:shorter-note-firm-response,5.77,5.28,5.11,4.44,4.65,4.84,5.27,0.77,0.28,0.11,-0.56,-0.35,-0.16,0.27,"A compact, TorchTuned Heritage read: still lively from the smaller shell, but darker and more settled than the same build in a lighter finish.","A darker, slightly more modern Heritage presentation with a stronger TorchTuned imprint that favors firmer note control, slightly lower sensitivity, and a more unified shell response under heavier treatment, while keeping the front edge firm and articulate.","Noticeably shifted away from the benchmark Heritage center; a quicker, drier bite with a more defined front edge; the Blackened finish adds a more contained center and slightly firmer shell behavior; Triple Flange hoops preserve more of the line’s native openness."
12x5.5 • 8 lugs • 16 - 10mm • Triple Flange • Brass/Gold • Light Torch,12|5.5|8|16 - 10mm|Triple Flange|Brass/Gold|Light Torch,12,5.5,8,16 - 10mm,Triple Flange,Brass/Gold,Light Torch,2.58,1.15,"Compact, quick, lean response",2.6725,"Expressive, blooming response",,Balanced Heritage center,,simple:compact-quick-lean-response > shaped:expressive-blooming-response > complex:balanced-heritage-center,5.41,5.64,5.33,4.96,4.49,5.32,4.67,0.41,0.64,0.33,-0.04,-0.51,0.32,-0.33,"A more open Heritage read, where the lighter torch treatment preserves extra liveliness, touch response, and a slightly freer bloom through the shell.","A cleaner, richer Heritage presentation with a lighter TorchTuned imprint that preserves more openness, touch response, and a slightly freer shell reaction, while keeping the shell-first balance intact.",Leaner and more controlled through the center than the benchmark Heritage build; the lighter TorchTune finish preserves more touch response and a freer shell reaction; Triple Flange hoops preserve more of the line’s native openness.
12x5.5 • 8 lugs • 16 - 10mm • Triple Flange • Brass/Gold • Medium Torch,12|5.5|8|16 - 10mm|Triple Flange|Brass/Gold|Medium Torch,12,5.5,8,16 - 10mm,Triple Flange,Brass/Gold,Medium Torch,2.11,1.02,"Compact, quick, lean response",2.5165,"Fast, disciplined touch response",0.782,Shorter note with firm response,0.893,simple:compact-quick-lean-response > shaped:fast-disciplined-touch-response > complex:shorter-note-firm-response,5.59,5.46,5.22,4.7,4.57,5.08,4.97,0.59,0.46,0.22,-0.3,-0.43,0.08,-0.03,"A compact Heritage read with more bite, quicker sustain, leaner body, and a dry, immediate front edge than the reference build.","A seasoned, richer Heritage presentation with a balanced TorchTuned posture, while keeping the shell-first balance intact.",Noticeably shifted away from the benchmark Heritage center; Triple Flange hoops preserve more of the line’s native openness.
12x5.5 • 8 lugs • 16 - 10mm • Triple Flange • Brass/Gold • Blackened,12|5.5|8|16 - 10mm|Triple Flange|Brass/Gold|Blackened,12,5.5,8,16 - 10mm,Triple Flange,Brass/Gold,Blackened,2.5,1.33,"Compact, quick, lean response",2.4935,"Fast, disciplined touch response",1.107,Shorter note with firm response,1.6775,simple:compact-quick-lean-response > shaped:fast-disciplined-touch-response > complex:shorter-note-firm-response,5.77,5.28,5.11,4.44,4.65,4.84,5.27,0.77,0.28,0.11,-0.56,-0.35,-0.16,0.27,"A compact, TorchTuned Heritage read: still lively from the smaller shell, but darker and more settled than the same build in a lighter finish.","A darker, richer Heritage presentation with a stronger TorchTuned imprint that favors firmer note control, slightly lower sensitivity, and a more unified shell response under heavier treatment, while keeping the front edge firm and articulate.","Noticeably shifted away from the benchmark Heritage center; a quicker, drier bite with a more defined front edge; the Blackened finish adds a more contained center and slightly firmer shell behavior; Triple Flange hoops preserve more of the line’s native openness."
12x5.5 • 8 lugs • 16 - 10mm • Die-Cast • Chrome • Light Torch,12|5.5|8|16 - 10mm|Die-Cast|Chrome|Light Torch,12,5.5,8,16 - 10mm,Die-Cast,Chrome,Light Torch,3.44,1.59,"Compact, quick, lean response",3.3625,"Fast, disciplined touch response",1.547,Shorter note with firm response,1.8745,simple:compact-quick-lean-response > shaped:fast-disciplined-touch-response > complex:shorter-note-firm-response,5.75,5.88,5.53,4.67,4.29,5.1,5.14,0.75,0.88,0.53,-0.33,-0.71,0.1,0.14,"A focused-but-open Heritage read: the die-cast hoops tighten the rim response, while the lighter TorchTune finish keeps more touch, air, and upper-shell liveliness in the voice.","A cleaner, classic Heritage presentation with a lighter TorchTuned imprint that preserves more openness, touch response, and a slightly freer shell reaction, while keeping the front edge firm and articulate.","Leaner and more controlled through the center than the benchmark Heritage build; a quicker, drier bite with a more defined front edge; Light Torch keeps more touch and liveliness while the die-cast hoops add rim focus; Die-Cast hoops add focus and containment."
12x5.5 • 8 lugs • 16 - 10mm • Die-Cast • Chrome • Medium Torch,12|5.5|8|16 - 10mm|Die-Cast|Chrome|Medium Torch,12,5.5,8,16 - 10mm,Die-Cast,Chrome,Medium Torch,3.85,1.56,"Compact, quick, lean response",3.2065,"Fast, disciplined touch response",1.784,Shorter note with firm response,2.518,simple:compact-quick-lean-response > shaped:fast-disciplined-touch-response > complex:shorter-note-firm-response,5.93,5.7,5.42,4.41,4.37,4.86,5.44,0.93,0.7,0.42,-0.59,-0.63,-0.14,0.44,"A more focused Heritage read with firmer note shape, cleaner front edge, and tighter overall behavior.","A seasoned, classic Heritage presentation with a balanced TorchTuned posture, while keeping the front edge firm and articulate.","Leaner and more controlled through the center than the benchmark Heritage build; a quicker, drier bite with a more defined front edge; Die-Cast hoops add focus and containment."
12x5.5 • 8 lugs • 16 - 10mm • Die-Cast • Chrome • Blackened,12|5.5|8|16 - 10mm|Die-Cast|Chrome|Blackened,12,5.5,8,16 - 10mm,Die-Cast,Chrome,Blackened,4.46,1.96,"Compact, quick, lean response",3.1835,"Fast, disciplined touch response",0.2655,Shorter note with firm response,3.3325,simple:compact-quick-lean-response > shaped:fast-disciplined-touch-response > complex:shorter-note-firm-response,6.11,5.52,5.31,4.15,4.45,4.62,5.74,1.11,0.52,0.31,-0.85,-0.55,-0.38,0.74,"A more TorchTuned-forward Heritage read, where the heavier scorch treatment adds a firmer center, slightly tighter bloom, and a more settled shell response.","A darker, classic Heritage presentation with a stronger TorchTuned imprint that favors firmer note control, slightly lower sensitivity, and a more unified shell response under heavier treatment, while keeping the front edge firm and articulate.","Leaner and more controlled through the center than the benchmark Heritage build; a quicker, drier bite with a more defined front edge; a shorter, tighter note shape; the Blackened finish pushes the read toward stronger control and a more disciplined shell response; Die-Cast hoops add focus and containment."
12x5.5 • 8 lugs • 16 - 10mm • Die-Cast • Black Nickel • Light Torch,12|5.5|8|16 - 10mm|Die-Cast|Black Nickel|Light Torch,12,5.5,8,16 - 10mm,Die-Cast,Black Nickel,Light Torch,3.44,1.59,"Compact, quick, lean response",3.3625,"Fast, disciplined touch response",1.547,Shorter note with firm response,1.8745,simple:compact-quick-lean-response > shaped:fast-disciplined-touch-response > complex:shorter-note-firm-response,5.75,5.88,5.53,4.67,4.29,5.1,5.14,0.75,0.88,0.53,-0.33,-0.71,0.1,0.14,"A focused-but-open Heritage read: the die-cast hoops tighten the rim response, while the lighter TorchTune finish keeps more touch, air, and upper-shell liveliness in the voice.","A cleaner, slightly more modern Heritage presentation with a lighter TorchTuned imprint that preserves more openness, touch response, and a slightly freer shell reaction, while keeping the front edge firm and articulate.","Leaner and more controlled through the center than the benchmark Heritage build; a quicker, drier bite with a more defined front edge; Light Torch keeps more touch and liveliness while the die-cast hoops add rim focus; Die-Cast hoops add focus and containment."
12x5.5 • 8 lugs • 16 - 10mm • Die-Cast • Black Nickel • Medium Torch,12|5.5|8|16 - 10mm|Die-Cast|Black Nickel|Medium Torch,12,5.5,8,16 - 10mm,Die-Cast,Black Nickel,Medium Torch,3.85,1.56,"Compact, quick, lean response",3.2065,"Fast, disciplined touch response",1.784,Shorter note with firm response,2.518,simple:compact-quick-lean-response > shaped:fast-disciplined-touch-response > complex:shorter-note-firm-response,5.93,5.7,5.42,4.41,4.37,4.86,5.44,0.93,0.7,0.42,-0.59,-0.63,-0.14,0.44,"A more focused Heritage read with firmer note shape, cleaner front edge, and tighter overall behavior.","A seasoned, slightly more modern Heritage presentation with a balanced TorchTuned posture, while keeping the front edge firm and articulate.","Leaner and more controlled through the center than the benchmark Heritage build; a quicker, drier bite with a more defined front edge; Die-Cast hoops add focus and containment."
12x5.5 • 8 lugs • 16 - 10mm • Die-Cast • Black Nickel • Blackened,12|5.5|8|16 - 10mm|Die-Cast|Black Nickel|Blackened,12,5.5,8,16 - 10mm,Die-Cast,Black Nickel,Blackened,4.46,1.96,"Compact, quick, lean response",3.1835,"Fast, disciplined touch response",0.2655,Shorter note with firm response,3.3325,simple:compact-quick-lean-response > shaped:fast-disciplined-touch-response > complex:shorter-note-firm-response,6.11,5.52,5.31,4.15,4.45,4.62,5.74,1.11,0.52,0.31,-0.85,-0.55,-0.38,0.74,"A more TorchTuned-forward Heritage read, where the heavier scorch treatment adds a firmer center, slightly tighter bloom, and a more settled shell response.","A darker, slightly more modern Heritage presentation with a stronger TorchTuned imprint that favors firmer note control, slightly lower sensitivity, and a more unified shell response under heavier treatment, while keeping the front edge firm and articulate.","Leaner and more controlled through the center than the benchmark Heritage build; a quicker, drier bite with a more defined front edge; a shorter, tighter note shape; the Blackened finish pushes the read toward stronger control and a more disciplined shell response; Die-Cast hoops add focus and containment."
12x5.5 • 8 lugs • 16 - 10mm • Die-Cast • Brass/Gold • Light Torch,12|5.5|8|16 - 10mm|Die-Cast|Brass/Gold|Light Torch,12,5.5,8,16 - 10mm,Die-Cast,Brass/Gold,Light Torch,3.44,1.59,"Compact, quick, lean response",3.3625,"Fast, disciplined touch response",1.547,Shorter note with firm response,1.8745,simple:compact-quick-lean-response > shaped:fast-disciplined-touch-response > complex:shorter-note-firm-response,5.75,5.88,5.53,4.67,4.29,5.1,5.14,0.75,0.88,0.53,-0.33,-0.71,0.1,0.14,"A focused-but-open Heritage read: the die-cast hoops tighten the rim response, while the lighter TorchTune finish keeps more touch, air, and upper-shell liveliness in the voice.","A cleaner, richer Heritage presentation with a lighter TorchTuned imprint that preserves more openness, touch response, and a slightly freer shell reaction, while keeping the front edge firm and articulate.","Leaner and more controlled through the center than the benchmark Heritage build; a quicker, drier bite with a more defined front edge; Light Torch keeps more touch and liveliness while the die-cast hoops add rim focus; Die-Cast hoops add focus and containment."
12x5.5 • 8 lugs • 16 - 10mm • Die-Cast • Brass/Gold • Medium Torch,12|5.5|8|16 - 10mm|Die-Cast|Brass/Gold|Medium Torch,12,5.5,8,16 - 10mm,Die-Cast,Brass/Gold,Medium Torch,3.85,1.56,"Compact, quick, lean response",3.2065,"Fast, disciplined touch response",1.784,Shorter note with firm response,2.518,simple:compact-quick-lean-response > shaped:fast-disciplined-touch-response > complex:shorter-note-firm-response,5.93,5.7,5.42,4.41,4.37,4.86,5.44,0.93,0.7,0.42,-0.59,-0.63,-0.14,0.44,"A more focused Heritage read with firmer note shape, cleaner front edge, and tighter overall behavior.","A seasoned, richer Heritage presentation with a balanced TorchTuned posture, while keeping the front edge firm and articulate.","Leaner and more controlled through the center than the benchmark Heritage build; a quicker, drier bite with a more defined front edge; Die-Cast hoops add focus and containment."
12x5.5 • 8 lugs • 16 - 10mm • Die-Cast • Brass/Gold • Blackened,12|5.5|8|16 - 10mm|Die-Cast|Brass/Gold|Blackened,12,5.5,8,16 - 10mm,Die-Cast,Brass/Gold,Blackened,4.46,1.96,"Compact, quick, lean response",3.1835,"Fast, disciplined touch response",0.2655,Shorter note with firm response,3.3325,simple:compact-quick-lean-response > shaped:fast-disciplined-touch-response > complex:shorter-note-firm-response,6.11,5.52,5.31,4.15,4.45,4.62,5.74,1.11,0.52,0.31,-0.85,-0.55,-0.38,0.74,"A more TorchTuned-forward Heritage read, where the heavier scorch treatment adds a firmer center, slightly tighter bloom, and a more settled shell response.","A darker, richer Heritage presentation with a stronger TorchTuned imprint that favors firmer note control, slightly lower sensitivity, and a more unified shell response under heavier treatment, while keeping the front edge firm and articulate.","Leaner and more controlled through the center than the benchmark Heritage build; a quicker, drier bite with a more defined front edge; a shorter, tighter note shape; the Blackened finish pushes the read toward stronger control and a more disciplined shell response; Die-Cast hoops add focus and containment."
12x6.0 • 6 lugs • 12 - 8mm + $150 (Re-Rings Required) • Triple Flange • Chrome • Light Torch,12|6.0|6|12 - 8mm + $150 (Re-Rings Required)|Triple Flange|Chrome|Light Torch,12,6.0,6,12 - 8mm + $150 (Re-Rings Required),Triple Flange,Chrome,Light Torch,2.85,1.42,Lively touch with open detail,1.5815,"Expressive, blooming response",2.02,"Dark, complex Heritage bloom",1.9855,simple:lively-touch-open-detail > shaped:expressive-blooming-response > complex:dark-complex-heritage-bloom,4.68,5.23,4.9,5.79,5.04,5.74,4.37,-0.32,0.23,-0.1,0.79,0.04,0.74,-0.63,"A more open Heritage read, where the lighter torch treatment preserves extra liveliness, touch response, and a slightly freer bloom through the shell.","A cleaner, classic Heritage presentation with a lighter TorchTuned imprint that preserves more openness, touch response, and a slightly freer shell reaction, while keeping the shell-first balance intact.","Noticeably shifted away from the benchmark Heritage center; a longer, broader note bloom; the lighter TorchTune finish preserves more touch response and a freer shell reaction; the deeper 12-inch re-ring shell keeps studio warmth and balance; Triple Flange hoops preserve more of the line’s native openness."
12x6.0 • 6 lugs • 12 - 8mm + $150 (Re-Rings Required) • Triple Flange • Chrome • Medium Torch,12|6.0|6|12 - 8mm + $150 (Re-Rings Required)|Triple Flange|Chrome|Medium Torch,12,6.0,6,12 - 8mm + $150 (Re-Rings Required),Triple Flange,Chrome,Medium Torch,1.88,0.86,"Compact, quick, lean response",0.9685,"Expressive, blooming response",1.265,"Dark, complex Heritage bloom",1.4915,simple:compact-quick-lean-response > shaped:expressive-blooming-response > complex:dark-complex-heritage-bloom,4.86,5.05,4.79,5.53,5.12,5.5,4.67,-0.14,0.05,-0.21,0.53,0.12,0.5,-0.33,"A balanced Heritage read with natural openness, grounded body, and classic shell-first response.","A seasoned, classic Heritage presentation with a balanced TorchTuned posture, while keeping the shell-first balance intact.",Close to the benchmark Heritage warmth posture; the Medium Torch benchmark keeps the line centered between openness and control; the deeper 12-inch re-ring shell keeps studio warmth and balance; Triple Flange hoops preserve more of the line’s native openness.
12x6.0 • 6 lugs • 12 - 8mm + $150 (Re-Rings Required) • Triple Flange • Chrome • Blackened,12|6.0|6|12 - 8mm + $150 (Re-Rings Required)|Triple Flange|Chrome|Blackened,12,6.0,6,12 - 8mm + $150 (Re-Rings Required),Triple Flange,Chrome,Blackened,1.25,0.59,"Compact, quick, lean response",0.9662,"Expressive, blooming response",0.749,Balanced Heritage center,2.29,simple:compact-quick-lean-response > shaped:expressive-blooming-response > complex:balanced-heritage-center,5.04,4.87,4.68,5.27,5.2,5.26,4.97,0.04,-0.13,-0.32,0.27,0.2,0.26,-0.03,"A compact, TorchTuned Heritage read: still lively from the smaller shell, but darker and more settled than the same build in a lighter finish.","A darker, classic Heritage presentation with a stronger TorchTuned imprint that favors firmer note control, slightly lower sensitivity, and a more unified shell response under heavier treatment, while keeping the shell-first balance intact.",Close to the benchmark Heritage warmth posture; the deeper 12-inch re-ring shell keeps studio warmth and balance; Triple Flange hoops preserve more of the line’s native openness.
12x6.0 • 6 lugs • 12 - 8mm + $150 (Re-Rings Required) • Triple Flange • Black Nickel • Light Torch,12|6.0|6|12 - 8mm + $150 (Re-Rings Required)|Triple Flange|Black Nickel|Light Torch,12,6.0,6,12 - 8mm + $150 (Re-Rings Required),Triple Flange,Black Nickel,Light Torch,2.85,1.42,Lively touch with open detail,1.5815,"Expressive, blooming response",2.02,"Dark, complex Heritage bloom",1.9855,simple:lively-touch-open-detail > shaped:expressive-blooming-response > complex:dark-complex-heritage-bloom,4.68,5.23,4.9,5.79,5.04,5.74,4.37,-0.32,0.23,-0.1,0.79,0.04,0.74,-0.63,"A more open Heritage read, where the lighter torch treatment preserves extra liveliness, touch response, and a slightly freer bloom through the shell.","A cleaner, slightly more modern Heritage presentation with a lighter TorchTuned imprint that preserves more openness, touch response, and a slightly freer shell reaction, while keeping the shell-first balance intact.","Noticeably shifted away from the benchmark Heritage center; a longer, broader note bloom; the lighter TorchTune finish preserves more touch response and a freer shell reaction; the deeper 12-inch re-ring shell keeps studio warmth and balance; Triple Flange hoops preserve more of the line’s native openness."
12x6.0 • 6 lugs • 12 - 8mm + $150 (Re-Rings Required) • Triple Flange • Black Nickel • Medium Torch,12|6.0|6|12 - 8mm + $150 (Re-Rings Required)|Triple Flange|Black Nickel|Medium Torch,12,6.0,6,12 - 8mm + $150 (Re-Rings Required),Triple Flange,Black Nickel,Medium Torch,1.88,0.86,"Compact, quick, lean response",0.9685,"Expressive, blooming response",1.265,"Dark, complex Heritage bloom",1.4915,simple:compact-quick-lean-response > shaped:expressive-blooming-response > complex:dark-complex-heritage-bloom,4.86,5.05,4.79,5.53,5.12,5.5,4.67,-0.14,0.05,-0.21,0.53,0.12,0.5,-0.33,"A balanced Heritage read with natural openness, grounded body, and classic shell-first response.","A seasoned, slightly more modern Heritage presentation with a balanced TorchTuned posture, while keeping the shell-first balance intact.",Close to the benchmark Heritage warmth posture; the Medium Torch benchmark keeps the line centered between openness and control; the deeper 12-inch re-ring shell keeps studio warmth and balance; Triple Flange hoops preserve more of the line’s native openness.
12x6.0 • 6 lugs • 12 - 8mm + $150 (Re-Rings Required) • Triple Flange • Black Nickel • Blackened,12|6.0|6|12 - 8mm + $150 (Re-Rings Required)|Triple Flange|Black Nickel|Blackened,12,6.0,6,12 - 8mm + $150 (Re-Rings Required),Triple Flange,Black Nickel,Blackened,1.25,0.59,"Compact, quick, lean response",0.9662,"Expressive, blooming response",0.749,Balanced Heritage center,2.29,simple:compact-quick-lean-response > shaped:expressive-blooming-response > complex:balanced-heritage-center,5.04,4.87,4.68,5.27,5.2,5.26,4.97,0.04,-0.13,-0.32,0.27,0.2,0.26,-0.03,"A compact, TorchTuned Heritage read: still lively from the smaller shell, but darker and more settled than the same build in a lighter finish.","A darker, slightly more modern Heritage presentation with a stronger TorchTuned imprint that favors firmer note control, slightly lower sensitivity, and a more unified shell response under heavier treatment, while keeping the shell-first balance intact.",Close to the benchmark Heritage warmth posture; the deeper 12-inch re-ring shell keeps studio warmth and balance; Triple Flange hoops preserve more of the line’s native openness.
12x6.0 • 6 lugs • 12 - 8mm + $150 (Re-Rings Required) • Triple Flange • Brass/Gold • Light Torch,12|6.0|6|12 - 8mm + $150 (Re-Rings Required)|Triple Flange|Brass/Gold|Light Torch,12,6.0,6,12 - 8mm + $150 (Re-Rings Required),Triple Flange,Brass/Gold,Light Torch,2.85,1.42,Lively touch with open detail,1.5815,"Expressive, blooming response",2.02,"Dark, complex Heritage bloom",1.9855,simple:lively-touch-open-detail > shaped:expressive-blooming-response > complex:dark-complex-heritage-bloom,4.68,5.23,4.9,5.79,5.04,5.74,4.37,-0.32,0.23,-0.1,0.79,0.04,0.74,-0.63,"A more open Heritage read, where the lighter torch treatment preserves extra liveliness, touch response, and a slightly freer bloom through the shell.","A cleaner, richer Heritage presentation with a lighter TorchTuned imprint that preserves more openness, touch response, and a slightly freer shell reaction, while keeping the shell-first balance intact.","Noticeably shifted away from the benchmark Heritage center; a longer, broader note bloom; the lighter TorchTune finish preserves more touch response and a freer shell reaction; the deeper 12-inch re-ring shell keeps studio warmth and balance; Triple Flange hoops preserve more of the line’s native openness."
12x6.0 • 6 lugs • 12 - 8mm + $150 (Re-Rings Required) • Triple Flange • Brass/Gold • Medium Torch,12|6.0|6|12 - 8mm + $150 (Re-Rings Required)|Triple Flange|Brass/Gold|Medium Torch,12,6.0,6,12 - 8mm + $150 (Re-Rings Required),Triple Flange,Brass/Gold,Medium Torch,1.88,0.86,"Compact, quick, lean response",0.9685,"Expressive, blooming response",1.265,"Dark, complex Heritage bloom",1.4915,simple:compact-quick-lean-response > shaped:expressive-blooming-response > complex:dark-complex-heritage-bloom,4.86,5.05,4.79,5.53,5.12,5.5,4.67,-0.14,0.05,-0.21,0.53,0.12,0.5,-0.33,"A balanced Heritage read with natural openness, grounded body, and classic shell-first response.","A seasoned, richer Heritage presentation with a balanced TorchTuned posture, while keeping the shell-first balance intact.",Close to the benchmark Heritage warmth posture; the Medium Torch benchmark keeps the line centered between openness and control; the deeper 12-inch re-ring shell keeps studio warmth and balance; Triple Flange hoops preserve more of the line’s native openness.
12x6.0 • 6 lugs • 12 - 8mm + $150 (Re-Rings Required) • Triple Flange • Brass/Gold • Blackened,12|6.0|6|12 - 8mm + $150 (Re-Rings Required)|Triple Flange|Brass/Gold|Blackened,12,6.0,6,12 - 8mm + $150 (Re-Rings Required),Triple Flange,Brass/Gold,Blackened,1.25,0.59,"Compact, quick, lean response",0.9662,"Expressive, blooming response",0.749,Balanced Heritage center,2.29,simple:compact-quick-lean-response > shaped:expressive-blooming-response > complex:balanced-heritage-center,5.04,4.87,4.68,5.27,5.2,5.26,4.97,0.04,-0.13,-0.32,0.27,0.2,0.26,-0.03,"A compact, TorchTuned Heritage read: still lively from the smaller shell, but darker and more settled than the same build in a lighter finish.","A darker, richer Heritage presentation with a stronger TorchTuned imprint that favors firmer note control, slightly lower sensitivity, and a more unified shell response under heavier treatment, while keeping the shell-first balance intact.",Close to the benchmark Heritage warmth posture; the deeper 12-inch re-ring shell keeps studio warmth and balance; Triple Flange hoops preserve more of the line’s native openness.
12x6.0 • 6 lugs • 12 - 8mm + $150 (Re-Rings Required) • Die-Cast • Chrome • Light Torch,12|6.0|6|12 - 8mm + $150 (Re-Rings Required)|Die-Cast|Chrome|Light Torch,12,6.0,6,12 - 8mm + $150 (Re-Rings Required),Die-Cast,Chrome,Light Torch,1.91,0.7,"Compact, quick, lean response",1.554,"Expressive, blooming response",1.313,"Wide, open Heritage bloom",1.165,simple:compact-quick-lean-response > shaped:expressive-blooming-response > complex:wide-open-heritage-bloom,5.01,5.47,5.09,5.49,4.85,5.5,4.8,0.01,0.47,0.09,0.49,-0.15,0.5,-0.2,"A focused-but-open Heritage read: the die-cast hoops tighten the rim response, while the lighter TorchTune finish keeps more touch, air, and upper-shell liveliness in the voice.","A cleaner, classic Heritage presentation with a lighter TorchTuned imprint that preserves more openness, touch response, and a slightly freer shell reaction, while keeping the shell-first balance intact.",Close to the benchmark Heritage warmth posture; Light Torch keeps more touch and liveliness while the die-cast hoops add rim focus; the deeper 12-inch re-ring shell keeps studio warmth and balance; Die-Cast hoops add focus and containment.
12x6.0 • 6 lugs • 12 - 8mm + $150 (Re-Rings Required) • Die-Cast • Chrome • Medium Torch,12|6.0|6|12 - 8mm + $150 (Re-Rings Required)|Die-Cast|Chrome|Medium Torch,12,6.0,6,12 - 8mm + $150 (Re-Rings Required),Die-Cast,Chrome,Medium Torch,1.16,0.36,"Compact, quick, lean response",1.342,"Fast, disciplined touch response",0.8385,Balanced Heritage center,2.9085,simple:compact-quick-lean-response > shaped:fast-disciplined-touch-response > complex:balanced-heritage-center,5.19,5.29,4.98,5.23,4.93,5.26,5.1,0.19,0.29,-0.02,0.23,-0.07,0.26,0.1,"A more focused Heritage read with firmer note shape, cleaner front edge, and tighter overall behavior.","A seasoned, classic Heritage presentation with a balanced TorchTuned posture, while keeping the shell-first balance intact.",Close to the benchmark Heritage warmth posture; the Medium Torch benchmark keeps the line centered between openness and control; the deeper 12-inch re-ring shell keeps studio warmth and balance; Die-Cast hoops add focus and containment.
12x6.0 • 6 lugs • 12 - 8mm + $150 (Re-Rings Required) • Die-Cast • Chrome • Blackened,12|6.0|6|12 - 8mm + $150 (Re-Rings Required)|Die-Cast|Chrome|Blackened,12,6.0,6,12 - 8mm + $150 (Re-Rings Required),Die-Cast,Chrome,Blackened,1.07,0.53,"Compact, quick, lean response",1.3292,"Fast, disciplined touch response",1.0074,Balanced Heritage center,2.4655,simple:compact-quick-lean-response > shaped:fast-disciplined-touch-response > complex:balanced-heritage-center,5.37,5.11,4.87,4.97,5.01,5.02,5.4,0.37,0.11,-0.13,-0.03,0.01,0.02,0.4,"A more TorchTuned-forward Heritage read, where the heavier scorch treatment adds a firmer center, slightly tighter bloom, and a more settled shell response.","A darker, classic Heritage presentation with a stronger TorchTuned imprint that favors firmer note control, slightly lower sensitivity, and a more unified shell response under heavier treatment, while keeping the shell-first balance intact.",Close to the benchmark Heritage warmth posture; the Blackened finish adds a more contained center and slightly firmer shell behavior; the deeper 12-inch re-ring shell keeps studio warmth and balance; Die-Cast hoops add focus and containment.
12x6.0 • 6 lugs • 12 - 8mm + $150 (Re-Rings Required) • Die-Cast • Black Nickel • Light Torch,12|6.0|6|12 - 8mm + $150 (Re-Rings Required)|Die-Cast|Black Nickel|Light Torch,12,6.0,6,12 - 8mm + $150 (Re-Rings Required),Die-Cast,Black Nickel,Light Torch,1.91,0.7,"Compact, quick, lean response",1.554,"Expressive, blooming response",1.313,"Wide, open Heritage bloom",1.165,simple:compact-quick-lean-response > shaped:expressive-blooming-response > complex:wide-open-heritage-bloom,5.01,5.47,5.09,5.49,4.85,5.5,4.8,0.01,0.47,0.09,0.49,-0.15,0.5,-0.2,"A focused-but-open Heritage read: the die-cast hoops tighten the rim response, while the lighter TorchTune finish keeps more touch, air, and upper-shell liveliness in the voice.","A cleaner, slightly more modern Heritage presentation with a lighter TorchTuned imprint that preserves more openness, touch response, and a slightly freer shell reaction, while keeping the shell-first balance intact.",Close to the benchmark Heritage warmth posture; Light Torch keeps more touch and liveliness while the die-cast hoops add rim focus; the deeper 12-inch re-ring shell keeps studio warmth and balance; Die-Cast hoops add focus and containment.
12x6.0 • 6 lugs • 12 - 8mm + $150 (Re-Rings Required) • Die-Cast • Black Nickel • Medium Torch,12|6.0|6|12 - 8mm + $150 (Re-Rings Required)|Die-Cast|Black Nickel|Medium Torch,12,6.0,6,12 - 8mm + $150 (Re-Rings Required),Die-Cast,Black Nickel,Medium Torch,1.16,0.36,"Compact, quick, lean response",1.342,"Fast, disciplined touch response",0.8385,Balanced Heritage center,2.9085,simple:compact-quick-lean-response > shaped:fast-disciplined-touch-response > complex:balanced-heritage-center,5.19,5.29,4.98,5.23,4.93,5.26,5.1,0.19,0.29,-0.02,0.23,-0.07,0.26,0.1,"A more focused Heritage read with firmer note shape, cleaner front edge, and tighter overall behavior.","A seasoned, slightly more modern Heritage presentation with a balanced TorchTuned posture, while keeping the shell-first balance intact.",Close to the benchmark Heritage warmth posture; the Medium Torch benchmark keeps the line centered between openness and control; the deeper 12-inch re-ring shell keeps studio warmth and balance; Die-Cast hoops add focus and containment.
12x6.0 • 6 lugs • 12 - 8mm + $150 (Re-Rings Required) • Die-Cast • Black Nickel • Blackened,12|6.0|6|12 - 8mm + $150 (Re-Rings Required)|Die-Cast|Black Nickel|Blackened,12,6.0,6,12 - 8mm + $150 (Re-Rings Required),Die-Cast,Black Nickel,Blackened,1.07,0.53,"Compact, quick, lean response",1.3292,"Fast, disciplined touch response",1.0074,Balanced Heritage center,2.4655,simple:compact-quick-lean-response > shaped:fast-disciplined-touch-response > complex:balanced-heritage-center,5.37,5.11,4.87,4.97,5.01,5.02,5.4,0.37,0.11,-0.13,-0.03,0.01,0.02,0.4,"A more TorchTuned-forward Heritage read, where the heavier scorch treatment adds a firmer center, slightly tighter bloom, and a more settled shell response.","A darker, slightly more modern Heritage presentation with a stronger TorchTuned imprint that favors firmer note control, slightly lower sensitivity, and a more unified shell response under heavier treatment, while keeping the shell-first balance intact.",Close to the benchmark Heritage warmth posture; the Blackened finish adds a more contained center and slightly firmer shell behavior; the deeper 12-inch re-ring shell keeps studio warmth and balance; Die-Cast hoops add focus and containment.
12x6.0 • 6 lugs • 12 - 8mm + $150 (Re-Rings Required) • Die-Cast • Brass/Gold • Light Torch,12|6.0|6|12 - 8mm + $150 (Re-Rings Required)|Die-Cast|Brass/Gold|Light Torch,12,6.0,6,12 - 8mm + $150 (Re-Rings Required),Die-Cast,Brass/Gold,Light Torch,1.91,0.7,"Compact, quick, lean response",1.554,"Expressive, blooming response",1.313,"Wide, open Heritage bloom",1.165,simple:compact-quick-lean-response > shaped:expressive-blooming-response > complex:wide-open-heritage-bloom,5.01,5.47,5.09,5.49,4.85,5.5,4.8,0.01,0.47,0.09,0.49,-0.15,0.5,-0.2,"A focused-but-open Heritage read: the die-cast hoops tighten the rim response, while the lighter TorchTune finish keeps more touch, air, and upper-shell liveliness in the voice.","A cleaner, richer Heritage presentation with a lighter TorchTuned imprint that preserves more openness, touch response, and a slightly freer shell reaction, while keeping the shell-first balance intact.",Close to the benchmark Heritage warmth posture; Light Torch keeps more touch and liveliness while the die-cast hoops add rim focus; the deeper 12-inch re-ring shell keeps studio warmth and balance; Die-Cast hoops add focus and containment.
12x6.0 • 6 lugs • 12 - 8mm + $150 (Re-Rings Required) • Die-Cast • Brass/Gold • Medium Torch,12|6.0|6|12 - 8mm + $150 (Re-Rings Required)|Die-Cast|Brass/Gold|Medium Torch,12,6.0,6,12 - 8mm + $150 (Re-Rings Required),Die-Cast,Brass/Gold,Medium Torch,1.16,0.36,"Compact, quick, lean response",1.342,"Fast, disciplined touch response",0.8385,Balanced Heritage center,2.9085,simple:compact-quick-lean-response > shaped:fast-disciplined-touch-response > complex:balanced-heritage-center,5.19,5.29,4.98,5.23,4.93,5.26,5.1,0.19,0.29,-0.02,0.23,-0.07,0.26,0.1,"A more focused Heritage read with firmer note shape, cleaner front edge, and tighter overall behavior.","A seasoned, richer Heritage presentation with a balanced TorchTuned posture, while keeping the shell-first balance intact.",Close to the benchmark Heritage warmth posture; the Medium Torch benchmark keeps the line centered between openness and control; the deeper 12-inch re-ring shell keeps studio warmth and balance; Die-Cast hoops add focus and containment.
12x6.0 • 6 lugs • 12 - 8mm + $150 (Re-Rings Required) • Die-Cast • Brass/Gold • Blackened,12|6.0|6|12 - 8mm + $150 (Re-Rings Required)|Die-Cast|Brass/Gold|Blackened,12,6.0,6,12 - 8mm + $150 (Re-Rings Required),Die-Cast,Brass/Gold,Blackened,1.07,0.53,"Compact, quick, lean response",1.3292,"Fast, disciplined touch response",1.0074,Balanced Heritage center,2.4655,simple:compact-quick-lean-response > shaped:fast-disciplined-touch-response > complex:balanced-heritage-center,5.37,5.11,4.87,4.97,5.01,5.02,5.4,0.37,0.11,-0.13,-0.03,0.01,0.02,0.4,"A more TorchTuned-forward Heritage read, where the heavier scorch treatment adds a firmer center, slightly tighter bloom, and a more settled shell response.","A darker, richer Heritage presentation with a stronger TorchTuned imprint that favors firmer note control, slightly lower sensitivity, and a more unified shell response under heavier treatment, while keeping the shell-first balance intact.",Close to the benchmark Heritage warmth posture; the Blackened finish adds a more contained center and slightly firmer shell behavior; the deeper 12-inch re-ring shell keeps studio warmth and balance; Die-Cast hoops add focus and containment.
12x6.0 • 8 lugs • 16 - 10mm • Triple Flange • Chrome • Light Torch,12|6.0|8|16 - 10mm|Triple Flange|Chrome|Light Torch,12,6.0,8,16 - 10mm,Triple Flange,Chrome,Light Torch,2.35,0.89,"Compact, quick, lean response",1.9545,"Expressive, blooming response",,Balanced Heritage center,,simple:compact-quick-lean-response > shaped:expressive-blooming-response > complex:balanced-heritage-center,5.3,5.54,5.4,5.14,4.67,5.29,4.65,0.3,0.54,0.4,0.14,-0.33,0.29,-0.35,"A more open Heritage read, where the lighter torch treatment preserves extra liveliness, touch response, and a slightly freer bloom through the shell.","A cleaner, classic Heritage presentation with a lighter TorchTuned imprint that preserves more openness, touch response, and a slightly freer shell reaction, while keeping the shell-first balance intact.",Close to the benchmark Heritage warmth posture; the lighter TorchTune finish preserves more touch response and a freer shell reaction; Triple Flange hoops preserve more of the line’s native openness.
12x6.0 • 8 lugs • 16 - 10mm • Triple Flange • Chrome • Medium Torch,12|6.0|8|16 - 10mm|Triple Flange|Chrome|Medium Torch,12,6.0,8,16 - 10mm,Triple Flange,Chrome,Medium Torch,1.6,0.73,"Compact, quick, lean response",1.7985,Rounded body with a clear start,1.091,Shorter note with firm response,0.6635,simple:compact-quick-lean-response > shaped:rounded-body-clear-start > complex:shorter-note-firm-response,5.48,5.36,5.29,4.88,4.75,5.05,4.95,0.48,0.36,0.29,-0.12,-0.25,0.05,-0.05,"A balanced Heritage read with natural openness, grounded body, and classic shell-first response.","A seasoned, classic Heritage presentation with a balanced TorchTuned posture, while keeping the shell-first balance intact.",Close to the benchmark Heritage warmth posture; the Medium Torch benchmark keeps the line centered between openness and control; Triple Flange hoops preserve more of the line’s native openness.
12x6.0 • 8 lugs • 16 - 10mm • Triple Flange • Chrome • Blackened,12|6.0|8|16 - 10mm|Triple Flange|Chrome|Blackened,12,6.0,8,16 - 10mm,Triple Flange,Chrome,Blackened,2.01,1.04,"Compact, quick, lean response",1.7755,"Fast, disciplined touch response",0.819,"Dark, contained shell shape",1.447,simple:compact-quick-lean-response > shaped:fast-disciplined-touch-response > complex:dark-contained-shell-shape,5.66,5.18,5.18,4.62,4.83,4.81,5.25,0.66,0.18,0.18,-0.38,-0.17,-0.19,0.25,"A compact, TorchTuned Heritage read: still lively from the smaller shell, but darker and more settled than the same build in a lighter finish.","A darker, classic Heritage presentation with a stronger TorchTuned imprint that favors firmer note control, slightly lower sensitivity, and a more unified shell response under heavier treatment, while keeping the front edge firm and articulate.","Noticeably shifted away from the benchmark Heritage center; a quicker, drier bite with a more defined front edge; the Blackened finish adds a more contained center and slightly firmer shell behavior; Triple Flange hoops preserve more of the line’s native openness."
12x6.0 • 8 lugs • 16 - 10mm • Triple Flange • Black Nickel • Light Torch,12|6.0|8|16 - 10mm|Triple Flange|Black Nickel|Light Torch,12,6.0,8,16 - 10mm,Triple Flange,Black Nickel,Light Torch,2.35,0.89,"Compact, quick, lean response",1.9545,"Expressive, blooming response",,Balanced Heritage center,,simple:compact-quick-lean-response > shaped:expressive-blooming-response > complex:balanced-heritage-center,5.3,5.54,5.4,5.14,4.67,5.29,4.65,0.3,0.54,0.4,0.14,-0.33,0.29,-0.35,"A more open Heritage read, where the lighter torch treatment preserves extra liveliness, touch response, and a slightly freer bloom through the shell.","A cleaner, slightly more modern Heritage presentation with a lighter TorchTuned imprint that preserves more openness, touch response, and a slightly freer shell reaction, while keeping the shell-first balance intact.",Close to the benchmark Heritage warmth posture; the lighter TorchTune finish preserves more touch response and a freer shell reaction; Triple Flange hoops preserve more of the line’s native openness.
12x6.0 • 8 lugs • 16 - 10mm • Triple Flange • Black Nickel • Medium Torch,12|6.0|8|16 - 10mm|Triple Flange|Black Nickel|Medium Torch,12,6.0,8,16 - 10mm,Triple Flange,Black Nickel,Medium Torch,1.6,0.73,"Compact, quick, lean response",1.7985,Rounded body with a clear start,1.091,Shorter note with firm response,0.6635,simple:compact-quick-lean-response > shaped:rounded-body-clear-start > complex:shorter-note-firm-response,5.48,5.36,5.29,4.88,4.75,5.05,4.95,0.48,0.36,0.29,-0.12,-0.25,0.05,-0.05,"A balanced Heritage read with natural openness, grounded body, and classic shell-first response.","A seasoned, slightly more modern Heritage presentation with a balanced TorchTuned posture, while keeping the shell-first balance intact.",Close to the benchmark Heritage warmth posture; the Medium Torch benchmark keeps the line centered between openness and control; Triple Flange hoops preserve more of the line’s native openness.
12x6.0 • 8 lugs • 16 - 10mm • Triple Flange • Black Nickel • Blackened,12|6.0|8|16 - 10mm|Triple Flange|Black Nickel|Blackened,12,6.0,8,16 - 10mm,Triple Flange,Black Nickel,Blackened,2.01,1.04,"Compact, quick, lean response",1.7755,"Fast, disciplined touch response",0.819,"Dark, contained shell shape",1.447,simple:compact-quick-lean-response > shaped:fast-disciplined-touch-response > complex:dark-contained-shell-shape,5.66,5.18,5.18,4.62,4.83,4.81,5.25,0.66,0.18,0.18,-0.38,-0.17,-0.19,0.25,"A compact, TorchTuned Heritage read: still lively from the smaller shell, but darker and more settled than the same build in a lighter finish.","A darker, slightly more modern Heritage presentation with a stronger TorchTuned imprint that favors firmer note control, slightly lower sensitivity, and a more unified shell response under heavier treatment, while keeping the front edge firm and articulate.","Noticeably shifted away from the benchmark Heritage center; a quicker, drier bite with a more defined front edge; the Blackened finish adds a more contained center and slightly firmer shell behavior; Triple Flange hoops preserve more of the line’s native openness."
12x6.0 • 8 lugs • 16 - 10mm • Triple Flange • Brass/Gold • Light Torch,12|6.0|8|16 - 10mm|Triple Flange|Brass/Gold|Light Torch,12,6.0,8,16 - 10mm,Triple Flange,Brass/Gold,Light Torch,2.35,0.89,"Compact, quick, lean response",1.9545,"Expressive, blooming response",,Balanced Heritage center,,simple:compact-quick-lean-response > shaped:expressive-blooming-response > complex:balanced-heritage-center,5.3,5.54,5.4,5.14,4.67,5.29,4.65,0.3,0.54,0.4,0.14,-0.33,0.29,-0.35,"A more open Heritage read, where the lighter torch treatment preserves extra liveliness, touch response, and a slightly freer bloom through the shell.","A cleaner, richer Heritage presentation with a lighter TorchTuned imprint that preserves more openness, touch response, and a slightly freer shell reaction, while keeping the shell-first balance intact.",Close to the benchmark Heritage warmth posture; the lighter TorchTune finish preserves more touch response and a freer shell reaction; Triple Flange hoops preserve more of the line’s native openness.
12x6.0 • 8 lugs • 16 - 10mm • Triple Flange • Brass/Gold • Medium Torch,12|6.0|8|16 - 10mm|Triple Flange|Brass/Gold|Medium Torch,12,6.0,8,16 - 10mm,Triple Flange,Brass/Gold,Medium Torch,1.6,0.73,"Compact, quick, lean response",1.7985,Rounded body with a clear start,1.091,Shorter note with firm response,0.6635,simple:compact-quick-lean-response > shaped:rounded-body-clear-start > complex:shorter-note-firm-response,5.48,5.36,5.29,4.88,4.75,5.05,4.95,0.48,0.36,0.29,-0.12,-0.25,0.05,-0.05,"A balanced Heritage read with natural openness, grounded body, and classic shell-first response.","A seasoned, richer Heritage presentation with a balanced TorchTuned posture, while keeping the shell-first balance intact.",Close to the benchmark Heritage warmth posture; the Medium Torch benchmark keeps the line centered between openness and control; Triple Flange hoops preserve more of the line’s native openness.
12x6.0 • 8 lugs • 16 - 10mm • Triple Flange • Brass/Gold • Blackened,12|6.0|8|16 - 10mm|Triple Flange|Brass/Gold|Blackened,12,6.0,8,16 - 10mm,Triple Flange,Brass/Gold,Blackened,2.01,1.04,"Compact, quick, lean response",1.7755,"Fast, disciplined touch response",0.819,"Dark, contained shell shape",1.447,simple:compact-quick-lean-response > shaped:fast-disciplined-touch-response > complex:dark-contained-shell-shape,5.66,5.18,5.18,4.62,4.83,4.81,5.25,0.66,0.18,0.18,-0.38,-0.17,-0.19,0.25,"A compact, TorchTuned Heritage read: still lively from the smaller shell, but darker and more settled than the same build in a lighter finish.","A darker, richer Heritage presentation with a stronger TorchTuned imprint that favors firmer note control, slightly lower sensitivity, and a more unified shell response under heavier treatment, while keeping the front edge firm and articulate.","Noticeably shifted away from the benchmark Heritage center; a quicker, drier bite with a more defined front edge; the Blackened finish adds a more contained center and slightly firmer shell behavior; Triple Flange hoops preserve more of the line’s native openness."
12x6.0 • 8 lugs • 16 - 10mm • Die-Cast • Chrome • Light Torch,12|6.0|8|16 - 10mm|Die-Cast|Chrome|Light Torch,12,6.0,8,16 - 10mm,Die-Cast,Chrome,Light Torch,2.88,1.3,"Compact, quick, lean response",2.637,"Fast, disciplined touch response",1.22,Shorter note with firm response,1.625,simple:compact-quick-lean-response > shaped:fast-disciplined-touch-response > complex:shorter-note-firm-response,5.64,5.77,5.6,4.84,4.47,5.07,5.11,0.64,0.77,0.6,-0.16,-0.53,0.07,0.11,"A focused-but-open Heritage read: the die-cast hoops tighten the rim response, while the lighter TorchTune finish keeps more touch, air, and upper-shell liveliness in the voice.","A cleaner, classic Heritage presentation with a lighter TorchTuned imprint that preserves more openness, touch response, and a slightly freer shell reaction, while keeping the front edge firm and articulate.",Leaner and more controlled through the center than the benchmark Heritage build; Light Torch keeps more touch and liveliness while the die-cast hoops add rim focus; Die-Cast hoops add focus and containment.
12x6.0 • 8 lugs • 16 - 10mm • Die-Cast • Chrome • Medium Torch,12|6.0|8|16 - 10mm|Die-Cast|Chrome|Medium Torch,12,6.0,8,16 - 10mm,Die-Cast,Chrome,Medium Torch,3.35,1.27,"Compact, quick, lean response",2.481,"Fast, disciplined touch response",1.487,Shorter note with firm response,2.2685,simple:compact-quick-lean-response > shaped:fast-disciplined-touch-response > complex:shorter-note-firm-response,5.82,5.59,5.49,4.58,4.55,4.83,5.41,0.82,0.59,0.49,-0.42,-0.45,-0.17,0.41,"A more focused Heritage read with firmer note shape, cleaner front edge, and tighter overall behavior.","A seasoned, classic Heritage presentation with a balanced TorchTuned posture, while keeping the front edge firm and articulate.","Noticeably shifted away from the benchmark Heritage center; a quicker, drier bite with a more defined front edge; Die-Cast hoops add focus and containment."
12x6.0 • 8 lugs • 16 - 10mm • Die-Cast • Chrome • Blackened,12|6.0|8|16 - 10mm|Die-Cast|Chrome|Blackened,12,6.0,8,16 - 10mm,Die-Cast,Chrome,Blackened,3.96,1.68,"Compact, quick, lean response",2.458,"Expressive, blooming response",,Shorter note with firm response,3.083,simple:compact-quick-lean-response > shaped:expressive-blooming-response > complex:shorter-note-firm-response,6,5.41,5.38,4.32,4.63,4.59,5.71,1,0.41,0.38,-0.68,-0.37,-0.41,0.71,"A more TorchTuned-forward Heritage read, where the heavier scorch treatment adds a firmer center, slightly tighter bloom, and a more settled shell response.","A darker, classic Heritage presentation with a stronger TorchTuned imprint that favors firmer note control, slightly lower sensitivity, and a more unified shell response under heavier treatment, while keeping the front edge firm and articulate.","Noticeably shifted away from the benchmark Heritage center; a quicker, drier bite with a more defined front edge; a shorter, tighter note shape; the Blackened finish pushes the read toward stronger control and a more disciplined shell response; Die-Cast hoops add focus and containment."
12x6.0 • 8 lugs • 16 - 10mm • Die-Cast • Black Nickel • Light Torch,12|6.0|8|16 - 10mm|Die-Cast|Black Nickel|Light Torch,12,6.0,8,16 - 10mm,Die-Cast,Black Nickel,Light Torch,2.88,1.3,"Compact, quick, lean response",2.637,"Fast, disciplined touch response",1.22,Shorter note with firm response,1.625,simple:compact-quick-lean-response > shaped:fast-disciplined-touch-response > complex:shorter-note-firm-response,5.64,5.77,5.6,4.84,4.47,5.07,5.11,0.64,0.77,0.6,-0.16,-0.53,0.07,0.11,"A focused-but-open Heritage read: the die-cast hoops tighten the rim response, while the lighter TorchTune finish keeps more touch, air, and upper-shell liveliness in the voice.","A cleaner, slightly more modern Heritage presentation with a lighter TorchTuned imprint that preserves more openness, touch response, and a slightly freer shell reaction, while keeping the front edge firm and articulate.",Leaner and more controlled through the center than the benchmark Heritage build; Light Torch keeps more touch and liveliness while the die-cast hoops add rim focus; Die-Cast hoops add focus and containment.
12x6.0 • 8 lugs • 16 - 10mm • Die-Cast • Black Nickel • Medium Torch,12|6.0|8|16 - 10mm|Die-Cast|Black Nickel|Medium Torch,12,6.0,8,16 - 10mm,Die-Cast,Black Nickel,Medium Torch,3.35,1.27,"Compact, quick, lean response",2.481,"Fast, disciplined touch response",1.487,Shorter note with firm response,2.2685,simple:compact-quick-lean-response > shaped:fast-disciplined-touch-response > complex:shorter-note-firm-response,5.82,5.59,5.49,4.58,4.55,4.83,5.41,0.82,0.59,0.49,-0.42,-0.45,-0.17,0.41,"A more focused Heritage read with firmer note shape, cleaner front edge, and tighter overall behavior.","A seasoned, slightly more modern Heritage presentation with a balanced TorchTuned posture, while keeping the front edge firm and articulate.","Noticeably shifted away from the benchmark Heritage center; a quicker, drier bite with a more defined front edge; Die-Cast hoops add focus and containment."
12x6.0 • 8 lugs • 16 - 10mm • Die-Cast • Black Nickel • Blackened,12|6.0|8|16 - 10mm|Die-Cast|Black Nickel|Blackened,12,6.0,8,16 - 10mm,Die-Cast,Black Nickel,Blackened,3.96,1.68,"Compact, quick, lean response",2.458,"Expressive, blooming response",,Shorter note with firm response,3.083,simple:compact-quick-lean-response > shaped:expressive-blooming-response > complex:shorter-note-firm-response,6,5.41,5.38,4.32,4.63,4.59,5.71,1,0.41,0.38,-0.68,-0.37,-0.41,0.71,"A more TorchTuned-forward Heritage read, where the heavier scorch treatment adds a firmer center, slightly tighter bloom, and a more settled shell response.","A darker, slightly more modern Heritage presentation with a stronger TorchTuned imprint that favors firmer note control, slightly lower sensitivity, and a more unified shell response under heavier treatment, while keeping the front edge firm and articulate.","Noticeably shifted away from the benchmark Heritage center; a quicker, drier bite with a more defined front edge; a shorter, tighter note shape; the Blackened finish pushes the read toward stronger control and a more disciplined shell response; Die-Cast hoops add focus and containment."
12x6.0 • 8 lugs • 16 - 10mm • Die-Cast • Brass/Gold • Light Torch,12|6.0|8|16 - 10mm|Die-Cast|Brass/Gold|Light Torch,12,6.0,8,16 - 10mm,Die-Cast,Brass/Gold,Light Torch,2.88,1.3,"Compact, quick, lean response",2.637,"Fast, disciplined touch response",1.22,Shorter note with firm response,1.625,simple:compact-quick-lean-response > shaped:fast-disciplined-touch-response > complex:shorter-note-firm-response,5.64,5.77,5.6,4.84,4.47,5.07,5.11,0.64,0.77,0.6,-0.16,-0.53,0.07,0.11,"A focused-but-open Heritage read: the die-cast hoops tighten the rim response, while the lighter TorchTune finish keeps more touch, air, and upper-shell liveliness in the voice.","A cleaner, richer Heritage presentation with a lighter TorchTuned imprint that preserves more openness, touch response, and a slightly freer shell reaction, while keeping the front edge firm and articulate.",Leaner and more controlled through the center than the benchmark Heritage build; Light Torch keeps more touch and liveliness while the die-cast hoops add rim focus; Die-Cast hoops add focus and containment.
12x6.0 • 8 lugs • 16 - 10mm • Die-Cast • Brass/Gold • Medium Torch,12|6.0|8|16 - 10mm|Die-Cast|Brass/Gold|Medium Torch,12,6.0,8,16 - 10mm,Die-Cast,Brass/Gold,Medium Torch,3.35,1.27,"Compact, quick, lean response",2.481,"Fast, disciplined touch response",1.487,Shorter note with firm response,2.2685,simple:compact-quick-lean-response > shaped:fast-disciplined-touch-response > complex:shorter-note-firm-response,5.82,5.59,5.49,4.58,4.55,4.83,5.41,0.82,0.59,0.49,-0.42,-0.45,-0.17,0.41,"A more focused Heritage read with firmer note shape, cleaner front edge, and tighter overall behavior.","A seasoned, richer Heritage presentation with a balanced TorchTuned posture, while keeping the front edge firm and articulate.","Noticeably shifted away from the benchmark Heritage center; a quicker, drier bite with a more defined front edge; Die-Cast hoops add focus and containment."
12x6.0 • 8 lugs • 16 - 10mm • Die-Cast • Brass/Gold • Blackened,12|6.0|8|16 - 10mm|Die-Cast|Brass/Gold|Blackened,12,6.0,8,16 - 10mm,Die-Cast,Brass/Gold,Blackened,3.96,1.68,"Compact, quick, lean response",2.458,"Expressive, blooming response",,Shorter note with firm response,3.083,simple:compact-quick-lean-response > shaped:expressive-blooming-response > complex:shorter-note-firm-response,6,5.41,5.38,4.32,4.63,4.59,5.71,1,0.41,0.38,-0.68,-0.37,-0.41,0.71,"A more TorchTuned-forward Heritage read, where the heavier scorch treatment adds a firmer center, slightly tighter bloom, and a more settled shell response.","A darker, richer Heritage presentation with a stronger TorchTuned imprint that favors firmer note control, slightly lower sensitivity, and a more unified shell response under heavier treatment, while keeping the front edge firm and articulate.","Noticeably shifted away from the benchmark Heritage center; a quicker, drier bite with a more defined front edge; a shorter, tighter note shape; the Blackened finish pushes the read toward stronger control and a more disciplined shell response; Die-Cast hoops add focus and containment."
12x6.5 • 6 lugs • 12 - 8mm + $150 (Re-Rings Required) • Triple Flange • Chrome • Light Torch,12|6.5|6|12 - 8mm + $150 (Re-Rings Required)|Triple Flange|Chrome|Light Torch,12,6.5,6,12 - 8mm + $150 (Re-Rings Required),Triple Flange,Chrome,Light Torch,3.31,1.69,Lively touch with open detail,1.4055,"Expressive, blooming response",2.667,"Dark, complex Heritage bloom",2.599,simple:lively-touch-open-detail > shaped:expressive-blooming-response > complex:dark-complex-heritage-bloom,4.53,5.07,4.94,6.03,5.32,5.7,4.34,-0.47,0.07,-0.06,1.03,0.32,0.7,-0.66,"A more open Heritage read, where the lighter torch treatment preserves extra liveliness, touch response, and a slightly freer bloom through the shell.","A cleaner, classic Heritage presentation with a lighter TorchTuned imprint that preserves more openness, touch response, and a slightly freer shell reaction, while keeping the shell-first balance intact.","Noticeably shifted away from the benchmark Heritage center; a longer, broader note bloom; the lighter TorchTune finish preserves more touch response and a freer shell reaction; the deeper 12-inch re-ring shell keeps studio warmth and balance; Triple Flange hoops preserve more of the line’s native openness."
12x6.5 • 6 lugs • 12 - 8mm + $150 (Re-Rings Required) • Triple Flange • Chrome • Medium Torch,12|6.5|6|12 - 8mm + $150 (Re-Rings Required)|Triple Flange|Chrome|Medium Torch,12,6.5,6,12 - 8mm + $150 (Re-Rings Required),Triple Flange,Chrome,Medium Torch,2.56,1.13,"Warm, deep settled center",1.245,Rounded body with a clear start,2.0795,"Dark, complex Heritage bloom",2.182,simple:warm-deep-settled-center > shaped:rounded-body-clear-start > complex:dark-complex-heritage-bloom,4.71,4.89,4.83,5.77,5.4,5.46,4.64,-0.29,-0.11,-0.17,0.77,0.4,0.46,-0.36,A compact all-round Heritage read with extra studio warmth from the deeper small shell and a supported re-ring response.,"A seasoned, classic Heritage presentation with a balanced TorchTuned posture, while keeping the shell-first balance intact.","Noticeably shifted away from the benchmark Heritage center; a longer, broader note bloom; the deeper 12-inch re-ring shell keeps studio warmth and balance; Triple Flange hoops preserve more of the line’s native openness."
12x6.5 • 6 lugs • 12 - 8mm + $150 (Re-Rings Required) • Triple Flange • Chrome • Blackened,12|6.5|6|12 - 8mm + $150 (Re-Rings Required)|Triple Flange|Chrome|Blackened,12,6.5,6,12 - 8mm + $150 (Re-Rings Required),Triple Flange,Chrome,Blackened,1.95,0.8,"Warm, deep settled center",1.015,Rounded body with a clear start,1.6375,"Dark, complex Heritage bloom",1.947,simple:warm-deep-settled-center > shaped:rounded-body-clear-start > complex:dark-complex-heritage-bloom,4.89,4.71,4.72,5.51,5.48,5.22,4.94,-0.11,-0.29,-0.28,0.51,0.48,0.22,-0.06,"A compact, TorchTuned Heritage read: still lively from the smaller shell, but darker and more settled than the same build in a lighter finish.","A darker, classic Heritage presentation with a stronger TorchTuned imprint that favors firmer note control, slightly lower sensitivity, and a more unified shell response under heavier treatment, while keeping the shell-first balance intact.",Close to the benchmark Heritage warmth posture; the deeper 12-inch re-ring shell keeps studio warmth and balance; Triple Flange hoops preserve more of the line’s native openness.
12x6.5 • 6 lugs • 12 - 8mm + $150 (Re-Rings Required) • Triple Flange • Black Nickel • Light Torch,12|6.5|6|12 - 8mm + $150 (Re-Rings Required)|Triple Flange|Black Nickel|Light Torch,12,6.5,6,12 - 8mm + $150 (Re-Rings Required),Triple Flange,Black Nickel,Light Torch,3.31,1.69,Lively touch with open detail,1.4055,"Expressive, blooming response",2.667,"Dark, complex Heritage bloom",2.599,simple:lively-touch-open-detail > shaped:expressive-blooming-response > complex:dark-complex-heritage-bloom,4.53,5.07,4.94,6.03,5.32,5.7,4.34,-0.47,0.07,-0.06,1.03,0.32,0.7,-0.66,"A more open Heritage read, where the lighter torch treatment preserves extra liveliness, touch response, and a slightly freer bloom through the shell.","A cleaner, slightly more modern Heritage presentation with a lighter TorchTuned imprint that preserves more openness, touch response, and a slightly freer shell reaction, while keeping the shell-first balance intact.","Noticeably shifted away from the benchmark Heritage center; a longer, broader note bloom; the lighter TorchTune finish preserves more touch response and a freer shell reaction; the deeper 12-inch re-ring shell keeps studio warmth and balance; Triple Flange hoops preserve more of the line’s native openness."
12x6.5 • 6 lugs • 12 - 8mm + $150 (Re-Rings Required) • Triple Flange • Black Nickel • Medium Torch,12|6.5|6|12 - 8mm + $150 (Re-Rings Required)|Triple Flange|Black Nickel|Medium Torch,12,6.5,6,12 - 8mm + $150 (Re-Rings Required),Triple Flange,Black Nickel,Medium Torch,2.56,1.13,"Warm, deep settled center",1.245,Rounded body with a clear start,2.0795,"Dark, complex Heritage bloom",2.182,simple:warm-deep-settled-center > shaped:rounded-body-clear-start > complex:dark-complex-heritage-bloom,4.71,4.89,4.83,5.77,5.4,5.46,4.64,-0.29,-0.11,-0.17,0.77,0.4,0.46,-0.36,A compact all-round Heritage read with extra studio warmth from the deeper small shell and a supported re-ring response.,"A seasoned, slightly more modern Heritage presentation with a balanced TorchTuned posture, while keeping the shell-first balance intact.","Noticeably shifted away from the benchmark Heritage center; a longer, broader note bloom; the deeper 12-inch re-ring shell keeps studio warmth and balance; Triple Flange hoops preserve more of the line’s native openness."
12x6.5 • 6 lugs • 12 - 8mm + $150 (Re-Rings Required) • Triple Flange • Black Nickel • Blackened,12|6.5|6|12 - 8mm + $150 (Re-Rings Required)|Triple Flange|Black Nickel|Blackened,12,6.5,6,12 - 8mm + $150 (Re-Rings Required),Triple Flange,Black Nickel,Blackened,1.95,0.8,"Warm, deep settled center",1.015,Rounded body with a clear start,1.6375,"Dark, complex Heritage bloom",1.947,simple:warm-deep-settled-center > shaped:rounded-body-clear-start > complex:dark-complex-heritage-bloom,4.89,4.71,4.72,5.51,5.48,5.22,4.94,-0.11,-0.29,-0.28,0.51,0.48,0.22,-0.06,"A compact, TorchTuned Heritage read: still lively from the smaller shell, but darker and more settled than the same build in a lighter finish.","A darker, slightly more modern Heritage presentation with a stronger TorchTuned imprint that favors firmer note control, slightly lower sensitivity, and a more unified shell response under heavier treatment, while keeping the shell-first balance intact.",Close to the benchmark Heritage warmth posture; the deeper 12-inch re-ring shell keeps studio warmth and balance; Triple Flange hoops preserve more of the line’s native openness.
12x6.5 • 6 lugs • 12 - 8mm + $150 (Re-Rings Required) • Triple Flange • Brass/Gold • Light Torch,12|6.5|6|12 - 8mm + $150 (Re-Rings Required)|Triple Flange|Brass/Gold|Light Torch,12,6.5,6,12 - 8mm + $150 (Re-Rings Required),Triple Flange,Brass/Gold,Light Torch,3.31,1.69,Lively touch with open detail,1.4055,"Expressive, blooming response",2.667,"Dark, complex Heritage bloom",2.599,simple:lively-touch-open-detail > shaped:expressive-blooming-response > complex:dark-complex-heritage-bloom,4.53,5.07,4.94,6.03,5.32,5.7,4.34,-0.47,0.07,-0.06,1.03,0.32,0.7,-0.66,"A more open Heritage read, where the lighter torch treatment preserves extra liveliness, touch response, and a slightly freer bloom through the shell.","A cleaner, richer Heritage presentation with a lighter TorchTuned imprint that preserves more openness, touch response, and a slightly freer shell reaction, while keeping the shell-first balance intact.","Noticeably shifted away from the benchmark Heritage center; a longer, broader note bloom; the lighter TorchTune finish preserves more touch response and a freer shell reaction; the deeper 12-inch re-ring shell keeps studio warmth and balance; Triple Flange hoops preserve more of the line’s native openness."
12x6.5 • 6 lugs • 12 - 8mm + $150 (Re-Rings Required) • Triple Flange • Brass/Gold • Medium Torch,12|6.5|6|12 - 8mm + $150 (Re-Rings Required)|Triple Flange|Brass/Gold|Medium Torch,12,6.5,6,12 - 8mm + $150 (Re-Rings Required),Triple Flange,Brass/Gold,Medium Torch,2.56,1.13,"Warm, deep settled center",1.245,Rounded body with a clear start,2.0795,"Dark, complex Heritage bloom",2.182,simple:warm-deep-settled-center > shaped:rounded-body-clear-start > complex:dark-complex-heritage-bloom,4.71,4.89,4.83,5.77,5.4,5.46,4.64,-0.29,-0.11,-0.17,0.77,0.4,0.46,-0.36,A compact all-round Heritage read with extra studio warmth from the deeper small shell and a supported re-ring response.,"A seasoned, richer Heritage presentation with a balanced TorchTuned posture, while keeping the shell-first balance intact.","Noticeably shifted away from the benchmark Heritage center; a longer, broader note bloom; the deeper 12-inch re-ring shell keeps studio warmth and balance; Triple Flange hoops preserve more of the line’s native openness."
12x6.5 • 6 lugs • 12 - 8mm + $150 (Re-Rings Required) • Triple Flange • Brass/Gold • Blackened,12|6.5|6|12 - 8mm + $150 (Re-Rings Required)|Triple Flange|Brass/Gold|Blackened,12,6.5,6,12 - 8mm + $150 (Re-Rings Required),Triple Flange,Brass/Gold,Blackened,1.95,0.8,"Warm, deep settled center",1.015,Rounded body with a clear start,1.6375,"Dark, complex Heritage bloom",1.947,simple:warm-deep-settled-center > shaped:rounded-body-clear-start > complex:dark-complex-heritage-bloom,4.89,4.71,4.72,5.51,5.48,5.22,4.94,-0.11,-0.29,-0.28,0.51,0.48,0.22,-0.06,"A compact, TorchTuned Heritage read: still lively from the smaller shell, but darker and more settled than the same build in a lighter finish.","A darker, richer Heritage presentation with a stronger TorchTuned imprint that favors firmer note control, slightly lower sensitivity, and a more unified shell response under heavier treatment, while keeping the shell-first balance intact.",Close to the benchmark Heritage warmth posture; the deeper 12-inch re-ring shell keeps studio warmth and balance; Triple Flange hoops preserve more of the line’s native openness.
12x6.5 • 6 lugs • 12 - 8mm + $150 (Re-Rings Required) • Die-Cast • Chrome • Light Torch,12|6.5|6|12 - 8mm + $150 (Re-Rings Required)|Die-Cast|Chrome|Light Torch,12,6.5,6,12 - 8mm + $150 (Re-Rings Required),Die-Cast,Chrome,Light Torch,2.12,0.96,"Compact, quick, lean response",1.2965,"Expressive, blooming response",1.8055,"Wide, open Heritage bloom",1.3945,simple:compact-quick-lean-response > shaped:expressive-blooming-response > complex:wide-open-heritage-bloom,4.85,5.31,5.14,5.73,5.11,5.45,4.77,-0.15,0.31,0.14,0.73,0.11,0.45,-0.23,"A focused-but-open Heritage read: the die-cast hoops tighten the rim response, while the lighter TorchTune finish keeps more touch, air, and upper-shell liveliness in the voice.","A cleaner, classic Heritage presentation with a lighter TorchTuned imprint that preserves more openness, touch response, and a slightly freer shell reaction, while keeping the shell-first balance intact.","Noticeably shifted away from the benchmark Heritage center; a longer, broader note bloom; Light Torch keeps more touch and liveliness while the die-cast hoops add rim focus; the deeper 12-inch re-ring shell keeps studio warmth and balance; Die-Cast hoops add focus and containment."
12x6.5 • 6 lugs • 12 - 8mm + $150 (Re-Rings Required) • Die-Cast • Chrome • Medium Torch,12|6.5|6|12 - 8mm + $150 (Re-Rings Required)|Die-Cast|Chrome|Medium Torch,12,6.5,6,12 - 8mm + $150 (Re-Rings Required),Die-Cast,Chrome,Medium Torch,1.13,0.44,"Compact, quick, lean response",1.0432,Rounded body with a clear start,1.2216,Balanced Heritage center,2.9875,simple:compact-quick-lean-response > shaped:rounded-body-clear-start > complex:balanced-heritage-center,5.03,5.13,5.03,5.47,5.19,5.21,5.07,0.03,0.13,0.03,0.47,0.19,0.21,0.07,"A more focused Heritage read with firmer note shape, cleaner front edge, and tighter overall behavior.","A seasoned, classic Heritage presentation with a balanced TorchTuned posture, while keeping the shell-first balance intact.",Close to the benchmark Heritage warmth posture; the Medium Torch benchmark keeps the line centered between openness and control; the deeper 12-inch re-ring shell keeps studio warmth and balance; Die-Cast hoops add focus and containment.
12x6.5 • 6 lugs • 12 - 8mm + $150 (Re-Rings Required) • Die-Cast • Chrome • Blackened,12|6.5|6|12 - 8mm + $150 (Re-Rings Required)|Die-Cast|Chrome|Blackened,12,6.5,6,12 - 8mm + $150 (Re-Rings Required),Die-Cast,Chrome,Blackened,1.22,0.45,Focused throw with clean shape,0.9828,Rounded body with a clear start,1.018,Balanced Heritage center,2.2175,simple:focused-throw-clean-shape > shaped:rounded-body-clear-start > complex:balanced-heritage-center,5.21,4.95,4.92,5.21,5.27,4.97,5.37,0.21,-0.05,-0.08,0.21,0.27,-0.03,0.37,"A more TorchTuned-forward Heritage read, where the heavier scorch treatment adds a firmer center, slightly tighter bloom, and a more settled shell response.","A darker, classic Heritage presentation with a stronger TorchTuned imprint that favors firmer note control, slightly lower sensitivity, and a more unified shell response under heavier treatment, while keeping the shell-first balance intact.",Close to the benchmark Heritage warmth posture; the Blackened finish adds a more contained center and slightly firmer shell behavior; the deeper 12-inch re-ring shell keeps studio warmth and balance; Die-Cast hoops add focus and containment.
12x6.5 • 6 lugs • 12 - 8mm + $150 (Re-Rings Required) • Die-Cast • Black Nickel • Light Torch,12|6.5|6|12 - 8mm + $150 (Re-Rings Required)|Die-Cast|Black Nickel|Light Torch,12,6.5,6,12 - 8mm + $150 (Re-Rings Required),Die-Cast,Black Nickel,Light Torch,2.12,0.96,"Compact, quick, lean response",1.2965,"Expressive, blooming response",1.8055,"Wide, open Heritage bloom",1.3945,simple:compact-quick-lean-response > shaped:expressive-blooming-response > complex:wide-open-heritage-bloom,4.85,5.31,5.14,5.73,5.11,5.45,4.77,-0.15,0.31,0.14,0.73,0.11,0.45,-0.23,"A focused-but-open Heritage read: the die-cast hoops tighten the rim response, while the lighter TorchTune finish keeps more touch, air, and upper-shell liveliness in the voice.","A cleaner, slightly more modern Heritage presentation with a lighter TorchTuned imprint that preserves more openness, touch response, and a slightly freer shell reaction, while keeping the shell-first balance intact.","Noticeably shifted away from the benchmark Heritage center; a longer, broader note bloom; Light Torch keeps more touch and liveliness while the die-cast hoops add rim focus; the deeper 12-inch re-ring shell keeps studio warmth and balance; Die-Cast hoops add focus and containment."
12x6.5 • 6 lugs • 12 - 8mm + $150 (Re-Rings Required) • Die-Cast • Black Nickel • Medium Torch,12|6.5|6|12 - 8mm + $150 (Re-Rings Required)|Die-Cast|Black Nickel|Medium Torch,12,6.5,6,12 - 8mm + $150 (Re-Rings Required),Die-Cast,Black Nickel,Medium Torch,1.13,0.44,"Compact, quick, lean response",1.0432,Rounded body with a clear start,1.2216,Balanced Heritage center,2.9875,simple:compact-quick-lean-response > shaped:rounded-body-clear-start > complex:balanced-heritage-center,5.03,5.13,5.03,5.47,5.19,5.21,5.07,0.03,0.13,0.03,0.47,0.19,0.21,0.07,"A more focused Heritage read with firmer note shape, cleaner front edge, and tighter overall behavior.","A seasoned, slightly more modern Heritage presentation with a balanced TorchTuned posture, while keeping the shell-first balance intact.",Close to the benchmark Heritage warmth posture; the Medium Torch benchmark keeps the line centered between openness and control; the deeper 12-inch re-ring shell keeps studio warmth and balance; Die-Cast hoops add focus and containment.
12x6.5 • 6 lugs • 12 - 8mm + $150 (Re-Rings Required) • Die-Cast • Black Nickel • Blackened,12|6.5|6|12 - 8mm + $150 (Re-Rings Required)|Die-Cast|Black Nickel|Blackened,12,6.5,6,12 - 8mm + $150 (Re-Rings Required),Die-Cast,Black Nickel,Blackened,1.22,0.45,Focused throw with clean shape,0.9828,Rounded body with a clear start,1.018,Balanced Heritage center,2.2175,simple:focused-throw-clean-shape > shaped:rounded-body-clear-start > complex:balanced-heritage-center,5.21,4.95,4.92,5.21,5.27,4.97,5.37,0.21,-0.05,-0.08,0.21,0.27,-0.03,0.37,"A more TorchTuned-forward Heritage read, where the heavier scorch treatment adds a firmer center, slightly tighter bloom, and a more settled shell response.","A darker, slightly more modern Heritage presentation with a stronger TorchTuned imprint that favors firmer note control, slightly lower sensitivity, and a more unified shell response under heavier treatment, while keeping the shell-first balance intact.",Close to the benchmark Heritage warmth posture; the Blackened finish adds a more contained center and slightly firmer shell behavior; the deeper 12-inch re-ring shell keeps studio warmth and balance; Die-Cast hoops add focus and containment.
12x6.5 • 6 lugs • 12 - 8mm + $150 (Re-Rings Required) • Die-Cast • Brass/Gold • Light Torch,12|6.5|6|12 - 8mm + $150 (Re-Rings Required)|Die-Cast|Brass/Gold|Light Torch,12,6.5,6,12 - 8mm + $150 (Re-Rings Required),Die-Cast,Brass/Gold,Light Torch,2.12,0.96,"Compact, quick, lean response",1.2965,"Expressive, blooming response",1.8055,"Wide, open Heritage bloom",1.3945,simple:compact-quick-lean-response > shaped:expressive-blooming-response > complex:wide-open-heritage-bloom,4.85,5.31,5.14,5.73,5.11,5.45,4.77,-0.15,0.31,0.14,0.73,0.11,0.45,-0.23,"A focused-but-open Heritage read: the die-cast hoops tighten the rim response, while the lighter TorchTune finish keeps more touch, air, and upper-shell liveliness in the voice.","A cleaner, richer Heritage presentation with a lighter TorchTuned imprint that preserves more openness, touch response, and a slightly freer shell reaction, while keeping the shell-first balance intact.","Noticeably shifted away from the benchmark Heritage center; a longer, broader note bloom; Light Torch keeps more touch and liveliness while the die-cast hoops add rim focus; the deeper 12-inch re-ring shell keeps studio warmth and balance; Die-Cast hoops add focus and containment."
12x6.5 • 6 lugs • 12 - 8mm + $150 (Re-Rings Required) • Die-Cast • Brass/Gold • Medium Torch,12|6.5|6|12 - 8mm + $150 (Re-Rings Required)|Die-Cast|Brass/Gold|Medium Torch,12,6.5,6,12 - 8mm + $150 (Re-Rings Required),Die-Cast,Brass/Gold,Medium Torch,1.13,0.44,"Compact, quick, lean response",1.0432,Rounded body with a clear start,1.2216,Balanced Heritage center,2.9875,simple:compact-quick-lean-response > shaped:rounded-body-clear-start > complex:balanced-heritage-center,5.03,5.13,5.03,5.47,5.19,5.21,5.07,0.03,0.13,0.03,0.47,0.19,0.21,0.07,"A more focused Heritage read with firmer note shape, cleaner front edge, and tighter overall behavior.","A seasoned, richer Heritage presentation with a balanced TorchTuned posture, while keeping the shell-first balance intact.",Close to the benchmark Heritage warmth posture; the Medium Torch benchmark keeps the line centered between openness and control; the deeper 12-inch re-ring shell keeps studio warmth and balance; Die-Cast hoops add focus and containment.
12x6.5 • 6 lugs • 12 - 8mm + $150 (Re-Rings Required) • Die-Cast • Brass/Gold • Blackened,12|6.5|6|12 - 8mm + $150 (Re-Rings Required)|Die-Cast|Brass/Gold|Blackened,12,6.5,6,12 - 8mm + $150 (Re-Rings Required),Die-Cast,Brass/Gold,Blackened,1.22,0.45,Focused throw with clean shape,0.9828,Rounded body with a clear start,1.018,Balanced Heritage center,2.2175,simple:focused-throw-clean-shape > shaped:rounded-body-clear-start > complex:balanced-heritage-center,5.21,4.95,4.92,5.21,5.27,4.97,5.37,0.21,-0.05,-0.08,0.21,0.27,-0.03,0.37,"A more TorchTuned-forward Heritage read, where the heavier scorch treatment adds a firmer center, slightly tighter bloom, and a more settled shell response.","A darker, richer Heritage presentation with a stronger TorchTuned imprint that favors firmer note control, slightly lower sensitivity, and a more unified shell response under heavier treatment, while keeping the shell-first balance intact.",Close to the benchmark Heritage warmth posture; the Blackened finish adds a more contained center and slightly firmer shell behavior; the deeper 12-inch re-ring shell keeps studio warmth and balance; Die-Cast hoops add focus and containment.
12x6.5 • 8 lugs • 16 - 10mm • Triple Flange • Chrome • Light Torch,12|6.5|8|16 - 10mm|Triple Flange|Chrome|Light Torch,12,6.5,8,16 - 10mm,Triple Flange,Chrome,Light Torch,2.03,0.82,"Compact, quick, lean response",1.4435,Rounded body with a clear start,1.3475,"Wide, open Heritage bloom",1.0985,simple:compact-quick-lean-response > shaped:rounded-body-clear-start > complex:wide-open-heritage-bloom,5.13,5.38,5.43,5.39,4.93,5.24,4.61,0.13,0.38,0.43,0.39,-0.07,0.24,-0.39,"A more open Heritage read, where the lighter torch treatment preserves extra liveliness, touch response, and a slightly freer bloom through the shell.","A cleaner, classic Heritage presentation with a lighter TorchTuned imprint that preserves more openness, touch response, and a slightly freer shell reaction, while keeping the shell-first balance intact.",Close to the benchmark Heritage warmth posture; the lighter TorchTune finish preserves more touch response and a freer shell reaction; Triple Flange hoops preserve more of the line’s native openness.
12x6.5 • 8 lugs • 16 - 10mm • Triple Flange • Chrome • Medium Torch,12|6.5|8|16 - 10mm|Triple Flange|Chrome|Medium Torch,12,6.5,8,16 - 10mm,Triple Flange,Chrome,Medium Torch,1.06,0.41,"Compact, quick, lean response",1.2408,Rounded body with a clear start,1.3721,Balanced Heritage center,2.6275,simple:compact-quick-lean-response > shaped:rounded-body-clear-start > complex:balanced-heritage-center,5.31,5.2,5.32,5.13,5.01,5,4.91,0.31,0.2,0.32,0.13,0.01,0,-0.09,"A balanced Heritage read with natural openness, grounded body, and classic shell-first response.","A seasoned, classic Heritage presentation with a balanced TorchTuned posture, while keeping the shell-first balance intact.",Close to the benchmark Heritage warmth posture; the Medium Torch benchmark keeps the line centered between openness and control; Triple Flange hoops preserve more of the line’s native openness.
12x6.5 • 8 lugs • 16 - 10mm • Triple Flange • Chrome • Blackened,12|6.5|8|16 - 10mm|Triple Flange|Chrome|Blackened,12,6.5,8,16 - 10mm,Triple Flange,Chrome,Blackened,1.39,0.73,"Compact, quick, lean response",1.2804,Rounded body with a clear start,1.2715,"Dark, contained shell shape",1.2436,simple:compact-quick-lean-response > shaped:rounded-body-clear-start > complex:dark-contained-shell-shape,5.49,5.02,5.21,4.87,5.09,4.76,5.21,0.49,0.02,0.21,-0.13,0.09,-0.24,0.21,"A compact, TorchTuned Heritage read: still lively from the smaller shell, but darker and more settled than the same build in a lighter finish.","A darker, classic Heritage presentation with a stronger TorchTuned imprint that favors firmer note control, slightly lower sensitivity, and a more unified shell response under heavier treatment, while keeping the shell-first balance intact.",Close to the benchmark Heritage warmth posture; the Blackened finish adds a more contained center and slightly firmer shell behavior; Triple Flange hoops preserve more of the line’s native openness.
12x6.5 • 8 lugs • 16 - 10mm • Triple Flange • Black Nickel • Light Torch,12|6.5|8|16 - 10mm|Triple Flange|Black Nickel|Light Torch,12,6.5,8,16 - 10mm,Triple Flange,Black Nickel,Light Torch,2.03,0.82,"Compact, quick, lean response",1.4435,Rounded body with a clear start,1.3475,"Wide, open Heritage bloom",1.0985,simple:compact-quick-lean-response > shaped:rounded-body-clear-start > complex:wide-open-heritage-bloom,5.13,5.38,5.43,5.39,4.93,5.24,4.61,0.13,0.38,0.43,0.39,-0.07,0.24,-0.39,"A more open Heritage read, where the lighter torch treatment preserves extra liveliness, touch response, and a slightly freer bloom through the shell.","A cleaner, slightly more modern Heritage presentation with a lighter TorchTuned imprint that preserves more openness, touch response, and a slightly freer shell reaction, while keeping the shell-first balance intact.",Close to the benchmark Heritage warmth posture; the lighter TorchTune finish preserves more touch response and a freer shell reaction; Triple Flange hoops preserve more of the line’s native openness.
12x6.5 • 8 lugs • 16 - 10mm • Triple Flange • Black Nickel • Medium Torch,12|6.5|8|16 - 10mm|Triple Flange|Black Nickel|Medium Torch,12,6.5,8,16 - 10mm,Triple Flange,Black Nickel,Medium Torch,1.06,0.41,"Compact, quick, lean response",1.2408,Rounded body with a clear start,1.3721,Balanced Heritage center,2.6275,simple:compact-quick-lean-response > shaped:rounded-body-clear-start > complex:balanced-heritage-center,5.31,5.2,5.32,5.13,5.01,5,4.91,0.31,0.2,0.32,0.13,0.01,0,-0.09,"A balanced Heritage read with natural openness, grounded body, and classic shell-first response.","A seasoned, slightly more modern Heritage presentation with a balanced TorchTuned posture, while keeping the shell-first balance intact.",Close to the benchmark Heritage warmth posture; the Medium Torch benchmark keeps the line centered between openness and control; Triple Flange hoops preserve more of the line’s native openness.
12x6.5 • 8 lugs • 16 - 10mm • Triple Flange • Black Nickel • Blackened,12|6.5|8|16 - 10mm|Triple Flange|Black Nickel|Blackened,12,6.5,8,16 - 10mm,Triple Flange,Black Nickel,Blackened,1.39,0.73,"Compact, quick, lean response",1.2804,Rounded body with a clear start,1.2715,"Dark, contained shell shape",1.2436,simple:compact-quick-lean-response > shaped:rounded-body-clear-start > complex:dark-contained-shell-shape,5.49,5.02,5.21,4.87,5.09,4.76,5.21,0.49,0.02,0.21,-0.13,0.09,-0.24,0.21,"A compact, TorchTuned Heritage read: still lively from the smaller shell, but darker and more settled than the same build in a lighter finish.","A darker, slightly more modern Heritage presentation with a stronger TorchTuned imprint that favors firmer note control, slightly lower sensitivity, and a more unified shell response under heavier treatment, while keeping the shell-first balance intact.",Close to the benchmark Heritage warmth posture; the Blackened finish adds a more contained center and slightly firmer shell behavior; Triple Flange hoops preserve more of the line’s native openness.
12x6.5 • 8 lugs • 16 - 10mm • Triple Flange • Brass/Gold • Light Torch,12|6.5|8|16 - 10mm|Triple Flange|Brass/Gold|Light Torch,12,6.5,8,16 - 10mm,Triple Flange,Brass/Gold,Light Torch,2.03,0.82,"Compact, quick, lean response",1.4435,Rounded body with a clear start,1.3475,"Wide, open Heritage bloom",1.0985,simple:compact-quick-lean-response > shaped:rounded-body-clear-start > complex:wide-open-heritage-bloom,5.13,5.38,5.43,5.39,4.93,5.24,4.61,0.13,0.38,0.43,0.39,-0.07,0.24,-0.39,"A more open Heritage read, where the lighter torch treatment preserves extra liveliness, touch response, and a slightly freer bloom through the shell.","A cleaner, richer Heritage presentation with a lighter TorchTuned imprint that preserves more openness, touch response, and a slightly freer shell reaction, while keeping the shell-first balance intact.",Close to the benchmark Heritage warmth posture; the lighter TorchTune finish preserves more touch response and a freer shell reaction; Triple Flange hoops preserve more of the line’s native openness.
12x6.5 • 8 lugs • 16 - 10mm • Triple Flange • Brass/Gold • Medium Torch,12|6.5|8|16 - 10mm|Triple Flange|Brass/Gold|Medium Torch,12,6.5,8,16 - 10mm,Triple Flange,Brass/Gold,Medium Torch,1.06,0.41,"Compact, quick, lean response",1.2408,Rounded body with a clear start,1.3721,Balanced Heritage center,2.6275,simple:compact-quick-lean-response > shaped:rounded-body-clear-start > complex:balanced-heritage-center,5.31,5.2,5.32,5.13,5.01,5,4.91,0.31,0.2,0.32,0.13,0.01,0,-0.09,"A balanced Heritage read with natural openness, grounded body, and classic shell-first response.","A seasoned, richer Heritage presentation with a balanced TorchTuned posture, while keeping the shell-first balance intact.",Close to the benchmark Heritage warmth posture; the Medium Torch benchmark keeps the line centered between openness and control; Triple Flange hoops preserve more of the line’s native openness.
12x6.5 • 8 lugs • 16 - 10mm • Triple Flange • Brass/Gold • Blackened,12|6.5|8|16 - 10mm|Triple Flange|Brass/Gold|Blackened,12,6.5,8,16 - 10mm,Triple Flange,Brass/Gold,Blackened,1.39,0.73,"Compact, quick, lean response",1.2804,Rounded body with a clear start,1.2715,"Dark, contained shell shape",1.2436,simple:compact-quick-lean-response > shaped:rounded-body-clear-start > complex:dark-contained-shell-shape,5.49,5.02,5.21,4.87,5.09,4.76,5.21,0.49,0.02,0.21,-0.13,0.09,-0.24,0.21,"A compact, TorchTuned Heritage read: still lively from the smaller shell, but darker and more settled than the same build in a lighter finish.","A darker, richer Heritage presentation with a stronger TorchTuned imprint that favors firmer note control, slightly lower sensitivity, and a more unified shell response under heavier treatment, while keeping the shell-first balance intact.",Close to the benchmark Heritage warmth posture; the Blackened finish adds a more contained center and slightly firmer shell behavior; Triple Flange hoops preserve more of the line’s native openness.
12x6.5 • 8 lugs • 16 - 10mm • Die-Cast • Chrome • Light Torch,12|6.5|8|16 - 10mm|Die-Cast|Chrome|Light Torch,12,6.5,8,16 - 10mm,Die-Cast,Chrome,Light Torch,2.16,0.9,"Compact, quick, lean response",2.1335,"Fast, disciplined touch response",0.99,Shorter note with firm response,1.3155,simple:compact-quick-lean-response > shaped:fast-disciplined-touch-response > complex:shorter-note-firm-response,5.47,5.62,5.63,5.07,4.73,5.02,5.08,0.47,0.62,0.63,0.07,-0.27,0.02,0.08,"A focused-but-open Heritage read: the die-cast hoops tighten the rim response, while the lighter TorchTune finish keeps more touch, air, and upper-shell liveliness in the voice.","A cleaner, classic Heritage presentation with a lighter TorchTuned imprint that preserves more openness, touch response, and a slightly freer shell reaction, while keeping the shell-first balance intact.",Noticeably shifted away from the benchmark Heritage center; stronger outward throw; Light Torch keeps more touch and liveliness while the die-cast hoops add rim focus; Die-Cast hoops add focus and containment.
12x6.5 • 8 lugs • 16 - 10mm • Die-Cast • Chrome • Medium Torch,12|6.5|8|16 - 10mm|Die-Cast|Chrome|Medium Torch,12,6.5,8,16 - 10mm,Die-Cast,Chrome,Medium Torch,2.59,0.87,"Compact, quick, lean response",1.9775,Rounded body with a clear start,1.3725,Shorter note with firm response,1.889,simple:compact-quick-lean-response > shaped:rounded-body-clear-start > complex:shorter-note-firm-response,5.65,5.44,5.52,4.81,4.81,4.78,5.38,0.65,0.44,0.52,-0.19,-0.19,-0.22,0.38,"A more focused Heritage read with firmer note shape, cleaner front edge, and tighter overall behavior.","A seasoned, classic Heritage presentation with a balanced TorchTuned posture, while keeping the front edge firm and articulate.","Noticeably shifted away from the benchmark Heritage center; a quicker, drier bite with a more defined front edge; Die-Cast hoops add focus and containment."
12x6.5 • 8 lugs • 16 - 10mm • Die-Cast • Chrome • Blackened,12|6.5|8|16 - 10mm|Die-Cast|Chrome|Blackened,12,6.5,8,16 - 10mm,Die-Cast,Chrome,Blackened,3.2,1.29,Focused throw with clean shape,2.038,Grounded body with directed carry,1.1735,Shorter note with firm response,2.7035,simple:focused-throw-clean-shape > shaped:grounded-body-directed-carry > complex:shorter-note-firm-response,5.83,5.26,5.41,4.55,4.89,4.54,5.68,0.83,0.26,0.41,-0.45,-0.11,-0.46,0.68,"A more TorchTuned-forward Heritage read, where the heavier scorch treatment adds a firmer center, slightly tighter bloom, and a more settled shell response.","A darker, classic Heritage presentation with a stronger TorchTuned imprint that favors firmer note control, slightly lower sensitivity, and a more unified shell response under heavier treatment, while keeping the front edge firm and articulate.","Noticeably shifted away from the benchmark Heritage center; a quicker, drier bite with a more defined front edge; the Blackened finish pushes the read toward stronger control and a more disciplined shell response; touch sensitivity is traded for a more locked-in note center; Die-Cast hoops add focus and containment."
12x6.5 • 8 lugs • 16 - 10mm • Die-Cast • Black Nickel • Light Torch,12|6.5|8|16 - 10mm|Die-Cast|Black Nickel|Light Torch,12,6.5,8,16 - 10mm,Die-Cast,Black Nickel,Light Torch,2.16,0.9,"Compact, quick, lean response",2.1335,"Fast, disciplined touch response",0.99,Shorter note with firm response,1.3155,simple:compact-quick-lean-response > shaped:fast-disciplined-touch-response > complex:shorter-note-firm-response,5.47,5.62,5.63,5.07,4.73,5.02,5.08,0.47,0.62,0.63,0.07,-0.27,0.02,0.08,"A focused-but-open Heritage read: the die-cast hoops tighten the rim response, while the lighter TorchTune finish keeps more touch, air, and upper-shell liveliness in the voice.","A cleaner, slightly more modern Heritage presentation with a lighter TorchTuned imprint that preserves more openness, touch response, and a slightly freer shell reaction, while keeping the shell-first balance intact.",Noticeably shifted away from the benchmark Heritage center; stronger outward throw; Light Torch keeps more touch and liveliness while the die-cast hoops add rim focus; Die-Cast hoops add focus and containment.
12x6.5 • 8 lugs • 16 - 10mm • Die-Cast • Black Nickel • Medium Torch,12|6.5|8|16 - 10mm|Die-Cast|Black Nickel|Medium Torch,12,6.5,8,16 - 10mm,Die-Cast,Black Nickel,Medium Torch,2.59,0.87,"Compact, quick, lean response",1.9775,Rounded body with a clear start,1.3725,Shorter note with firm response,1.889,simple:compact-quick-lean-response > shaped:rounded-body-clear-start > complex:shorter-note-firm-response,5.65,5.44,5.52,4.81,4.81,4.78,5.38,0.65,0.44,0.52,-0.19,-0.19,-0.22,0.38,"A more focused Heritage read with firmer note shape, cleaner front edge, and tighter overall behavior.","A seasoned, slightly more modern Heritage presentation with a balanced TorchTuned posture, while keeping the front edge firm and articulate.","Noticeably shifted away from the benchmark Heritage center; a quicker, drier bite with a more defined front edge; Die-Cast hoops add focus and containment."
12x6.5 • 8 lugs • 16 - 10mm • Die-Cast • Black Nickel • Blackened,12|6.5|8|16 - 10mm|Die-Cast|Black Nickel|Blackened,12,6.5,8,16 - 10mm,Die-Cast,Black Nickel,Blackened,3.2,1.29,Focused throw with clean shape,2.038,Grounded body with directed carry,1.1735,Shorter note with firm response,2.7035,simple:focused-throw-clean-shape > shaped:grounded-body-directed-carry > complex:shorter-note-firm-response,5.83,5.26,5.41,4.55,4.89,4.54,5.68,0.83,0.26,0.41,-0.45,-0.11,-0.46,0.68,"A more TorchTuned-forward Heritage read, where the heavier scorch treatment adds a firmer center, slightly tighter bloom, and a more settled shell response.","A darker, slightly more modern Heritage presentation with a stronger TorchTuned imprint that favors firmer note control, slightly lower sensitivity, and a more unified shell response under heavier treatment, while keeping the front edge firm and articulate.","Noticeably shifted away from the benchmark Heritage center; a quicker, drier bite with a more defined front edge; the Blackened finish pushes the read toward stronger control and a more disciplined shell response; touch sensitivity is traded for a more locked-in note center; Die-Cast hoops add focus and containment."
12x6.5 • 8 lugs • 16 - 10mm • Die-Cast • Brass/Gold • Light Torch,12|6.5|8|16 - 10mm|Die-Cast|Brass/Gold|Light Torch,12,6.5,8,16 - 10mm,Die-Cast,Brass/Gold,Light Torch,2.16,0.9,"Compact, quick, lean response",2.1335,"Fast, disciplined touch response",0.99,Shorter note with firm response,1.3155,simple:compact-quick-lean-response > shaped:fast-disciplined-touch-response > complex:shorter-note-firm-response,5.47,5.62,5.63,5.07,4.73,5.02,5.08,0.47,0.62,0.63,0.07,-0.27,0.02,0.08,"A focused-but-open Heritage read: the die-cast hoops tighten the rim response, while the lighter TorchTune finish keeps more touch, air, and upper-shell liveliness in the voice.","A cleaner, richer Heritage presentation with a lighter TorchTuned imprint that preserves more openness, touch response, and a slightly freer shell reaction, while keeping the shell-first balance intact.",Noticeably shifted away from the benchmark Heritage center; stronger outward throw; Light Torch keeps more touch and liveliness while the die-cast hoops add rim focus; Die-Cast hoops add focus and containment.
12x6.5 • 8 lugs • 16 - 10mm • Die-Cast • Brass/Gold • Medium Torch,12|6.5|8|16 - 10mm|Die-Cast|Brass/Gold|Medium Torch,12,6.5,8,16 - 10mm,Die-Cast,Brass/Gold,Medium Torch,2.59,0.87,"Compact, quick, lean response",1.9775,Rounded body with a clear start,1.3725,Shorter note with firm response,1.889,simple:compact-quick-lean-response > shaped:rounded-body-clear-start > complex:shorter-note-firm-response,5.65,5.44,5.52,4.81,4.81,4.78,5.38,0.65,0.44,0.52,-0.19,-0.19,-0.22,0.38,"A more focused Heritage read with firmer note shape, cleaner front edge, and tighter overall behavior.","A seasoned, richer Heritage presentation with a balanced TorchTuned posture, while keeping the front edge firm and articulate.","Noticeably shifted away from the benchmark Heritage center; a quicker, drier bite with a more defined front edge; Die-Cast hoops add focus and containment."
12x6.5 • 8 lugs • 16 - 10mm • Die-Cast • Brass/Gold • Blackened,12|6.5|8|16 - 10mm|Die-Cast|Brass/Gold|Blackened,12,6.5,8,16 - 10mm,Die-Cast,Brass/Gold,Blackened,3.2,1.29,Focused throw with clean shape,2.038,Grounded body with directed carry,1.1735,Shorter note with firm response,2.7035,simple:focused-throw-clean-shape > shaped:grounded-body-directed-carry > complex:shorter-note-firm-response,5.83,5.26,5.41,4.55,4.89,4.54,5.68,0.83,0.26,0.41,-0.45,-0.11,-0.46,0.68,"A more TorchTuned-forward Heritage read, where the heavier scorch treatment adds a firmer center, slightly tighter bloom, and a more settled shell response.","A darker, richer Heritage presentation with a stronger TorchTuned imprint that favors firmer note control, slightly lower sensitivity, and a more unified shell response under heavier treatment, while keeping the front edge firm and articulate.","Noticeably shifted away from the benchmark Heritage center; a quicker, drier bite with a more defined front edge; the Blackened finish pushes the read toward stronger control and a more disciplined shell response; touch sensitivity is traded for a more locked-in note center; Die-Cast hoops add focus and containment."
12x7.0 • 6 lugs • 12 - 8mm + $150 (Re-Rings Required) • Triple Flange • Chrome • Light Torch,12|7.0|6|12 - 8mm + $150 (Re-Rings Required)|Triple Flange|Chrome|Light Torch,12,7.0,6,12 - 8mm + $150 (Re-Rings Required),Triple Flange,Chrome,Light Torch,3.8,1.88,"Warm, deep settled center",2.424,"Expressive, blooming response",3.2085,"Dark, complex Heritage bloom",3.1025,simple:warm-deep-settled-center > shaped:expressive-blooming-response > complex:dark-complex-heritage-bloom,4.43,5.02,5.01,6.21,5.67,5.65,4.33,-0.57,0.02,0.01,1.21,0.67,0.65,-0.67,"A more open Heritage read, where the lighter torch treatment preserves extra liveliness, touch response, and a slightly freer bloom through the shell.","A cleaner, classic Heritage presentation with a lighter TorchTuned imprint that preserves more openness, touch response, and a slightly freer shell reaction, while keeping the shell-first balance intact.","Warmer and more body-forward than the benchmark Heritage build; a longer, broader note bloom; the lighter TorchTune finish preserves more touch response and a freer shell reaction; the deeper 12-inch re-ring shell keeps studio warmth and balance; Triple Flange hoops preserve more of the line’s native openness."
12x7.0 • 6 lugs • 12 - 8mm + $150 (Re-Rings Required) • Triple Flange • Chrome • Medium Torch,12|7.0|6|12 - 8mm + $150 (Re-Rings Required)|Triple Flange|Chrome|Medium Torch,12,7.0,6,12 - 8mm + $150 (Re-Rings Required),Triple Flange,Chrome,Medium Torch,3.13,1.34,"Warm, deep settled center",2.346,"Expressive, blooming response",2.4535,"Dark, complex Heritage bloom",2.7205,simple:warm-deep-settled-center > shaped:expressive-blooming-response > complex:dark-complex-heritage-bloom,4.61,4.84,4.9,5.95,5.75,5.41,4.63,-0.39,-0.16,-0.1,0.95,0.75,0.41,-0.37,"A fuller Heritage read with broader body, deeper bloom, and a more grounded voice in the room.","A seasoned, classic Heritage presentation with a balanced TorchTuned posture, while keeping the emphasis on body, weight, and shell character.","Warmer and more body-forward than the benchmark Heritage build; a longer, broader note bloom; the deeper 12-inch re-ring shell keeps studio warmth and balance; Triple Flange hoops preserve more of the line’s native openness."
12x7.0 • 6 lugs • 12 - 8mm + $150 (Re-Rings Required) • Triple Flange • Chrome • Blackened,12|7.0|6|12 - 8mm + $150 (Re-Rings Required)|Triple Flange|Chrome|Blackened,12,7.0,6,12 - 8mm + $150 (Re-Rings Required),Triple Flange,Chrome,Blackened,2.34,1.01,"Warm, deep settled center",1.956,"Expressive, blooming response",1.8855,"Dark, complex Heritage bloom",2.3435,simple:warm-deep-settled-center > shaped:expressive-blooming-response > complex:dark-complex-heritage-bloom,4.79,4.68,4.79,5.69,5.67,5.17,4.93,-0.21,-0.32,-0.21,0.69,0.67,0.17,-0.07,"A compact, TorchTuned Heritage read: still lively from the smaller shell, but darker and more settled than the same build in a lighter finish.","A darker, classic Heritage presentation with a stronger TorchTuned imprint that favors firmer note control, slightly lower sensitivity, and a more unified shell response under heavier treatment, while keeping the shell-first balance intact.","Warmer and more body-forward than the benchmark Heritage build; a longer, broader note bloom; the deeper 12-inch re-ring shell keeps studio warmth and balance; Triple Flange hoops preserve more of the line’s native openness."
12x7.0 • 6 lugs • 12 - 8mm + $150 (Re-Rings Required) • Triple Flange • Black Nickel • Light Torch,12|7.0|6|12 - 8mm + $150 (Re-Rings Required)|Triple Flange|Black Nickel|Light Torch,12,7.0,6,12 - 8mm + $150 (Re-Rings Required),Triple Flange,Black Nickel,Light Torch,3.8,1.88,"Warm, deep settled center",2.424,"Expressive, blooming response",3.2085,"Dark, complex Heritage bloom",3.1025,simple:warm-deep-settled-center > shaped:expressive-blooming-response > complex:dark-complex-heritage-bloom,4.43,5.02,5.01,6.21,5.67,5.65,4.33,-0.57,0.02,0.01,1.21,0.67,0.65,-0.67,"A more open Heritage read, where the lighter torch treatment preserves extra liveliness, touch response, and a slightly freer bloom through the shell.","A cleaner, slightly more modern Heritage presentation with a lighter TorchTuned imprint that preserves more openness, touch response, and a slightly freer shell reaction, while keeping the shell-first balance intact.","Warmer and more body-forward than the benchmark Heritage build; a longer, broader note bloom; the lighter TorchTune finish preserves more touch response and a freer shell reaction; the deeper 12-inch re-ring shell keeps studio warmth and balance; Triple Flange hoops preserve more of the line’s native openness."
12x7.0 • 6 lugs • 12 - 8mm + $150 (Re-Rings Required) • Triple Flange • Black Nickel • Medium Torch,12|7.0|6|12 - 8mm + $150 (Re-Rings Required)|Triple Flange|Black Nickel|Medium Torch,12,7.0,6,12 - 8mm + $150 (Re-Rings Required),Triple Flange,Black Nickel,Medium Torch,3.13,1.34,"Warm, deep settled center",2.346,"Expressive, blooming response",2.4535,"Dark, complex Heritage bloom",2.7205,simple:warm-deep-settled-center > shaped:expressive-blooming-response > complex:dark-complex-heritage-bloom,4.61,4.84,4.9,5.95,5.75,5.41,4.63,-0.39,-0.16,-0.1,0.95,0.75,0.41,-0.37,"A fuller Heritage read with broader body, deeper bloom, and a more grounded voice in the room.","A seasoned, slightly more modern Heritage presentation with a balanced TorchTuned posture, while keeping the emphasis on body, weight, and shell character.","Warmer and more body-forward than the benchmark Heritage build; a longer, broader note bloom; the deeper 12-inch re-ring shell keeps studio warmth and balance; Triple Flange hoops preserve more of the line’s native openness."
12x7.0 • 6 lugs • 12 - 8mm + $150 (Re-Rings Required) • Triple Flange • Black Nickel • Blackened,12|7.0|6|12 - 8mm + $150 (Re-Rings Required)|Triple Flange|Black Nickel|Blackened,12,7.0,6,12 - 8mm + $150 (Re-Rings Required),Triple Flange,Black Nickel,Blackened,2.34,1.01,"Warm, deep settled center",1.956,"Expressive, blooming response",1.8855,"Dark, complex Heritage bloom",2.3435,simple:warm-deep-settled-center > shaped:expressive-blooming-response > complex:dark-complex-heritage-bloom,4.79,4.68,4.79,5.69,5.67,5.17,4.93,-0.21,-0.32,-0.21,0.69,0.67,0.17,-0.07,"A compact, TorchTuned Heritage read: still lively from the smaller shell, but darker and more settled than the same build in a lighter finish.","A darker, slightly more modern Heritage presentation with a stronger TorchTuned imprint that favors firmer note control, slightly lower sensitivity, and a more unified shell response under heavier treatment, while keeping the shell-first balance intact.","Warmer and more body-forward than the benchmark Heritage build; a longer, broader note bloom; the deeper 12-inch re-ring shell keeps studio warmth and balance; Triple Flange hoops preserve more of the line’s native openness."
12x7.0 • 6 lugs • 12 - 8mm + $150 (Re-Rings Required) • Triple Flange • Brass/Gold • Light Torch,12|7.0|6|12 - 8mm + $150 (Re-Rings Required)|Triple Flange|Brass/Gold|Light Torch,12,7.0,6,12 - 8mm + $150 (Re-Rings Required),Triple Flange,Brass/Gold,Light Torch,3.8,1.88,"Warm, deep settled center",2.424,"Expressive, blooming response",3.2085,"Dark, complex Heritage bloom",3.1025,simple:warm-deep-settled-center > shaped:expressive-blooming-response > complex:dark-complex-heritage-bloom,4.43,5.02,5.01,6.21,5.67,5.65,4.33,-0.57,0.02,0.01,1.21,0.67,0.65,-0.67,"A more open Heritage read, where the lighter torch treatment preserves extra liveliness, touch response, and a slightly freer bloom through the shell.","A cleaner, richer Heritage presentation with a lighter TorchTuned imprint that preserves more openness, touch response, and a slightly freer shell reaction, while keeping the shell-first balance intact.","Warmer and more body-forward than the benchmark Heritage build; a longer, broader note bloom; the lighter TorchTune finish preserves more touch response and a freer shell reaction; the deeper 12-inch re-ring shell keeps studio warmth and balance; Triple Flange hoops preserve more of the line’s native openness."
12x7.0 • 6 lugs • 12 - 8mm + $150 (Re-Rings Required) • Triple Flange • Brass/Gold • Medium Torch,12|7.0|6|12 - 8mm + $150 (Re-Rings Required)|Triple Flange|Brass/Gold|Medium Torch,12,7.0,6,12 - 8mm + $150 (Re-Rings Required),Triple Flange,Brass/Gold,Medium Torch,3.13,1.34,"Warm, deep settled center",2.346,"Expressive, blooming response",2.4535,"Dark, complex Heritage bloom",2.7205,simple:warm-deep-settled-center > shaped:expressive-blooming-response > complex:dark-complex-heritage-bloom,4.61,4.84,4.9,5.95,5.75,5.41,4.63,-0.39,-0.16,-0.1,0.95,0.75,0.41,-0.37,"A fuller Heritage read with broader body, deeper bloom, and a more grounded voice in the room.","A seasoned, richer Heritage presentation with a balanced TorchTuned posture, while keeping the emphasis on body, weight, and shell character.","Warmer and more body-forward than the benchmark Heritage build; a longer, broader note bloom; the deeper 12-inch re-ring shell keeps studio warmth and balance; Triple Flange hoops preserve more of the line’s native openness."
12x7.0 • 6 lugs • 12 - 8mm + $150 (Re-Rings Required) • Triple Flange • Brass/Gold • Blackened,12|7.0|6|12 - 8mm + $150 (Re-Rings Required)|Triple Flange|Brass/Gold|Blackened,12,7.0,6,12 - 8mm + $150 (Re-Rings Required),Triple Flange,Brass/Gold,Blackened,2.34,1.01,"Warm, deep settled center",1.956,"Expressive, blooming response",1.8855,"Dark, complex Heritage bloom",2.3435,simple:warm-deep-settled-center > shaped:expressive-blooming-response > complex:dark-complex-heritage-bloom,4.79,4.68,4.79,5.69,5.67,5.17,4.93,-0.21,-0.32,-0.21,0.69,0.67,0.17,-0.07,"A compact, TorchTuned Heritage read: still lively from the smaller shell, but darker and more settled than the same build in a lighter finish.","A darker, richer Heritage presentation with a stronger TorchTuned imprint that favors firmer note control, slightly lower sensitivity, and a more unified shell response under heavier treatment, while keeping the shell-first balance intact.","Warmer and more body-forward than the benchmark Heritage build; a longer, broader note bloom; the deeper 12-inch re-ring shell keeps studio warmth and balance; Triple Flange hoops preserve more of the line’s native openness."
12x7.0 • 6 lugs • 12 - 8mm + $150 (Re-Rings Required) • Die-Cast • Chrome • Light Torch,12|7.0|6|12 - 8mm + $150 (Re-Rings Required)|Die-Cast|Chrome|Light Torch,12,7.0,6,12 - 8mm + $150 (Re-Rings Required),Die-Cast,Chrome,Light Torch,2.74,1.14,"Warm, deep settled center",1.889,"Expressive, blooming response",2.3725,"Dark, complex Heritage bloom",2.279,simple:warm-deep-settled-center > shaped:expressive-blooming-response > complex:dark-complex-heritage-bloom,4.76,5.25,5.21,5.9,5.49,5.41,4.76,-0.24,0.25,0.21,0.9,0.49,0.41,-0.24,"A focused-but-open Heritage read: the die-cast hoops tighten the rim response, while the lighter TorchTune finish keeps more touch, air, and upper-shell liveliness in the voice.","A cleaner, classic Heritage presentation with a lighter TorchTuned imprint that preserves more openness, touch response, and a slightly freer shell reaction, while keeping the shell-first balance intact.","Noticeably shifted away from the benchmark Heritage center; a longer, broader note bloom; Light Torch keeps more touch and liveliness while the die-cast hoops add rim focus; the deeper 12-inch re-ring shell keeps studio warmth and balance; Die-Cast hoops add focus and containment."
12x7.0 • 6 lugs • 12 - 8mm + $150 (Re-Rings Required) • Die-Cast • Chrome • Medium Torch,12|7.0|6|12 - 8mm + $150 (Re-Rings Required)|Die-Cast|Chrome|Medium Torch,12,7.0,6,12 - 8mm + $150 (Re-Rings Required),Die-Cast,Chrome,Medium Torch,1.66,0.7,"Warm, deep settled center",1.811,Grounded body with directed carry,1.656,"Dark, complex Heritage bloom",1.818,simple:warm-deep-settled-center > shaped:grounded-body-directed-carry > complex:dark-complex-heritage-bloom,4.94,5.06,5.1,5.64,5.57,5.17,5.06,-0.06,0.06,0.1,0.64,0.57,0.17,0.06,"A more focused Heritage read with firmer note shape, cleaner front edge, and tighter overall behavior.","A seasoned, classic Heritage presentation with a balanced TorchTuned posture, while keeping the shell-first balance intact.",Warmer and more body-forward than the benchmark Heritage build; the deeper 12-inch re-ring shell keeps studio warmth and balance; Die-Cast hoops add focus and containment.
12x7.0 • 6 lugs • 12 - 8mm + $150 (Re-Rings Required) • Die-Cast • Chrome • Blackened,12|7.0|6|12 - 8mm + $150 (Re-Rings Required)|Die-Cast|Chrome|Blackened,12,7.0,6,12 - 8mm + $150 (Re-Rings Required),Die-Cast,Chrome,Blackened,1.49,0.55,"Warm, deep settled center",1.401,Grounded body with directed carry,1.726,Balanced Heritage center,1.3435,simple:warm-deep-settled-center > shaped:grounded-body-directed-carry > complex:balanced-heritage-center,5.12,4.92,4.99,5.38,5.47,4.93,5.36,0.12,-0.08,-0.01,0.38,0.47,-0.07,0.36,"A more TorchTuned-forward Heritage read, where the heavier scorch treatment adds a firmer center, slightly tighter bloom, and a more settled shell response.","A darker, classic Heritage presentation with a stronger TorchTuned imprint that favors firmer note control, slightly lower sensitivity, and a more unified shell response under heavier treatment, while keeping the shell-first balance intact.",Close to the benchmark Heritage warmth posture; the Blackened finish adds a more contained center and slightly firmer shell behavior; the deeper 12-inch re-ring shell keeps studio warmth and balance; Die-Cast hoops add focus and containment.
12x7.0 • 6 lugs • 12 - 8mm + $150 (Re-Rings Required) • Die-Cast • Black Nickel • Light Torch,12|7.0|6|12 - 8mm + $150 (Re-Rings Required)|Die-Cast|Black Nickel|Light Torch,12,7.0,6,12 - 8mm + $150 (Re-Rings Required),Die-Cast,Black Nickel,Light Torch,2.74,1.14,"Warm, deep settled center",1.889,"Expressive, blooming response",2.3725,"Dark, complex Heritage bloom",2.279,simple:warm-deep-settled-center > shaped:expressive-blooming-response > complex:dark-complex-heritage-bloom,4.76,5.25,5.21,5.9,5.49,5.41,4.76,-0.24,0.25,0.21,0.9,0.49,0.41,-0.24,"A focused-but-open Heritage read: the die-cast hoops tighten the rim response, while the lighter TorchTune finish keeps more touch, air, and upper-shell liveliness in the voice.","A cleaner, slightly more modern Heritage presentation with a lighter TorchTuned imprint that preserves more openness, touch response, and a slightly freer shell reaction, while keeping the shell-first balance intact.","Noticeably shifted away from the benchmark Heritage center; a longer, broader note bloom; Light Torch keeps more touch and liveliness while the die-cast hoops add rim focus; the deeper 12-inch re-ring shell keeps studio warmth and balance; Die-Cast hoops add focus and containment."
12x7.0 • 6 lugs • 12 - 8mm + $150 (Re-Rings Required) • Die-Cast • Black Nickel • Medium Torch,12|7.0|6|12 - 8mm + $150 (Re-Rings Required)|Die-Cast|Black Nickel|Medium Torch,12,7.0,6,12 - 8mm + $150 (Re-Rings Required),Die-Cast,Black Nickel,Medium Torch,1.66,0.7,"Warm, deep settled center",1.811,Grounded body with directed carry,1.656,"Dark, complex Heritage bloom",1.818,simple:warm-deep-settled-center > shaped:grounded-body-directed-carry > complex:dark-complex-heritage-bloom,4.94,5.06,5.1,5.64,5.57,5.17,5.06,-0.06,0.06,0.1,0.64,0.57,0.17,0.06,"A more focused Heritage read with firmer note shape, cleaner front edge, and tighter overall behavior.","A seasoned, slightly more modern Heritage presentation with a balanced TorchTuned posture, while keeping the shell-first balance intact.",Warmer and more body-forward than the benchmark Heritage build; the deeper 12-inch re-ring shell keeps studio warmth and balance; Die-Cast hoops add focus and containment.
12x7.0 • 6 lugs • 12 - 8mm + $150 (Re-Rings Required) • Die-Cast • Black Nickel • Blackened,12|7.0|6|12 - 8mm + $150 (Re-Rings Required)|Die-Cast|Black Nickel|Blackened,12,7.0,6,12 - 8mm + $150 (Re-Rings Required),Die-Cast,Black Nickel,Blackened,1.49,0.55,"Warm, deep settled center",1.401,Grounded body with directed carry,1.726,Balanced Heritage center,1.3435,simple:warm-deep-settled-center > shaped:grounded-body-directed-carry > complex:balanced-heritage-center,5.12,4.92,4.99,5.38,5.47,4.93,5.36,0.12,-0.08,-0.01,0.38,0.47,-0.07,0.36,"A more TorchTuned-forward Heritage read, where the heavier scorch treatment adds a firmer center, slightly tighter bloom, and a more settled shell response.","A darker, slightly more modern Heritage presentation with a stronger TorchTuned imprint that favors firmer note control, slightly lower sensitivity, and a more unified shell response under heavier treatment, while keeping the shell-first balance intact.",Close to the benchmark Heritage warmth posture; the Blackened finish adds a more contained center and slightly firmer shell behavior; the deeper 12-inch re-ring shell keeps studio warmth and balance; Die-Cast hoops add focus and containment.
12x7.0 • 6 lugs • 12 - 8mm + $150 (Re-Rings Required) • Die-Cast • Brass/Gold • Light Torch,12|7.0|6|12 - 8mm + $150 (Re-Rings Required)|Die-Cast|Brass/Gold|Light Torch,12,7.0,6,12 - 8mm + $150 (Re-Rings Required),Die-Cast,Brass/Gold,Light Torch,2.74,1.14,"Warm, deep settled center",1.889,"Expressive, blooming response",2.3725,"Dark, complex Heritage bloom",2.279,simple:warm-deep-settled-center > shaped:expressive-blooming-response > complex:dark-complex-heritage-bloom,4.76,5.25,5.21,5.9,5.49,5.41,4.76,-0.24,0.25,0.21,0.9,0.49,0.41,-0.24,"A focused-but-open Heritage read: the die-cast hoops tighten the rim response, while the lighter TorchTune finish keeps more touch, air, and upper-shell liveliness in the voice.","A cleaner, richer Heritage presentation with a lighter TorchTuned imprint that preserves more openness, touch response, and a slightly freer shell reaction, while keeping the shell-first balance intact.","Noticeably shifted away from the benchmark Heritage center; a longer, broader note bloom; Light Torch keeps more touch and liveliness while the die-cast hoops add rim focus; the deeper 12-inch re-ring shell keeps studio warmth and balance; Die-Cast hoops add focus and containment."
12x7.0 • 6 lugs • 12 - 8mm + $150 (Re-Rings Required) • Die-Cast • Brass/Gold • Medium Torch,12|7.0|6|12 - 8mm + $150 (Re-Rings Required)|Die-Cast|Brass/Gold|Medium Torch,12,7.0,6,12 - 8mm + $150 (Re-Rings Required),Die-Cast,Brass/Gold,Medium Torch,1.66,0.7,"Warm, deep settled center",1.811,Grounded body with directed carry,1.656,"Dark, complex Heritage bloom",1.818,simple:warm-deep-settled-center > shaped:grounded-body-directed-carry > complex:dark-complex-heritage-bloom,4.94,5.06,5.1,5.64,5.57,5.17,5.06,-0.06,0.06,0.1,0.64,0.57,0.17,0.06,"A more focused Heritage read with firmer note shape, cleaner front edge, and tighter overall behavior.","A seasoned, richer Heritage presentation with a balanced TorchTuned posture, while keeping the shell-first balance intact.",Warmer and more body-forward than the benchmark Heritage build; the deeper 12-inch re-ring shell keeps studio warmth and balance; Die-Cast hoops add focus and containment.
12x7.0 • 6 lugs • 12 - 8mm + $150 (Re-Rings Required) • Die-Cast • Brass/Gold • Blackened,12|7.0|6|12 - 8mm + $150 (Re-Rings Required)|Die-Cast|Brass/Gold|Blackened,12,7.0,6,12 - 8mm + $150 (Re-Rings Required),Die-Cast,Brass/Gold,Blackened,1.49,0.55,"Warm, deep settled center",1.401,Grounded body with directed carry,1.726,Balanced Heritage center,1.3435,simple:warm-deep-settled-center > shaped:grounded-body-directed-carry > complex:balanced-heritage-center,5.12,4.92,4.99,5.38,5.47,4.93,5.36,0.12,-0.08,-0.01,0.38,0.47,-0.07,0.36,"A more TorchTuned-forward Heritage read, where the heavier scorch treatment adds a firmer center, slightly tighter bloom, and a more settled shell response.","A darker, richer Heritage presentation with a stronger TorchTuned imprint that favors firmer note control, slightly lower sensitivity, and a more unified shell response under heavier treatment, while keeping the shell-first balance intact.",Close to the benchmark Heritage warmth posture; the Blackened finish adds a more contained center and slightly firmer shell behavior; the deeper 12-inch re-ring shell keeps studio warmth and balance; Die-Cast hoops add focus and containment.
12x7.0 • 8 lugs • 16 - 10mm • Triple Flange • Chrome • Light Torch,12|7.0|8|16 - 10mm|Triple Flange|Chrome|Light Torch,12,7.0,8,16 - 10mm,Triple Flange,Chrome,Light Torch,2.46,0.97,"Warm, deep settled center",1.608,"Expressive, blooming response",1.9145,"Wide, open Heritage bloom",1.5545,simple:warm-deep-settled-center > shaped:expressive-blooming-response > complex:wide-open-heritage-bloom,5.03,5.33,5.5,5.57,5.43,5.2,4.6,0.03,0.33,0.5,0.57,0.43,0.2,-0.4,"A more open Heritage read, where the lighter torch treatment preserves extra liveliness, touch response, and a slightly freer bloom through the shell.","A cleaner, classic Heritage presentation with a lighter TorchTuned imprint that preserves more openness, touch response, and a slightly freer shell reaction, while keeping the shell-first balance intact.",Noticeably shifted away from the benchmark Heritage center; the lighter TorchTune finish preserves more touch response and a freer shell reaction; Triple Flange hoops preserve more of the line’s native openness.
12x7.0 • 8 lugs • 16 - 10mm • Triple Flange • Chrome • Medium Torch,12|7.0|8|16 - 10mm|Triple Flange|Chrome|Medium Torch,12,7.0,8,16 - 10mm,Triple Flange,Chrome,Medium Torch,1.57,0.49,"Warm, deep settled center",1.39,Grounded body with directed carry,1.4045,Balanced Heritage center,1.0015,simple:warm-deep-settled-center > shaped:grounded-body-directed-carry > complex:balanced-heritage-center,5.21,5.15,5.39,5.31,5.37,4.96,4.9,0.21,0.15,0.39,0.31,0.37,-0.04,-0.1,"A balanced Heritage read with natural openness, grounded body, and classic shell-first response.","A seasoned, classic Heritage presentation with a balanced TorchTuned posture, while keeping the shell-first balance intact.",Close to the benchmark Heritage warmth posture; the Medium Torch benchmark keeps the line centered between openness and control; Triple Flange hoops preserve more of the line’s native openness.
12x7.0 • 8 lugs • 16 - 10mm • Triple Flange • Chrome • Blackened,12|7.0|8|16 - 10mm|Triple Flange|Chrome|Blackened,12,7.0,8,16 - 10mm,Triple Flange,Chrome,Blackened,1.5,0.67,"Warm, deep settled center",1,Grounded body with directed carry,1.401,"Dark, contained shell shape",1.3735,simple:warm-deep-settled-center > shaped:grounded-body-directed-carry > complex:dark-contained-shell-shape,5.39,4.99,5.28,5.05,5.29,4.72,5.2,0.39,-0.01,0.28,0.05,0.29,-0.28,0.2,"A compact, TorchTuned Heritage read: still lively from the smaller shell, but darker and more settled than the same build in a lighter finish.","A darker, classic Heritage presentation with a stronger TorchTuned imprint that favors firmer note control, slightly lower sensitivity, and a more unified shell response under heavier treatment, while keeping the shell-first balance intact.",Close to the benchmark Heritage warmth posture; the Blackened finish adds a more contained center and slightly firmer shell behavior; Triple Flange hoops preserve more of the line’s native openness.
12x7.0 • 8 lugs • 16 - 10mm • Triple Flange • Black Nickel • Light Torch,12|7.0|8|16 - 10mm|Triple Flange|Black Nickel|Light Torch,12,7.0,8,16 - 10mm,Triple Flange,Black Nickel,Light Torch,2.46,0.97,"Warm, deep settled center",1.608,"Expressive, blooming response",1.9145,"Wide, open Heritage bloom",1.5545,simple:warm-deep-settled-center > shaped:expressive-blooming-response > complex:wide-open-heritage-bloom,5.03,5.33,5.5,5.57,5.43,5.2,4.6,0.03,0.33,0.5,0.57,0.43,0.2,-0.4,"A more open Heritage read, where the lighter torch treatment preserves extra liveliness, touch response, and a slightly freer bloom through the shell.","A cleaner, slightly more modern Heritage presentation with a lighter TorchTuned imprint that preserves more openness, touch response, and a slightly freer shell reaction, while keeping the shell-first balance intact.",Noticeably shifted away from the benchmark Heritage center; the lighter TorchTune finish preserves more touch response and a freer shell reaction; Triple Flange hoops preserve more of the line’s native openness.
12x7.0 • 8 lugs • 16 - 10mm • Triple Flange • Black Nickel • Medium Torch,12|7.0|8|16 - 10mm|Triple Flange|Black Nickel|Medium Torch,12,7.0,8,16 - 10mm,Triple Flange,Black Nickel,Medium Torch,1.57,0.49,"Warm, deep settled center",1.39,Grounded body with directed carry,1.4045,Balanced Heritage center,1.0015,simple:warm-deep-settled-center > shaped:grounded-body-directed-carry > complex:balanced-heritage-center,5.21,5.15,5.39,5.31,5.37,4.96,4.9,0.21,0.15,0.39,0.31,0.37,-0.04,-0.1,"A balanced Heritage read with natural openness, grounded body, and classic shell-first response.","A seasoned, slightly more modern Heritage presentation with a balanced TorchTuned posture, while keeping the shell-first balance intact.",Close to the benchmark Heritage warmth posture; the Medium Torch benchmark keeps the line centered between openness and control; Triple Flange hoops preserve more of the line’s native openness.
12x7.0 • 8 lugs • 16 - 10mm • Triple Flange • Black Nickel • Blackened,12|7.0|8|16 - 10mm|Triple Flange|Black Nickel|Blackened,12,7.0,8,16 - 10mm,Triple Flange,Black Nickel,Blackened,1.5,0.67,"Warm, deep settled center",1,Grounded body with directed carry,1.401,"Dark, contained shell shape",1.3735,simple:warm-deep-settled-center > shaped:grounded-body-directed-carry > complex:dark-contained-shell-shape,5.39,4.99,5.28,5.05,5.29,4.72,5.2,0.39,-0.01,0.28,0.05,0.29,-0.28,0.2,"A compact, TorchTuned Heritage read: still lively from the smaller shell, but darker and more settled than the same build in a lighter finish.","A darker, slightly more modern Heritage presentation with a stronger TorchTuned imprint that favors firmer note control, slightly lower sensitivity, and a more unified shell response under heavier treatment, while keeping the shell-first balance intact.",Close to the benchmark Heritage warmth posture; the Blackened finish adds a more contained center and slightly firmer shell behavior; Triple Flange hoops preserve more of the line’s native openness.
12x7.0 • 8 lugs • 16 - 10mm • Triple Flange • Brass/Gold • Light Torch,12|7.0|8|16 - 10mm|Triple Flange|Brass/Gold|Light Torch,12,7.0,8,16 - 10mm,Triple Flange,Brass/Gold,Light Torch,2.46,0.97,"Warm, deep settled center",1.608,"Expressive, blooming response",1.9145,"Wide, open Heritage bloom",1.5545,simple:warm-deep-settled-center > shaped:expressive-blooming-response > complex:wide-open-heritage-bloom,5.03,5.33,5.5,5.57,5.43,5.2,4.6,0.03,0.33,0.5,0.57,0.43,0.2,-0.4,"A more open Heritage read, where the lighter torch treatment preserves extra liveliness, touch response, and a slightly freer bloom through the shell.","A cleaner, richer Heritage presentation with a lighter TorchTuned imprint that preserves more openness, touch response, and a slightly freer shell reaction, while keeping the shell-first balance intact.",Noticeably shifted away from the benchmark Heritage center; the lighter TorchTune finish preserves more touch response and a freer shell reaction; Triple Flange hoops preserve more of the line’s native openness.
12x7.0 • 8 lugs • 16 - 10mm • Triple Flange • Brass/Gold • Medium Torch,12|7.0|8|16 - 10mm|Triple Flange|Brass/Gold|Medium Torch,12,7.0,8,16 - 10mm,Triple Flange,Brass/Gold,Medium Torch,1.57,0.49,"Warm, deep settled center",1.39,Grounded body with directed carry,1.4045,Balanced Heritage center,1.0015,simple:warm-deep-settled-center > shaped:grounded-body-directed-carry > complex:balanced-heritage-center,5.21,5.15,5.39,5.31,5.37,4.96,4.9,0.21,0.15,0.39,0.31,0.37,-0.04,-0.1,"A balanced Heritage read with natural openness, grounded body, and classic shell-first response.","A seasoned, richer Heritage presentation with a balanced TorchTuned posture, while keeping the shell-first balance intact.",Close to the benchmark Heritage warmth posture; the Medium Torch benchmark keeps the line centered between openness and control; Triple Flange hoops preserve more of the line’s native openness.
12x7.0 • 8 lugs • 16 - 10mm • Triple Flange • Brass/Gold • Blackened,12|7.0|8|16 - 10mm|Triple Flange|Brass/Gold|Blackened,12,7.0,8,16 - 10mm,Triple Flange,Brass/Gold,Blackened,1.5,0.67,"Warm, deep settled center",1,Grounded body with directed carry,1.401,"Dark, contained shell shape",1.3735,simple:warm-deep-settled-center > shaped:grounded-body-directed-carry > complex:dark-contained-shell-shape,5.39,4.99,5.28,5.05,5.29,4.72,5.2,0.39,-0.01,0.28,0.05,0.29,-0.28,0.2,"A compact, TorchTuned Heritage read: still lively from the smaller shell, but darker and more settled than the same build in a lighter finish.","A darker, richer Heritage presentation with a stronger TorchTuned imprint that favors firmer note control, slightly lower sensitivity, and a more unified shell response under heavier treatment, while keeping the shell-first balance intact.",Close to the benchmark Heritage warmth posture; the Blackened finish adds a more contained center and slightly firmer shell behavior; Triple Flange hoops preserve more of the line’s native openness.
12x7.0 • 8 lugs • 16 - 10mm • Die-Cast • Chrome • Light Torch,12|7.0|8|16 - 10mm|Die-Cast|Chrome|Light Torch,12,7.0,8,16 - 10mm,Die-Cast,Chrome,Light Torch,2.39,0.72,Focused throw with clean shape,1.668,Grounded body with directed carry,2.0245,"Wide, open Heritage bloom",1.1,simple:focused-throw-clean-shape > shaped:grounded-body-directed-carry > complex:wide-open-heritage-bloom,5.36,5.56,5.7,5.26,5.42,4.98,5.07,0.36,0.56,0.7,0.26,0.42,-0.02,0.07,"A focused-but-open Heritage read: the die-cast hoops tighten the rim response, while the lighter TorchTune finish keeps more touch, air, and upper-shell liveliness in the voice.","A cleaner, classic Heritage presentation with a lighter TorchTuned imprint that preserves more openness, touch response, and a slightly freer shell reaction, while keeping the shell-first balance intact.",Noticeably shifted away from the benchmark Heritage center; stronger outward throw; Light Torch keeps more touch and liveliness while the die-cast hoops add rim focus; Die-Cast hoops add focus and containment.
12x7.0 • 8 lugs • 16 - 10mm • Die-Cast • Chrome • Medium Torch,12|7.0|8|16 - 10mm|Die-Cast|Chrome|Medium Torch,12,7.0,8,16 - 10mm,Die-Cast,Chrome,Medium Torch,2.62,0.85,Focused throw with clean shape,1.738,Grounded body with directed carry,2.246,Shorter note with firm response,1.6395,simple:focused-throw-clean-shape > shaped:grounded-body-directed-carry > complex:shorter-note-firm-response,5.54,5.38,5.59,5,5.48,4.74,5.37,0.54,0.38,0.59,0,0.48,-0.26,0.37,"A more focused Heritage read with firmer note shape, cleaner front edge, and tighter overall behavior.","A seasoned, classic Heritage presentation with a balanced TorchTuned posture, while keeping the shell-first balance intact.",Noticeably shifted away from the benchmark Heritage center; Die-Cast hoops add focus and containment.
12x7.0 • 8 lugs • 16 - 10mm • Die-Cast • Chrome • Blackened,12|7.0|8|16 - 10mm|Die-Cast|Chrome|Blackened,12,7.0,8,16 - 10mm,Die-Cast,Chrome,Blackened,2.94,1.22,Focused throw with clean shape,1.884,Grounded body with directed carry,2.0075,Shorter note with firm response,2.454,simple:focused-throw-clean-shape > shaped:grounded-body-directed-carry > complex:shorter-note-firm-response,5.72,5.23,5.48,4.74,5.08,4.5,5.67,0.72,0.23,0.48,-0.26,0.08,-0.5,0.67,"A more TorchTuned-forward Heritage read, where the heavier scorch treatment adds a firmer center, slightly tighter bloom, and a more settled shell response.","A darker, classic Heritage presentation with a stronger TorchTuned imprint that favors firmer note control, slightly lower sensitivity, and a more unified shell response under heavier treatment, while keeping the front edge firm and articulate.","Noticeably shifted away from the benchmark Heritage center; a quicker, drier bite with a more defined front edge; the Blackened finish pushes the read toward stronger control and a more disciplined shell response; touch sensitivity is traded for a more locked-in note center; Die-Cast hoops add focus and containment."
12x7.0 • 8 lugs • 16 - 10mm • Die-Cast • Black Nickel • Light Torch,12|7.0|8|16 - 10mm|Die-Cast|Black Nickel|Light Torch,12,7.0,8,16 - 10mm,Die-Cast,Black Nickel,Light Torch,2.39,0.72,Focused throw with clean shape,1.668,Grounded body with directed carry,2.0245,"Wide, open Heritage bloom",1.1,simple:focused-throw-clean-shape > shaped:grounded-body-directed-carry > complex:wide-open-heritage-bloom,5.36,5.56,5.7,5.26,5.42,4.98,5.07,0.36,0.56,0.7,0.26,0.42,-0.02,0.07,"A focused-but-open Heritage read: the die-cast hoops tighten the rim response, while the lighter TorchTune finish keeps more touch, air, and upper-shell liveliness in the voice.","A cleaner, slightly more modern Heritage presentation with a lighter TorchTuned imprint that preserves more openness, touch response, and a slightly freer shell reaction, while keeping the shell-first balance intact.",Noticeably shifted away from the benchmark Heritage center; stronger outward throw; Light Torch keeps more touch and liveliness while the die-cast hoops add rim focus; Die-Cast hoops add focus and containment.
12x7.0 • 8 lugs • 16 - 10mm • Die-Cast • Black Nickel • Medium Torch,12|7.0|8|16 - 10mm|Die-Cast|Black Nickel|Medium Torch,12,7.0,8,16 - 10mm,Die-Cast,Black Nickel,Medium Torch,2.62,0.85,Focused throw with clean shape,1.738,Grounded body with directed carry,2.246,Shorter note with firm response,1.6395,simple:focused-throw-clean-shape > shaped:grounded-body-directed-carry > complex:shorter-note-firm-response,5.54,5.38,5.59,5,5.48,4.74,5.37,0.54,0.38,0.59,0,0.48,-0.26,0.37,"A more focused Heritage read with firmer note shape, cleaner front edge, and tighter overall behavior.","A seasoned, slightly more modern Heritage presentation with a balanced TorchTuned posture, while keeping the shell-first balance intact.",Noticeably shifted away from the benchmark Heritage center; Die-Cast hoops add focus and containment.
12x7.0 • 8 lugs • 16 - 10mm • Die-Cast • Black Nickel • Blackened,12|7.0|8|16 - 10mm|Die-Cast|Black Nickel|Blackened,12,7.0,8,16 - 10mm,Die-Cast,Black Nickel,Blackened,2.94,1.22,Focused throw with clean shape,1.884,Grounded body with directed carry,2.0075,Shorter note with firm response,2.454,simple:focused-throw-clean-shape > shaped:grounded-body-directed-carry > complex:shorter-note-firm-response,5.72,5.23,5.48,4.74,5.08,4.5,5.67,0.72,0.23,0.48,-0.26,0.08,-0.5,0.67,"A more TorchTuned-forward Heritage read, where the heavier scorch treatment adds a firmer center, slightly tighter bloom, and a more settled shell response.","A darker, slightly more modern Heritage presentation with a stronger TorchTuned imprint that favors firmer note control, slightly lower sensitivity, and a more unified shell response under heavier treatment, while keeping the front edge firm and articulate.","Noticeably shifted away from the benchmark Heritage center; a quicker, drier bite with a more defined front edge; the Blackened finish pushes the read toward stronger control and a more disciplined shell response; touch sensitivity is traded for a more locked-in note center; Die-Cast hoops add focus and containment."
12x7.0 • 8 lugs • 16 - 10mm • Die-Cast • Brass/Gold • Light Torch,12|7.0|8|16 - 10mm|Die-Cast|Brass/Gold|Light Torch,12,7.0,8,16 - 10mm,Die-Cast,Brass/Gold,Light Torch,2.39,0.72,Focused throw with clean shape,1.668,Grounded body with directed carry,2.0245,"Wide, open Heritage bloom",1.1,simple:focused-throw-clean-shape > shaped:grounded-body-directed-carry > complex:wide-open-heritage-bloom,5.36,5.56,5.7,5.26,5.42,4.98,5.07,0.36,0.56,0.7,0.26,0.42,-0.02,0.07,"A focused-but-open Heritage read: the die-cast hoops tighten the rim response, while the lighter TorchTune finish keeps more touch, air, and upper-shell liveliness in the voice.","A cleaner, richer Heritage presentation with a lighter TorchTuned imprint that preserves more openness, touch response, and a slightly freer shell reaction, while keeping the shell-first balance intact.",Noticeably shifted away from the benchmark Heritage center; stronger outward throw; Light Torch keeps more touch and liveliness while the die-cast hoops add rim focus; Die-Cast hoops add focus and containment.
12x7.0 • 8 lugs • 16 - 10mm • Die-Cast • Brass/Gold • Medium Torch,12|7.0|8|16 - 10mm|Die-Cast|Brass/Gold|Medium Torch,12,7.0,8,16 - 10mm,Die-Cast,Brass/Gold,Medium Torch,2.62,0.85,Focused throw with clean shape,1.738,Grounded body with directed carry,2.246,Shorter note with firm response,1.6395,simple:focused-throw-clean-shape > shaped:grounded-body-directed-carry > complex:shorter-note-firm-response,5.54,5.38,5.59,5,5.48,4.74,5.37,0.54,0.38,0.59,0,0.48,-0.26,0.37,"A more focused Heritage read with firmer note shape, cleaner front edge, and tighter overall behavior.","A seasoned, richer Heritage presentation with a balanced TorchTuned posture, while keeping the shell-first balance intact.",Noticeably shifted away from the benchmark Heritage center; Die-Cast hoops add focus and containment.
12x7.0 • 8 lugs • 16 - 10mm • Die-Cast • Brass/Gold • Blackened,12|7.0|8|16 - 10mm|Die-Cast|Brass/Gold|Blackened,12,7.0,8,16 - 10mm,Die-Cast,Brass/Gold,Blackened,2.94,1.22,Focused throw with clean shape,1.884,Grounded body with directed carry,2.0075,Shorter note with firm response,2.454,simple:focused-throw-clean-shape > shaped:grounded-body-directed-carry > complex:shorter-note-firm-response,5.72,5.23,5.48,4.74,5.08,4.5,5.67,0.72,0.23,0.48,-0.26,0.08,-0.5,0.67,"A more TorchTuned-forward Heritage read, where the heavier scorch treatment adds a firmer center, slightly tighter bloom, and a more settled shell response.","A darker, richer Heritage presentation with a stronger TorchTuned imprint that favors firmer note control, slightly lower sensitivity, and a more unified shell response under heavier treatment, while keeping the front edge firm and articulate.","Noticeably shifted away from the benchmark Heritage center; a quicker, drier bite with a more defined front edge; the Blackened finish pushes the read toward stronger control and a more disciplined shell response; touch sensitivity is traded for a more locked-in note center; Die-Cast hoops add focus and containment."
12x7.5 • 6 lugs • 12 - 8mm + $150 (Re-Rings Required) • Triple Flange • Chrome • Light Torch,12|7.5|6|12 - 8mm + $150 (Re-Rings Required)|Triple Flange|Chrome|Light Torch,12,7.5,6,12 - 8mm + $150 (Re-Rings Required),Triple Flange,Chrome,Light Torch,4.43,2.09,"Warm, deep settled center",3.053,"Expressive, blooming response",3.62,"Dark, complex Heritage bloom",3.3795,simple:warm-deep-settled-center > shaped:expressive-blooming-response > complex:dark-complex-heritage-bloom,4.32,4.91,5.07,6.4,5.9,5.6,4.31,-0.68,-0.09,0.07,1.4,0.9,0.6,-0.69,"A more open Heritage read, where the lighter torch treatment preserves extra liveliness, touch response, and a slightly freer bloom through the shell.","A cleaner, classic Heritage presentation with a lighter TorchTuned imprint that preserves more openness, touch response, and a slightly freer shell reaction, while keeping the emphasis on body, weight, and shell character.","Warmer and more body-forward than the benchmark Heritage build; a rounder and less immediate note start; a longer, broader note bloom; the lighter TorchTune finish preserves more touch response and a freer shell reaction; the deeper 12-inch re-ring shell keeps studio warmth and balance."
12x7.5 • 6 lugs • 12 - 8mm + $150 (Re-Rings Required) • Triple Flange • Chrome • Medium Torch,12|7.5|6|12 - 8mm + $150 (Re-Rings Required)|Triple Flange|Chrome|Medium Torch,12,7.5,6,12 - 8mm + $150 (Re-Rings Required),Triple Flange,Chrome,Medium Torch,3.68,1.64,"Warm, deep settled center",2.975,"Expressive, blooming response",2.865,"Dark, complex Heritage bloom",3.0115,simple:warm-deep-settled-center > shaped:expressive-blooming-response > complex:dark-complex-heritage-bloom,4.5,4.73,4.96,6.14,5.98,5.36,4.61,-0.5,-0.27,-0.04,1.14,0.98,0.36,-0.39,"A fuller Heritage read with broader body, deeper bloom, and a more grounded voice in the room.","A seasoned, classic Heritage presentation with a balanced TorchTuned posture, while keeping the emphasis on body, weight, and shell character.","Warmer and more body-forward than the benchmark Heritage build; a longer, broader note bloom; the deeper 12-inch re-ring shell keeps studio warmth and balance; a darker, drier top edge is balanced by classic Triple Flange openness; Triple Flange hoops preserve more of the line’s native openness."
12x7.5 • 6 lugs • 12 - 8mm + $150 (Re-Rings Required) • Triple Flange • Chrome • Blackened,12|7.5|6|12 - 8mm + $150 (Re-Rings Required)|Triple Flange|Chrome|Blackened,12,7.5,6,12 - 8mm + $150 (Re-Rings Required),Triple Flange,Chrome,Blackened,2.83,1.29,"Warm, deep settled center",2.545,"Expressive, blooming response",2.263,"Dark, complex Heritage bloom",2.5885,simple:warm-deep-settled-center > shaped:expressive-blooming-response > complex:dark-complex-heritage-bloom,4.68,4.59,4.85,5.88,5.86,5.12,4.91,-0.32,-0.41,-0.15,0.88,0.86,0.12,-0.09,"A compact, TorchTuned Heritage read: still lively from the smaller shell, but darker and more settled than the same build in a lighter finish.","A darker, classic Heritage presentation with a stronger TorchTuned imprint that favors firmer note control, slightly lower sensitivity, and a more unified shell response under heavier treatment, while keeping the emphasis on body, weight, and shell character.","Warmer and more body-forward than the benchmark Heritage build; a longer, broader note bloom; the deeper 12-inch re-ring shell keeps studio warmth and balance; Triple Flange hoops preserve more of the line’s native openness."
12x7.5 • 6 lugs • 12 - 8mm + $150 (Re-Rings Required) • Triple Flange • Black Nickel • Light Torch,12|7.5|6|12 - 8mm + $150 (Re-Rings Required)|Triple Flange|Black Nickel|Light Torch,12,7.5,6,12 - 8mm + $150 (Re-Rings Required),Triple Flange,Black Nickel,Light Torch,4.43,2.09,"Warm, deep settled center",3.053,"Expressive, blooming response",3.62,"Dark, complex Heritage bloom",3.3795,simple:warm-deep-settled-center > shaped:expressive-blooming-response > complex:dark-complex-heritage-bloom,4.32,4.91,5.07,6.4,5.9,5.6,4.31,-0.68,-0.09,0.07,1.4,0.9,0.6,-0.69,"A more open Heritage read, where the lighter torch treatment preserves extra liveliness, touch response, and a slightly freer bloom through the shell.","A cleaner, slightly more modern Heritage presentation with a lighter TorchTuned imprint that preserves more openness, touch response, and a slightly freer shell reaction, while keeping the emphasis on body, weight, and shell character.","Warmer and more body-forward than the benchmark Heritage build; a rounder and less immediate note start; a longer, broader note bloom; the lighter TorchTune finish preserves more touch response and a freer shell reaction; the deeper 12-inch re-ring shell keeps studio warmth and balance."
12x7.5 • 6 lugs • 12 - 8mm + $150 (Re-Rings Required) • Triple Flange • Black Nickel • Medium Torch,12|7.5|6|12 - 8mm + $150 (Re-Rings Required)|Triple Flange|Black Nickel|Medium Torch,12,7.5,6,12 - 8mm + $150 (Re-Rings Required),Triple Flange,Black Nickel,Medium Torch,3.68,1.64,"Warm, deep settled center",2.975,"Expressive, blooming response",2.865,"Dark, complex Heritage bloom",3.0115,simple:warm-deep-settled-center > shaped:expressive-blooming-response > complex:dark-complex-heritage-bloom,4.5,4.73,4.96,6.14,5.98,5.36,4.61,-0.5,-0.27,-0.04,1.14,0.98,0.36,-0.39,"A fuller Heritage read with broader body, deeper bloom, and a more grounded voice in the room.","A seasoned, slightly more modern Heritage presentation with a balanced TorchTuned posture, while keeping the emphasis on body, weight, and shell character.","Warmer and more body-forward than the benchmark Heritage build; a longer, broader note bloom; the deeper 12-inch re-ring shell keeps studio warmth and balance; a darker, drier top edge is balanced by classic Triple Flange openness; Triple Flange hoops preserve more of the line’s native openness."
12x7.5 • 6 lugs • 12 - 8mm + $150 (Re-Rings Required) • Triple Flange • Black Nickel • Blackened,12|7.5|6|12 - 8mm + $150 (Re-Rings Required)|Triple Flange|Black Nickel|Blackened,12,7.5,6,12 - 8mm + $150 (Re-Rings Required),Triple Flange,Black Nickel,Blackened,2.83,1.29,"Warm, deep settled center",2.545,"Expressive, blooming response",2.263,"Dark, complex Heritage bloom",2.5885,simple:warm-deep-settled-center > shaped:expressive-blooming-response > complex:dark-complex-heritage-bloom,4.68,4.59,4.85,5.88,5.86,5.12,4.91,-0.32,-0.41,-0.15,0.88,0.86,0.12,-0.09,"A compact, TorchTuned Heritage read: still lively from the smaller shell, but darker and more settled than the same build in a lighter finish.","A darker, slightly more modern Heritage presentation with a stronger TorchTuned imprint that favors firmer note control, slightly lower sensitivity, and a more unified shell response under heavier treatment, while keeping the emphasis on body, weight, and shell character.","Warmer and more body-forward than the benchmark Heritage build; a longer, broader note bloom; the deeper 12-inch re-ring shell keeps studio warmth and balance; Triple Flange hoops preserve more of the line’s native openness."
12x7.5 • 6 lugs • 12 - 8mm + $150 (Re-Rings Required) • Triple Flange • Brass/Gold • Light Torch,12|7.5|6|12 - 8mm + $150 (Re-Rings Required)|Triple Flange|Brass/Gold|Light Torch,12,7.5,6,12 - 8mm + $150 (Re-Rings Required),Triple Flange,Brass/Gold,Light Torch,4.43,2.09,"Warm, deep settled center",3.053,"Expressive, blooming response",3.62,"Dark, complex Heritage bloom",3.3795,simple:warm-deep-settled-center > shaped:expressive-blooming-response > complex:dark-complex-heritage-bloom,4.32,4.91,5.07,6.4,5.9,5.6,4.31,-0.68,-0.09,0.07,1.4,0.9,0.6,-0.69,"A more open Heritage read, where the lighter torch treatment preserves extra liveliness, touch response, and a slightly freer bloom through the shell.","A cleaner, richer Heritage presentation with a lighter TorchTuned imprint that preserves more openness, touch response, and a slightly freer shell reaction, while keeping the emphasis on body, weight, and shell character.","Warmer and more body-forward than the benchmark Heritage build; a rounder and less immediate note start; a longer, broader note bloom; the lighter TorchTune finish preserves more touch response and a freer shell reaction; the deeper 12-inch re-ring shell keeps studio warmth and balance."
12x7.5 • 6 lugs • 12 - 8mm + $150 (Re-Rings Required) • Triple Flange • Brass/Gold • Medium Torch,12|7.5|6|12 - 8mm + $150 (Re-Rings Required)|Triple Flange|Brass/Gold|Medium Torch,12,7.5,6,12 - 8mm + $150 (Re-Rings Required),Triple Flange,Brass/Gold,Medium Torch,3.68,1.64,"Warm, deep settled center",2.975,"Expressive, blooming response",2.865,"Dark, complex Heritage bloom",3.0115,simple:warm-deep-settled-center > shaped:expressive-blooming-response > complex:dark-complex-heritage-bloom,4.5,4.73,4.96,6.14,5.98,5.36,4.61,-0.5,-0.27,-0.04,1.14,0.98,0.36,-0.39,"A fuller Heritage read with broader body, deeper bloom, and a more grounded voice in the room.","A seasoned, richer Heritage presentation with a balanced TorchTuned posture, while keeping the emphasis on body, weight, and shell character.","Warmer and more body-forward than the benchmark Heritage build; a longer, broader note bloom; the deeper 12-inch re-ring shell keeps studio warmth and balance; a darker, drier top edge is balanced by classic Triple Flange openness; Triple Flange hoops preserve more of the line’s native openness."
12x7.5 • 6 lugs • 12 - 8mm + $150 (Re-Rings Required) • Triple Flange • Brass/Gold • Blackened,12|7.5|6|12 - 8mm + $150 (Re-Rings Required)|Triple Flange|Brass/Gold|Blackened,12,7.5,6,12 - 8mm + $150 (Re-Rings Required),Triple Flange,Brass/Gold,Blackened,2.83,1.29,"Warm, deep settled center",2.545,"Expressive, blooming response",2.263,"Dark, complex Heritage bloom",2.5885,simple:warm-deep-settled-center > shaped:expressive-blooming-response > complex:dark-complex-heritage-bloom,4.68,4.59,4.85,5.88,5.86,5.12,4.91,-0.32,-0.41,-0.15,0.88,0.86,0.12,-0.09,"A compact, TorchTuned Heritage read: still lively from the smaller shell, but darker and more settled than the same build in a lighter finish.","A darker, richer Heritage presentation with a stronger TorchTuned imprint that favors firmer note control, slightly lower sensitivity, and a more unified shell response under heavier treatment, while keeping the emphasis on body, weight, and shell character.","Warmer and more body-forward than the benchmark Heritage build; a longer, broader note bloom; the deeper 12-inch re-ring shell keeps studio warmth and balance; Triple Flange hoops preserve more of the line’s native openness."
12x7.5 • 6 lugs • 12 - 8mm + $150 (Re-Rings Required) • Die-Cast • Chrome • Light Torch,12|7.5|6|12 - 8mm + $150 (Re-Rings Required)|Die-Cast|Chrome|Light Torch,12,7.5,6,12 - 8mm + $150 (Re-Rings Required),Die-Cast,Chrome,Light Torch,3.17,1.44,"Warm, deep settled center",2.528,"Expressive, blooming response",2.7925,"Dark, complex Heritage bloom",2.501,simple:warm-deep-settled-center > shaped:expressive-blooming-response > complex:dark-complex-heritage-bloom,4.65,5.11,5.27,6.09,5.73,5.36,4.74,-0.35,0.11,0.27,1.09,0.73,0.36,-0.26,"A focused-but-open Heritage read: the die-cast hoops tighten the rim response, while the lighter TorchTune finish keeps more touch, air, and upper-shell liveliness in the voice.","A cleaner, classic Heritage presentation with a lighter TorchTuned imprint that preserves more openness, touch response, and a slightly freer shell reaction, while keeping the emphasis on body, weight, and shell character.","Warmer and more body-forward than the benchmark Heritage build; a longer, broader note bloom; Light Torch keeps more touch and liveliness while the die-cast hoops add rim focus; the deeper 12-inch re-ring shell keeps studio warmth and balance; Die-Cast hoops add focus and containment."
12x7.5 • 6 lugs • 12 - 8mm + $150 (Re-Rings Required) • Die-Cast • Chrome • Medium Torch,12|7.5|6|12 - 8mm + $150 (Re-Rings Required)|Die-Cast|Chrome|Medium Torch,12,7.5,6,12 - 8mm + $150 (Re-Rings Required),Die-Cast,Chrome,Medium Torch,2.2,1,"Warm, deep settled center",2.45,"Expressive, blooming response",2.0375,"Dark, complex Heritage bloom",2.078,simple:warm-deep-settled-center > shaped:expressive-blooming-response > complex:dark-complex-heritage-bloom,4.83,4.93,5.16,5.83,5.81,5.12,5.04,-0.17,-0.07,0.16,0.83,0.81,0.12,0.04,"A more focused Heritage read with firmer note shape, cleaner front edge, and tighter overall behavior.","A seasoned, classic Heritage presentation with a balanced TorchTuned posture, while keeping the emphasis on body, weight, and shell character.","Warmer and more body-forward than the benchmark Heritage build; a longer, broader note bloom; the deeper 12-inch re-ring shell keeps studio warmth and balance; Die-Cast hoops add focus and containment."
12x7.5 • 6 lugs • 12 - 8mm + $150 (Re-Rings Required) • Die-Cast • Chrome • Blackened,12|7.5|6|12 - 8mm + $150 (Re-Rings Required)|Die-Cast|Chrome|Blackened,12,7.5,6,12 - 8mm + $150 (Re-Rings Required),Die-Cast,Chrome,Blackened,1.93,0.84,"Warm, deep settled center",1.99,Grounded body with directed carry,1.6945,"Wide, open Heritage bloom",1.4225,simple:warm-deep-settled-center > shaped:grounded-body-directed-carry > complex:wide-open-heritage-bloom,5.01,4.82,5.05,5.57,5.66,4.88,5.34,0.01,-0.18,0.05,0.57,0.66,-0.12,0.34,"A more TorchTuned-forward Heritage read, where the heavier scorch treatment adds a firmer center, slightly tighter bloom, and a more settled shell response.","A darker, classic Heritage presentation with a stronger TorchTuned imprint that favors firmer note control, slightly lower sensitivity, and a more unified shell response under heavier treatment, while keeping the shell-first balance intact.",Warmer and more body-forward than the benchmark Heritage build; the Blackened finish adds a more contained center and slightly firmer shell behavior; the deeper 12-inch re-ring shell keeps studio warmth and balance; Die-Cast hoops add focus and containment.
12x7.5 • 6 lugs • 12 - 8mm + $150 (Re-Rings Required) • Die-Cast • Black Nickel • Light Torch,12|7.5|6|12 - 8mm + $150 (Re-Rings Required)|Die-Cast|Black Nickel|Light Torch,12,7.5,6,12 - 8mm + $150 (Re-Rings Required),Die-Cast,Black Nickel,Light Torch,3.17,1.44,"Warm, deep settled center",2.528,"Expressive, blooming response",2.7925,"Dark, complex Heritage bloom",2.501,simple:warm-deep-settled-center > shaped:expressive-blooming-response > complex:dark-complex-heritage-bloom,4.65,5.11,5.27,6.09,5.73,5.36,4.74,-0.35,0.11,0.27,1.09,0.73,0.36,-0.26,"A focused-but-open Heritage read: the die-cast hoops tighten the rim response, while the lighter TorchTune finish keeps more touch, air, and upper-shell liveliness in the voice.","A cleaner, slightly more modern Heritage presentation with a lighter TorchTuned imprint that preserves more openness, touch response, and a slightly freer shell reaction, while keeping the emphasis on body, weight, and shell character.","Warmer and more body-forward than the benchmark Heritage build; a longer, broader note bloom; Light Torch keeps more touch and liveliness while the die-cast hoops add rim focus; the deeper 12-inch re-ring shell keeps studio warmth and balance; Die-Cast hoops add focus and containment."
12x7.5 • 6 lugs • 12 - 8mm + $150 (Re-Rings Required) • Die-Cast • Black Nickel • Medium Torch,12|7.5|6|12 - 8mm + $150 (Re-Rings Required)|Die-Cast|Black Nickel|Medium Torch,12,7.5,6,12 - 8mm + $150 (Re-Rings Required),Die-Cast,Black Nickel,Medium Torch,2.2,1,"Warm, deep settled center",2.45,"Expressive, blooming response",2.0375,"Dark, complex Heritage bloom",2.078,simple:warm-deep-settled-center > shaped:expressive-blooming-response > complex:dark-complex-heritage-bloom,4.83,4.93,5.16,5.83,5.81,5.12,5.04,-0.17,-0.07,0.16,0.83,0.81,0.12,0.04,"A more focused Heritage read with firmer note shape, cleaner front edge, and tighter overall behavior.","A seasoned, slightly more modern Heritage presentation with a balanced TorchTuned posture, while keeping the emphasis on body, weight, and shell character.","Warmer and more body-forward than the benchmark Heritage build; a longer, broader note bloom; the deeper 12-inch re-ring shell keeps studio warmth and balance; Die-Cast hoops add focus and containment."
12x7.5 • 6 lugs • 12 - 8mm + $150 (Re-Rings Required) • Die-Cast • Black Nickel • Blackened,12|7.5|6|12 - 8mm + $150 (Re-Rings Required)|Die-Cast|Black Nickel|Blackened,12,7.5,6,12 - 8mm + $150 (Re-Rings Required),Die-Cast,Black Nickel,Blackened,1.93,0.84,"Warm, deep settled center",1.99,Grounded body with directed carry,1.6945,"Wide, open Heritage bloom",1.4225,simple:warm-deep-settled-center > shaped:grounded-body-directed-carry > complex:wide-open-heritage-bloom,5.01,4.82,5.05,5.57,5.66,4.88,5.34,0.01,-0.18,0.05,0.57,0.66,-0.12,0.34,"A more TorchTuned-forward Heritage read, where the heavier scorch treatment adds a firmer center, slightly tighter bloom, and a more settled shell response.","A darker, slightly more modern Heritage presentation with a stronger TorchTuned imprint that favors firmer note control, slightly lower sensitivity, and a more unified shell response under heavier treatment, while keeping the shell-first balance intact.",Warmer and more body-forward than the benchmark Heritage build; the Blackened finish adds a more contained center and slightly firmer shell behavior; the deeper 12-inch re-ring shell keeps studio warmth and balance; Die-Cast hoops add focus and containment.
12x7.5 • 6 lugs • 12 - 8mm + $150 (Re-Rings Required) • Die-Cast • Brass/Gold • Light Torch,12|7.5|6|12 - 8mm + $150 (Re-Rings Required)|Die-Cast|Brass/Gold|Light Torch,12,7.5,6,12 - 8mm + $150 (Re-Rings Required),Die-Cast,Brass/Gold,Light Torch,3.17,1.44,"Warm, deep settled center",2.528,"Expressive, blooming response",2.7925,"Dark, complex Heritage bloom",2.501,simple:warm-deep-settled-center > shaped:expressive-blooming-response > complex:dark-complex-heritage-bloom,4.65,5.11,5.27,6.09,5.73,5.36,4.74,-0.35,0.11,0.27,1.09,0.73,0.36,-0.26,"A focused-but-open Heritage read: the die-cast hoops tighten the rim response, while the lighter TorchTune finish keeps more touch, air, and upper-shell liveliness in the voice.","A cleaner, richer Heritage presentation with a lighter TorchTuned imprint that preserves more openness, touch response, and a slightly freer shell reaction, while keeping the emphasis on body, weight, and shell character.","Warmer and more body-forward than the benchmark Heritage build; a longer, broader note bloom; Light Torch keeps more touch and liveliness while the die-cast hoops add rim focus; the deeper 12-inch re-ring shell keeps studio warmth and balance; Die-Cast hoops add focus and containment."
12x7.5 • 6 lugs • 12 - 8mm + $150 (Re-Rings Required) • Die-Cast • Brass/Gold • Medium Torch,12|7.5|6|12 - 8mm + $150 (Re-Rings Required)|Die-Cast|Brass/Gold|Medium Torch,12,7.5,6,12 - 8mm + $150 (Re-Rings Required),Die-Cast,Brass/Gold,Medium Torch,2.2,1,"Warm, deep settled center",2.45,"Expressive, blooming response",2.0375,"Dark, complex Heritage bloom",2.078,simple:warm-deep-settled-center > shaped:expressive-blooming-response > complex:dark-complex-heritage-bloom,4.83,4.93,5.16,5.83,5.81,5.12,5.04,-0.17,-0.07,0.16,0.83,0.81,0.12,0.04,"A more focused Heritage read with firmer note shape, cleaner front edge, and tighter overall behavior.","A seasoned, richer Heritage presentation with a balanced TorchTuned posture, while keeping the emphasis on body, weight, and shell character.","Warmer and more body-forward than the benchmark Heritage build; a longer, broader note bloom; the deeper 12-inch re-ring shell keeps studio warmth and balance; Die-Cast hoops add focus and containment."
12x7.5 • 6 lugs • 12 - 8mm + $150 (Re-Rings Required) • Die-Cast • Brass/Gold • Blackened,12|7.5|6|12 - 8mm + $150 (Re-Rings Required)|Die-Cast|Brass/Gold|Blackened,12,7.5,6,12 - 8mm + $150 (Re-Rings Required),Die-Cast,Brass/Gold,Blackened,1.93,0.84,"Warm, deep settled center",1.99,Grounded body with directed carry,1.6945,"Wide, open Heritage bloom",1.4225,simple:warm-deep-settled-center > shaped:grounded-body-directed-carry > complex:wide-open-heritage-bloom,5.01,4.82,5.05,5.57,5.66,4.88,5.34,0.01,-0.18,0.05,0.57,0.66,-0.12,0.34,"A more TorchTuned-forward Heritage read, where the heavier scorch treatment adds a firmer center, slightly tighter bloom, and a more settled shell response.","A darker, richer Heritage presentation with a stronger TorchTuned imprint that favors firmer note control, slightly lower sensitivity, and a more unified shell response under heavier treatment, while keeping the shell-first balance intact.",Warmer and more body-forward than the benchmark Heritage build; the Blackened finish adds a more contained center and slightly firmer shell behavior; the deeper 12-inch re-ring shell keeps studio warmth and balance; Die-Cast hoops add focus and containment.
12x7.5 • 8 lugs • 16 - 10mm • Triple Flange • Chrome • Light Torch,12|7.5|8|16 - 10mm|Triple Flange|Chrome|Light Torch,12,7.5,8,16 - 10mm,Triple Flange,Chrome,Light Torch,2.73,1.18,"Warm, deep settled center",2.107,"Expressive, blooming response",2.2255,"Wide, open Heritage bloom",2.0745,simple:warm-deep-settled-center > shaped:expressive-blooming-response > complex:wide-open-heritage-bloom,4.93,5.22,5.57,5.76,5.53,5.16,4.58,-0.07,0.22,0.57,0.76,0.53,0.16,-0.42,"A more open Heritage read, where the lighter torch treatment preserves extra liveliness, touch response, and a slightly freer bloom through the shell.","A cleaner, classic Heritage presentation with a lighter TorchTuned imprint that preserves more openness, touch response, and a slightly freer shell reaction, while keeping the shell-first balance intact.","Noticeably shifted away from the benchmark Heritage center; a longer, broader note bloom; the lighter TorchTune finish preserves more touch response and a freer shell reaction; Triple Flange hoops preserve more of the line’s native openness."
12x7.5 • 8 lugs • 16 - 10mm • Triple Flange • Chrome • Medium Torch,12|7.5|8|16 - 10mm|Triple Flange|Chrome|Medium Torch,12,7.5,8,16 - 10mm,Triple Flange,Chrome,Medium Torch,1.92,0.73,"Warm, deep settled center",2.029,"Expressive, blooming response",1.5505,"Wide, open Heritage bloom",1.4595,simple:warm-deep-settled-center > shaped:expressive-blooming-response > complex:wide-open-heritage-bloom,5.11,5.04,5.46,5.5,5.61,4.92,4.88,0.11,0.04,0.46,0.5,0.61,-0.08,-0.12,"A fuller Heritage read with broader body, deeper bloom, and a more grounded voice in the room.","A seasoned, classic Heritage presentation with a balanced TorchTuned posture, while keeping the shell-first balance intact.","Warmer and more body-forward than the benchmark Heritage build; a darker, drier top edge is balanced by classic Triple Flange openness; Triple Flange hoops preserve more of the line’s native openness."
12x7.5 • 8 lugs • 16 - 10mm • Triple Flange • Chrome • Blackened,12|7.5|8|16 - 10mm|Triple Flange|Chrome|Blackened,12,7.5,8,16 - 10mm,Triple Flange,Chrome,Blackened,1.97,0.81,"Warm, deep settled center",1.599,Grounded body with directed carry,1.3965,"Dark, contained shell shape",1.5315,simple:warm-deep-settled-center > shaped:grounded-body-directed-carry > complex:dark-contained-shell-shape,5.29,4.9,5.35,5.24,5.49,4.68,5.18,0.29,-0.1,0.35,0.24,0.49,-0.32,0.18,"A compact, TorchTuned Heritage read: still lively from the smaller shell, but darker and more settled than the same build in a lighter finish.","A darker, classic Heritage presentation with a stronger TorchTuned imprint that favors firmer note control, slightly lower sensitivity, and a more unified shell response under heavier treatment, while keeping the shell-first balance intact.",Close to the benchmark Heritage warmth posture; Triple Flange hoops preserve more of the line’s native openness.
12x7.5 • 8 lugs • 16 - 10mm • Triple Flange • Black Nickel • Light Torch,12|7.5|8|16 - 10mm|Triple Flange|Black Nickel|Light Torch,12,7.5,8,16 - 10mm,Triple Flange,Black Nickel,Light Torch,2.73,1.18,"Warm, deep settled center",2.107,"Expressive, blooming response",2.2255,"Wide, open Heritage bloom",2.0745,simple:warm-deep-settled-center > shaped:expressive-blooming-response > complex:wide-open-heritage-bloom,4.93,5.22,5.57,5.76,5.53,5.16,4.58,-0.07,0.22,0.57,0.76,0.53,0.16,-0.42,"A more open Heritage read, where the lighter torch treatment preserves extra liveliness, touch response, and a slightly freer bloom through the shell.","A cleaner, slightly more modern Heritage presentation with a lighter TorchTuned imprint that preserves more openness, touch response, and a slightly freer shell reaction, while keeping the shell-first balance intact.","Noticeably shifted away from the benchmark Heritage center; a longer, broader note bloom; the lighter TorchTune finish preserves more touch response and a freer shell reaction; Triple Flange hoops preserve more of the line’s native openness."
12x7.5 • 8 lugs • 16 - 10mm • Triple Flange • Black Nickel • Medium Torch,12|7.5|8|16 - 10mm|Triple Flange|Black Nickel|Medium Torch,12,7.5,8,16 - 10mm,Triple Flange,Black Nickel,Medium Torch,1.92,0.73,"Warm, deep settled center",2.029,"Expressive, blooming response",1.5505,"Wide, open Heritage bloom",1.4595,simple:warm-deep-settled-center > shaped:expressive-blooming-response > complex:wide-open-heritage-bloom,5.11,5.04,5.46,5.5,5.61,4.92,4.88,0.11,0.04,0.46,0.5,0.61,-0.08,-0.12,"A fuller Heritage read with broader body, deeper bloom, and a more grounded voice in the room.","A seasoned, slightly more modern Heritage presentation with a balanced TorchTuned posture, while keeping the shell-first balance intact.","Warmer and more body-forward than the benchmark Heritage build; a darker, drier top edge is balanced by classic Triple Flange openness; Triple Flange hoops preserve more of the line’s native openness."
12x7.5 • 8 lugs • 16 - 10mm • Triple Flange • Black Nickel • Blackened,12|7.5|8|16 - 10mm|Triple Flange|Black Nickel|Blackened,12,7.5,8,16 - 10mm,Triple Flange,Black Nickel,Blackened,1.97,0.81,"Warm, deep settled center",1.599,Grounded body with directed carry,1.3965,"Dark, contained shell shape",1.5315,simple:warm-deep-settled-center > shaped:grounded-body-directed-carry > complex:dark-contained-shell-shape,5.29,4.9,5.35,5.24,5.49,4.68,5.18,0.29,-0.1,0.35,0.24,0.49,-0.32,0.18,"A compact, TorchTuned Heritage read: still lively from the smaller shell, but darker and more settled than the same build in a lighter finish.","A darker, slightly more modern Heritage presentation with a stronger TorchTuned imprint that favors firmer note control, slightly lower sensitivity, and a more unified shell response under heavier treatment, while keeping the shell-first balance intact.",Close to the benchmark Heritage warmth posture; Triple Flange hoops preserve more of the line’s native openness.
12x7.5 • 8 lugs • 16 - 10mm • Triple Flange • Brass/Gold • Light Torch,12|7.5|8|16 - 10mm|Triple Flange|Brass/Gold|Light Torch,12,7.5,8,16 - 10mm,Triple Flange,Brass/Gold,Light Torch,2.73,1.18,"Warm, deep settled center",2.107,"Expressive, blooming response",2.2255,"Wide, open Heritage bloom",2.0745,simple:warm-deep-settled-center > shaped:expressive-blooming-response > complex:wide-open-heritage-bloom,4.93,5.22,5.57,5.76,5.53,5.16,4.58,-0.07,0.22,0.57,0.76,0.53,0.16,-0.42,"A more open Heritage read, where the lighter torch treatment preserves extra liveliness, touch response, and a slightly freer bloom through the shell.","A cleaner, richer Heritage presentation with a lighter TorchTuned imprint that preserves more openness, touch response, and a slightly freer shell reaction, while keeping the shell-first balance intact.","Noticeably shifted away from the benchmark Heritage center; a longer, broader note bloom; the lighter TorchTune finish preserves more touch response and a freer shell reaction; Triple Flange hoops preserve more of the line’s native openness."
12x7.5 • 8 lugs • 16 - 10mm • Triple Flange • Brass/Gold • Medium Torch,12|7.5|8|16 - 10mm|Triple Flange|Brass/Gold|Medium Torch,12,7.5,8,16 - 10mm,Triple Flange,Brass/Gold,Medium Torch,1.92,0.73,"Warm, deep settled center",2.029,"Expressive, blooming response",1.5505,"Wide, open Heritage bloom",1.4595,simple:warm-deep-settled-center > shaped:expressive-blooming-response > complex:wide-open-heritage-bloom,5.11,5.04,5.46,5.5,5.61,4.92,4.88,0.11,0.04,0.46,0.5,0.61,-0.08,-0.12,"A fuller Heritage read with broader body, deeper bloom, and a more grounded voice in the room.","A seasoned, richer Heritage presentation with a balanced TorchTuned posture, while keeping the shell-first balance intact.","Warmer and more body-forward than the benchmark Heritage build; a darker, drier top edge is balanced by classic Triple Flange openness; Triple Flange hoops preserve more of the line’s native openness."
12x7.5 • 8 lugs • 16 - 10mm • Triple Flange • Brass/Gold • Blackened,12|7.5|8|16 - 10mm|Triple Flange|Brass/Gold|Blackened,12,7.5,8,16 - 10mm,Triple Flange,Brass/Gold,Blackened,1.97,0.81,"Warm, deep settled center",1.599,Grounded body with directed carry,1.3965,"Dark, contained shell shape",1.5315,simple:warm-deep-settled-center > shaped:grounded-body-directed-carry > complex:dark-contained-shell-shape,5.29,4.9,5.35,5.24,5.49,4.68,5.18,0.29,-0.1,0.35,0.24,0.49,-0.32,0.18,"A compact, TorchTuned Heritage read: still lively from the smaller shell, but darker and more settled than the same build in a lighter finish.","A darker, richer Heritage presentation with a stronger TorchTuned imprint that favors firmer note control, slightly lower sensitivity, and a more unified shell response under heavier treatment, while keeping the shell-first balance intact.",Close to the benchmark Heritage warmth posture; Triple Flange hoops preserve more of the line’s native openness.
12x7.5 • 8 lugs • 16 - 10mm • Die-Cast • Chrome • Light Torch,12|7.5|8|16 - 10mm|Die-Cast|Chrome|Light Torch,12,7.5,8,16 - 10mm,Die-Cast,Chrome,Light Torch,2.53,0.84,"Warm, deep settled center",1.742,Grounded body with directed carry,1.92,"Wide, open Heritage bloom",1.6295,simple:warm-deep-settled-center > shaped:grounded-body-directed-carry > complex:wide-open-heritage-bloom,5.25,5.42,5.77,5.45,5.52,4.93,5.05,0.25,0.42,0.77,0.45,0.52,-0.07,0.05,"A focused-but-open Heritage read: the die-cast hoops tighten the rim response, while the lighter TorchTune finish keeps more touch, air, and upper-shell liveliness in the voice.","A cleaner, classic Heritage presentation with a lighter TorchTuned imprint that preserves more openness, touch response, and a slightly freer shell reaction, while keeping the shell-first balance intact.",Noticeably shifted away from the benchmark Heritage center; stronger outward throw; Light Torch keeps more touch and liveliness while the die-cast hoops add rim focus; Die-Cast hoops add focus and containment.
12x7.5 • 8 lugs • 16 - 10mm • Die-Cast • Chrome • Medium Torch,12|7.5|8|16 - 10mm|Die-Cast|Chrome|Medium Torch,12,7.5,8,16 - 10mm,Die-Cast,Chrome,Medium Torch,2.61,0.97,Focused throw with clean shape,1.527,Grounded body with directed carry,1.9915,Shorter note with firm response,1.57,simple:focused-throw-clean-shape > shaped:grounded-body-directed-carry > complex:shorter-note-firm-response,5.43,5.24,5.66,5.19,5.43,4.69,5.35,0.43,0.24,0.66,0.19,0.43,-0.31,0.35,"A deeper focused Heritage read with stronger room throw, firmer note shape, and a more controlled bloom than the open triple-flange version.","A seasoned, classic Heritage presentation with a balanced TorchTuned posture, while keeping the shell-first balance intact.",Noticeably shifted away from the benchmark Heritage center; stronger outward throw; Die-Cast hoops add focus and containment.
12x7.5 • 8 lugs • 16 - 10mm • Die-Cast • Chrome • Blackened,12|7.5|8|16 - 10mm|Die-Cast|Chrome|Blackened,12,7.5,8,16 - 10mm,Die-Cast,Chrome,Blackened,2.84,1.2,Focused throw with clean shape,1.673,Grounded body with directed carry,2.003,"Dark, contained shell shape",2.308,simple:focused-throw-clean-shape > shaped:grounded-body-directed-carry > complex:dark-contained-shell-shape,5.61,5.13,5.55,4.93,5.28,4.45,5.65,0.61,0.13,0.55,-0.07,0.28,-0.55,0.65,"A more TorchTuned-forward Heritage read, where the heavier scorch treatment adds a firmer center, slightly tighter bloom, and a more settled shell response.","A darker, classic Heritage presentation with a stronger TorchTuned imprint that favors firmer note control, slightly lower sensitivity, and a more unified shell response under heavier treatment, while keeping the front edge firm and articulate.",Noticeably shifted away from the benchmark Heritage center; the Blackened finish pushes the read toward stronger control and a more disciplined shell response; touch sensitivity is traded for a more locked-in note center; Die-Cast hoops add focus and containment.
12x7.5 • 8 lugs • 16 - 10mm • Die-Cast • Black Nickel • Light Torch,12|7.5|8|16 - 10mm|Die-Cast|Black Nickel|Light Torch,12,7.5,8,16 - 10mm,Die-Cast,Black Nickel,Light Torch,2.53,0.84,"Warm, deep settled center",1.742,Grounded body with directed carry,1.92,"Wide, open Heritage bloom",1.6295,simple:warm-deep-settled-center > shaped:grounded-body-directed-carry > complex:wide-open-heritage-bloom,5.25,5.42,5.77,5.45,5.52,4.93,5.05,0.25,0.42,0.77,0.45,0.52,-0.07,0.05,"A focused-but-open Heritage read: the die-cast hoops tighten the rim response, while the lighter TorchTune finish keeps more touch, air, and upper-shell liveliness in the voice.","A cleaner, slightly more modern Heritage presentation with a lighter TorchTuned imprint that preserves more openness, touch response, and a slightly freer shell reaction, while keeping the shell-first balance intact.",Noticeably shifted away from the benchmark Heritage center; stronger outward throw; Light Torch keeps more touch and liveliness while the die-cast hoops add rim focus; Die-Cast hoops add focus and containment.
12x7.5 • 8 lugs • 16 - 10mm • Die-Cast • Black Nickel • Medium Torch,12|7.5|8|16 - 10mm|Die-Cast|Black Nickel|Medium Torch,12,7.5,8,16 - 10mm,Die-Cast,Black Nickel,Medium Torch,2.61,0.97,Focused throw with clean shape,1.527,Grounded body with directed carry,1.9915,Shorter note with firm response,1.57,simple:focused-throw-clean-shape > shaped:grounded-body-directed-carry > complex:shorter-note-firm-response,5.43,5.24,5.66,5.19,5.43,4.69,5.35,0.43,0.24,0.66,0.19,0.43,-0.31,0.35,"A deeper focused Heritage read with stronger room throw, firmer note shape, and a more controlled bloom than the open triple-flange version.","A seasoned, slightly more modern Heritage presentation with a balanced TorchTuned posture, while keeping the shell-first balance intact.",Noticeably shifted away from the benchmark Heritage center; stronger outward throw; Die-Cast hoops add focus and containment.
12x7.5 • 8 lugs • 16 - 10mm • Die-Cast • Black Nickel • Blackened,12|7.5|8|16 - 10mm|Die-Cast|Black Nickel|Blackened,12,7.5,8,16 - 10mm,Die-Cast,Black Nickel,Blackened,2.84,1.2,Focused throw with clean shape,1.673,Grounded body with directed carry,2.003,"Dark, contained shell shape",2.308,simple:focused-throw-clean-shape > shaped:grounded-body-directed-carry > complex:dark-contained-shell-shape,5.61,5.13,5.55,4.93,5.28,4.45,5.65,0.61,0.13,0.55,-0.07,0.28,-0.55,0.65,"A more TorchTuned-forward Heritage read, where the heavier scorch treatment adds a firmer center, slightly tighter bloom, and a more settled shell response.","A darker, slightly more modern Heritage presentation with a stronger TorchTuned imprint that favors firmer note control, slightly lower sensitivity, and a more unified shell response under heavier treatment, while keeping the front edge firm and articulate.",Noticeably shifted away from the benchmark Heritage center; the Blackened finish pushes the read toward stronger control and a more disciplined shell response; touch sensitivity is traded for a more locked-in note center; Die-Cast hoops add focus and containment.
12x7.5 • 8 lugs • 16 - 10mm • Die-Cast • Brass/Gold • Light Torch,12|7.5|8|16 - 10mm|Die-Cast|Brass/Gold|Light Torch,12,7.5,8,16 - 10mm,Die-Cast,Brass/Gold,Light Torch,2.53,0.84,"Warm, deep settled center",1.742,Grounded body with directed carry,1.92,"Wide, open Heritage bloom",1.6295,simple:warm-deep-settled-center > shaped:grounded-body-directed-carry > complex:wide-open-heritage-bloom,5.25,5.42,5.77,5.45,5.52,4.93,5.05,0.25,0.42,0.77,0.45,0.52,-0.07,0.05,"A focused-but-open Heritage read: the die-cast hoops tighten the rim response, while the lighter TorchTune finish keeps more touch, air, and upper-shell liveliness in the voice.","A cleaner, richer Heritage presentation with a lighter TorchTuned imprint that preserves more openness, touch response, and a slightly freer shell reaction, while keeping the shell-first balance intact.",Noticeably shifted away from the benchmark Heritage center; stronger outward throw; Light Torch keeps more touch and liveliness while the die-cast hoops add rim focus; Die-Cast hoops add focus and containment.
12x7.5 • 8 lugs • 16 - 10mm • Die-Cast • Brass/Gold • Medium Torch,12|7.5|8|16 - 10mm|Die-Cast|Brass/Gold|Medium Torch,12,7.5,8,16 - 10mm,Die-Cast,Brass/Gold,Medium Torch,2.61,0.97,Focused throw with clean shape,1.527,Grounded body with directed carry,1.9915,Shorter note with firm response,1.57,simple:focused-throw-clean-shape > shaped:grounded-body-directed-carry > complex:shorter-note-firm-response,5.43,5.24,5.66,5.19,5.43,4.69,5.35,0.43,0.24,0.66,0.19,0.43,-0.31,0.35,"A deeper focused Heritage read with stronger room throw, firmer note shape, and a more controlled bloom than the open triple-flange version.","A seasoned, richer Heritage presentation with a balanced TorchTuned posture, while keeping the shell-first balance intact.",Noticeably shifted away from the benchmark Heritage center; stronger outward throw; Die-Cast hoops add focus and containment.
12x7.5 • 8 lugs • 16 - 10mm • Die-Cast • Brass/Gold • Blackened,12|7.5|8|16 - 10mm|Die-Cast|Brass/Gold|Blackened,12,7.5,8,16 - 10mm,Die-Cast,Brass/Gold,Blackened,2.84,1.2,Focused throw with clean shape,1.673,Grounded body with directed carry,2.003,"Dark, contained shell shape",2.308,simple:focused-throw-clean-shape > shaped:grounded-body-directed-carry > complex:dark-contained-shell-shape,5.61,5.13,5.55,4.93,5.28,4.45,5.65,0.61,0.13,0.55,-0.07,0.28,-0.55,0.65,"A more TorchTuned-forward Heritage read, where the heavier scorch treatment adds a firmer center, slightly tighter bloom, and a more settled shell response.","A darker, richer Heritage presentation with a stronger TorchTuned imprint that favors firmer note control, slightly lower sensitivity, and a more unified shell response under heavier treatment, while keeping the front edge firm and articulate.",Noticeably shifted away from the benchmark Heritage center; the Blackened finish pushes the read toward stronger control and a more disciplined shell response; touch sensitivity is traded for a more locked-in note center; Die-Cast hoops add focus and containment.
12x8.0 • 6 lugs • 12 - 8mm + $150 (Re-Rings Required) • Triple Flange • Chrome • Light Torch,12|8.0|6|12 - 8mm + $150 (Re-Rings Required)|Triple Flange|Chrome|Light Torch,12,8.0,6,12 - 8mm + $150 (Re-Rings Required),Triple Flange,Chrome,Light Torch,5.09,2.38,"Warm, deep settled center",3.456,"Expressive, blooming response",3.5235,"Dark, complex Heritage bloom",3.867,simple:warm-deep-settled-center > shaped:expressive-blooming-response > complex:dark-complex-heritage-bloom,4.19,4.75,5.09,6.57,6.15,5.52,4.3,-0.81,-0.25,0.09,1.57,1.15,0.52,-0.7,"A darker, more complex Heritage read with a drier top edge, longer sustain, and extra overtone character from the thin re-ring shell.","A cleaner, classic Heritage presentation with a lighter TorchTuned imprint that preserves more openness, touch response, and a slightly freer shell reaction, while keeping the emphasis on body, weight, and shell character.","Warmer and more body-forward than the benchmark Heritage build; a rounder and less immediate note start; a longer, broader note bloom; the lighter TorchTune finish preserves more touch response and a freer shell reaction; the deeper 12-inch re-ring shell keeps studio warmth and balance."
12x8.0 • 6 lugs • 12 - 8mm + $150 (Re-Rings Required) • Triple Flange • Chrome • Medium Torch,12|8.0|6|12 - 8mm + $150 (Re-Rings Required)|Triple Flange|Chrome|Medium Torch,12,8.0,6,12 - 8mm + $150 (Re-Rings Required),Triple Flange,Chrome,Medium Torch,4.3,1.94,"Warm, deep settled center",3.378,Rounded body with a clear start,2.8375,"Dark, complex Heritage bloom",3.499,simple:warm-deep-settled-center > shaped:rounded-body-clear-start > complex:dark-complex-heritage-bloom,4.37,4.57,4.98,6.31,6.23,5.28,4.6,-0.63,-0.43,-0.02,1.31,1.23,0.28,-0.4,"A darker, deeper Heritage read with a drier top edge, grounded body, and enough classic Triple Flange openness to keep the shell alive.","A seasoned, classic Heritage presentation with a balanced TorchTuned posture, while keeping the emphasis on body, weight, and shell character.","Warmer and more body-forward than the benchmark Heritage build; a longer, broader note bloom; the deeper 12-inch re-ring shell keeps studio warmth and balance; a darker, drier top edge is balanced by classic Triple Flange openness; Triple Flange hoops preserve more of the line’s native openness."
12x8.0 • 6 lugs • 12 - 8mm + $150 (Re-Rings Required) • Triple Flange • Chrome • Blackened,12|8.0|6|12 - 8mm + $150 (Re-Rings Required)|Triple Flange|Chrome|Blackened,12,8.0,6,12 - 8mm + $150 (Re-Rings Required),Triple Flange,Chrome,Blackened,3.39,1.62,"Warm, deep settled center",2.908,Rounded body with a clear start,2.1555,"Dark, complex Heritage bloom",3.03,simple:warm-deep-settled-center > shaped:rounded-body-clear-start > complex:dark-complex-heritage-bloom,4.55,4.45,4.87,6.05,6.07,5.04,4.9,-0.45,-0.55,-0.13,1.05,1.07,0.04,-0.1,"A compact, TorchTuned Heritage read: still lively from the smaller shell, but darker and more settled than the same build in a lighter finish.","A darker, classic Heritage presentation with a stronger TorchTuned imprint that favors firmer note control, slightly lower sensitivity, and a more unified shell response under heavier treatment, while keeping the emphasis on body, weight, and shell character.","Warmer and more body-forward than the benchmark Heritage build; a longer, broader note bloom; the deeper 12-inch re-ring shell keeps studio warmth and balance; Triple Flange hoops preserve more of the line’s native openness."
12x8.0 • 6 lugs • 12 - 8mm + $150 (Re-Rings Required) • Triple Flange • Black Nickel • Light Torch,12|8.0|6|12 - 8mm + $150 (Re-Rings Required)|Triple Flange|Black Nickel|Light Torch,12,8.0,6,12 - 8mm + $150 (Re-Rings Required),Triple Flange,Black Nickel,Light Torch,5.09,2.38,"Warm, deep settled center",3.456,"Expressive, blooming response",3.5235,"Dark, complex Heritage bloom",3.867,simple:warm-deep-settled-center > shaped:expressive-blooming-response > complex:dark-complex-heritage-bloom,4.19,4.75,5.09,6.57,6.15,5.52,4.3,-0.81,-0.25,0.09,1.57,1.15,0.52,-0.7,"A darker, more complex Heritage read with a drier top edge, longer sustain, and extra overtone character from the thin re-ring shell.","A cleaner, slightly more modern Heritage presentation with a lighter TorchTuned imprint that preserves more openness, touch response, and a slightly freer shell reaction, while keeping the emphasis on body, weight, and shell character.","Warmer and more body-forward than the benchmark Heritage build; a rounder and less immediate note start; a longer, broader note bloom; the lighter TorchTune finish preserves more touch response and a freer shell reaction; the deeper 12-inch re-ring shell keeps studio warmth and balance."
12x8.0 • 6 lugs • 12 - 8mm + $150 (Re-Rings Required) • Triple Flange • Black Nickel • Medium Torch,12|8.0|6|12 - 8mm + $150 (Re-Rings Required)|Triple Flange|Black Nickel|Medium Torch,12,8.0,6,12 - 8mm + $150 (Re-Rings Required),Triple Flange,Black Nickel,Medium Torch,4.3,1.94,"Warm, deep settled center",3.378,Rounded body with a clear start,2.8375,"Dark, complex Heritage bloom",3.499,simple:warm-deep-settled-center > shaped:rounded-body-clear-start > complex:dark-complex-heritage-bloom,4.37,4.57,4.98,6.31,6.23,5.28,4.6,-0.63,-0.43,-0.02,1.31,1.23,0.28,-0.4,"A darker, deeper Heritage read with a drier top edge, grounded body, and enough classic Triple Flange openness to keep the shell alive.","A seasoned, slightly more modern Heritage presentation with a balanced TorchTuned posture, while keeping the emphasis on body, weight, and shell character.","Warmer and more body-forward than the benchmark Heritage build; a longer, broader note bloom; the deeper 12-inch re-ring shell keeps studio warmth and balance; a darker, drier top edge is balanced by classic Triple Flange openness; Triple Flange hoops preserve more of the line’s native openness."
12x8.0 • 6 lugs • 12 - 8mm + $150 (Re-Rings Required) • Triple Flange • Black Nickel • Blackened,12|8.0|6|12 - 8mm + $150 (Re-Rings Required)|Triple Flange|Black Nickel|Blackened,12,8.0,6,12 - 8mm + $150 (Re-Rings Required),Triple Flange,Black Nickel,Blackened,3.39,1.62,"Warm, deep settled center",2.908,Rounded body with a clear start,2.1555,"Dark, complex Heritage bloom",3.03,simple:warm-deep-settled-center > shaped:rounded-body-clear-start > complex:dark-complex-heritage-bloom,4.55,4.45,4.87,6.05,6.07,5.04,4.9,-0.45,-0.55,-0.13,1.05,1.07,0.04,-0.1,"A compact, TorchTuned Heritage read: still lively from the smaller shell, but darker and more settled than the same build in a lighter finish.","A darker, slightly more modern Heritage presentation with a stronger TorchTuned imprint that favors firmer note control, slightly lower sensitivity, and a more unified shell response under heavier treatment, while keeping the emphasis on body, weight, and shell character.","Warmer and more body-forward than the benchmark Heritage build; a longer, broader note bloom; the deeper 12-inch re-ring shell keeps studio warmth and balance; Triple Flange hoops preserve more of the line’s native openness."
12x8.0 • 6 lugs • 12 - 8mm + $150 (Re-Rings Required) • Triple Flange • Brass/Gold • Light Torch,12|8.0|6|12 - 8mm + $150 (Re-Rings Required)|Triple Flange|Brass/Gold|Light Torch,12,8.0,6,12 - 8mm + $150 (Re-Rings Required),Triple Flange,Brass/Gold,Light Torch,5.09,2.38,"Warm, deep settled center",3.456,"Expressive, blooming response",3.5235,"Dark, complex Heritage bloom",3.867,simple:warm-deep-settled-center > shaped:expressive-blooming-response > complex:dark-complex-heritage-bloom,4.19,4.75,5.09,6.57,6.15,5.52,4.3,-0.81,-0.25,0.09,1.57,1.15,0.52,-0.7,"A darker, more complex Heritage read with a drier top edge, longer sustain, and extra overtone character from the thin re-ring shell.","A cleaner, richer Heritage presentation with a lighter TorchTuned imprint that preserves more openness, touch response, and a slightly freer shell reaction, while keeping the emphasis on body, weight, and shell character.","Warmer and more body-forward than the benchmark Heritage build; a rounder and less immediate note start; a longer, broader note bloom; the lighter TorchTune finish preserves more touch response and a freer shell reaction; the deeper 12-inch re-ring shell keeps studio warmth and balance."
12x8.0 • 6 lugs • 12 - 8mm + $150 (Re-Rings Required) • Triple Flange • Brass/Gold • Medium Torch,12|8.0|6|12 - 8mm + $150 (Re-Rings Required)|Triple Flange|Brass/Gold|Medium Torch,12,8.0,6,12 - 8mm + $150 (Re-Rings Required),Triple Flange,Brass/Gold,Medium Torch,4.3,1.94,"Warm, deep settled center",3.378,Rounded body with a clear start,2.8375,"Dark, complex Heritage bloom",3.499,simple:warm-deep-settled-center > shaped:rounded-body-clear-start > complex:dark-complex-heritage-bloom,4.37,4.57,4.98,6.31,6.23,5.28,4.6,-0.63,-0.43,-0.02,1.31,1.23,0.28,-0.4,"A darker, deeper Heritage read with a drier top edge, grounded body, and enough classic Triple Flange openness to keep the shell alive.","A seasoned, richer Heritage presentation with a balanced TorchTuned posture, while keeping the emphasis on body, weight, and shell character.","Warmer and more body-forward than the benchmark Heritage build; a longer, broader note bloom; the deeper 12-inch re-ring shell keeps studio warmth and balance; a darker, drier top edge is balanced by classic Triple Flange openness; Triple Flange hoops preserve more of the line’s native openness."
12x8.0 • 6 lugs • 12 - 8mm + $150 (Re-Rings Required) • Triple Flange • Brass/Gold • Blackened,12|8.0|6|12 - 8mm + $150 (Re-Rings Required)|Triple Flange|Brass/Gold|Blackened,12,8.0,6,12 - 8mm + $150 (Re-Rings Required),Triple Flange,Brass/Gold,Blackened,3.39,1.62,"Warm, deep settled center",2.908,Rounded body with a clear start,2.1555,"Dark, complex Heritage bloom",3.03,simple:warm-deep-settled-center > shaped:rounded-body-clear-start > complex:dark-complex-heritage-bloom,4.55,4.45,4.87,6.05,6.07,5.04,4.9,-0.45,-0.55,-0.13,1.05,1.07,0.04,-0.1,"A compact, TorchTuned Heritage read: still lively from the smaller shell, but darker and more settled than the same build in a lighter finish.","A darker, richer Heritage presentation with a stronger TorchTuned imprint that favors firmer note control, slightly lower sensitivity, and a more unified shell response under heavier treatment, while keeping the emphasis on body, weight, and shell character.","Warmer and more body-forward than the benchmark Heritage build; a longer, broader note bloom; the deeper 12-inch re-ring shell keeps studio warmth and balance; Triple Flange hoops preserve more of the line’s native openness."
12x8.0 • 6 lugs • 12 - 8mm + $150 (Re-Rings Required) • Die-Cast • Chrome • Light Torch,12|8.0|6|12 - 8mm + $150 (Re-Rings Required)|Die-Cast|Chrome|Light Torch,12,8.0,6,12 - 8mm + $150 (Re-Rings Required),Die-Cast,Chrome,Light Torch,3.65,1.75,"Warm, deep settled center",2.951,"Expressive, blooming response",2.703,"Dark, complex Heritage bloom",2.947,simple:warm-deep-settled-center > shaped:expressive-blooming-response > complex:dark-complex-heritage-bloom,4.51,4.93,5.28,6.26,6,5.27,4.72,-0.49,-0.07,0.28,1.26,1,0.27,-0.28,"A focused-but-open Heritage read: the die-cast hoops tighten the rim response, while the lighter TorchTune finish keeps more touch, air, and upper-shell liveliness in the voice.","A cleaner, classic Heritage presentation with a lighter TorchTuned imprint that preserves more openness, touch response, and a slightly freer shell reaction, while keeping the emphasis on body, weight, and shell character.","Warmer and more body-forward than the benchmark Heritage build; a longer, broader note bloom; Light Torch keeps more touch and liveliness while the die-cast hoops add rim focus; the deeper 12-inch re-ring shell keeps studio warmth and balance; Die-Cast hoops add focus and containment."
12x8.0 • 6 lugs • 12 - 8mm + $150 (Re-Rings Required) • Die-Cast • Chrome • Medium Torch,12|8.0|6|12 - 8mm + $150 (Re-Rings Required)|Die-Cast|Chrome|Medium Torch,12,8.0,6,12 - 8mm + $150 (Re-Rings Required),Die-Cast,Chrome,Medium Torch,2.85,1.39,"Warm, deep settled center",2.873,Rounded body with a clear start,2.0675,"Dark, complex Heritage bloom",2.583,simple:warm-deep-settled-center > shaped:rounded-body-clear-start > complex:dark-complex-heritage-bloom,4.69,4.76,5.17,6,6.08,5.03,5.02,-0.31,-0.24,0.17,1,1.08,0.03,0.02,"A more focused Heritage read with firmer note shape, cleaner front edge, and tighter overall behavior.","A seasoned, classic Heritage presentation with a balanced TorchTuned posture, while keeping the emphasis on body, weight, and shell character.","Warmer and more body-forward than the benchmark Heritage build; a longer, broader note bloom; the deeper 12-inch re-ring shell keeps studio warmth and balance; Die-Cast hoops add focus and containment."
12x8.0 • 6 lugs • 12 - 8mm + $150 (Re-Rings Required) • Die-Cast • Chrome • Blackened,12|8.0|6|12 - 8mm + $150 (Re-Rings Required)|Die-Cast|Chrome|Blackened,12,8.0,6,12 - 8mm + $150 (Re-Rings Required),Die-Cast,Chrome,Blackened,2.65,1.19,"Warm, deep settled center",2.353,Grounded body with directed carry,1.82,"Wide, open Heritage bloom",1.7715,simple:warm-deep-settled-center > shaped:grounded-body-directed-carry > complex:wide-open-heritage-bloom,4.87,4.68,5.06,5.74,5.87,4.79,5.32,-0.13,-0.32,0.06,0.74,0.87,-0.21,0.32,"A more TorchTuned-forward Heritage read, where the heavier scorch treatment adds a firmer center, slightly tighter bloom, and a more settled shell response.","A darker, classic Heritage presentation with a stronger TorchTuned imprint that favors firmer note control, slightly lower sensitivity, and a more unified shell response under heavier treatment, while keeping the emphasis on body, weight, and shell character.","Warmer and more body-forward than the benchmark Heritage build; a longer, broader note bloom; the Blackened finish adds a more contained center and slightly firmer shell behavior; the deeper 12-inch re-ring shell keeps studio warmth and balance; Die-Cast hoops add focus and containment."
12x8.0 • 6 lugs • 12 - 8mm + $150 (Re-Rings Required) • Die-Cast • Black Nickel • Light Torch,12|8.0|6|12 - 8mm + $150 (Re-Rings Required)|Die-Cast|Black Nickel|Light Torch,12,8.0,6,12 - 8mm + $150 (Re-Rings Required),Die-Cast,Black Nickel,Light Torch,3.65,1.75,"Warm, deep settled center",2.951,"Expressive, blooming response",2.703,"Dark, complex Heritage bloom",2.947,simple:warm-deep-settled-center > shaped:expressive-blooming-response > complex:dark-complex-heritage-bloom,4.51,4.93,5.28,6.26,6,5.27,4.72,-0.49,-0.07,0.28,1.26,1,0.27,-0.28,"A focused-but-open Heritage read: the die-cast hoops tighten the rim response, while the lighter TorchTune finish keeps more touch, air, and upper-shell liveliness in the voice.","A cleaner, slightly more modern Heritage presentation with a lighter TorchTuned imprint that preserves more openness, touch response, and a slightly freer shell reaction, while keeping the emphasis on body, weight, and shell character.","Warmer and more body-forward than the benchmark Heritage build; a longer, broader note bloom; Light Torch keeps more touch and liveliness while the die-cast hoops add rim focus; the deeper 12-inch re-ring shell keeps studio warmth and balance; Die-Cast hoops add focus and containment."
12x8.0 • 6 lugs • 12 - 8mm + $150 (Re-Rings Required) • Die-Cast • Black Nickel • Medium Torch,12|8.0|6|12 - 8mm + $150 (Re-Rings Required)|Die-Cast|Black Nickel|Medium Torch,12,8.0,6,12 - 8mm + $150 (Re-Rings Required),Die-Cast,Black Nickel,Medium Torch,2.85,1.39,"Warm, deep settled center",2.873,Rounded body with a clear start,2.0675,"Dark, complex Heritage bloom",2.583,simple:warm-deep-settled-center > shaped:rounded-body-clear-start > complex:dark-complex-heritage-bloom,4.69,4.76,5.17,6,6.08,5.03,5.02,-0.31,-0.24,0.17,1,1.08,0.03,0.02,"A more focused Heritage read with firmer note shape, cleaner front edge, and tighter overall behavior.","A seasoned, slightly more modern Heritage presentation with a balanced TorchTuned posture, while keeping the emphasis on body, weight, and shell character.","Warmer and more body-forward than the benchmark Heritage build; a longer, broader note bloom; the deeper 12-inch re-ring shell keeps studio warmth and balance; Die-Cast hoops add focus and containment."
12x8.0 • 6 lugs • 12 - 8mm + $150 (Re-Rings Required) • Die-Cast • Black Nickel • Blackened,12|8.0|6|12 - 8mm + $150 (Re-Rings Required)|Die-Cast|Black Nickel|Blackened,12,8.0,6,12 - 8mm + $150 (Re-Rings Required),Die-Cast,Black Nickel,Blackened,2.65,1.19,"Warm, deep settled center",2.353,Grounded body with directed carry,1.82,"Wide, open Heritage bloom",1.7715,simple:warm-deep-settled-center > shaped:grounded-body-directed-carry > complex:wide-open-heritage-bloom,4.87,4.68,5.06,5.74,5.87,4.79,5.32,-0.13,-0.32,0.06,0.74,0.87,-0.21,0.32,"A more TorchTuned-forward Heritage read, where the heavier scorch treatment adds a firmer center, slightly tighter bloom, and a more settled shell response.","A darker, slightly more modern Heritage presentation with a stronger TorchTuned imprint that favors firmer note control, slightly lower sensitivity, and a more unified shell response under heavier treatment, while keeping the emphasis on body, weight, and shell character.","Warmer and more body-forward than the benchmark Heritage build; a longer, broader note bloom; the Blackened finish adds a more contained center and slightly firmer shell behavior; the deeper 12-inch re-ring shell keeps studio warmth and balance; Die-Cast hoops add focus and containment."
12x8.0 • 6 lugs • 12 - 8mm + $150 (Re-Rings Required) • Die-Cast • Brass/Gold • Light Torch,12|8.0|6|12 - 8mm + $150 (Re-Rings Required)|Die-Cast|Brass/Gold|Light Torch,12,8.0,6,12 - 8mm + $150 (Re-Rings Required),Die-Cast,Brass/Gold,Light Torch,3.65,1.75,"Warm, deep settled center",2.951,"Expressive, blooming response",2.703,"Dark, complex Heritage bloom",2.947,simple:warm-deep-settled-center > shaped:expressive-blooming-response > complex:dark-complex-heritage-bloom,4.51,4.93,5.28,6.26,6,5.27,4.72,-0.49,-0.07,0.28,1.26,1,0.27,-0.28,"A focused-but-open Heritage read: the die-cast hoops tighten the rim response, while the lighter TorchTune finish keeps more touch, air, and upper-shell liveliness in the voice.","A cleaner, richer Heritage presentation with a lighter TorchTuned imprint that preserves more openness, touch response, and a slightly freer shell reaction, while keeping the emphasis on body, weight, and shell character.","Warmer and more body-forward than the benchmark Heritage build; a longer, broader note bloom; Light Torch keeps more touch and liveliness while the die-cast hoops add rim focus; the deeper 12-inch re-ring shell keeps studio warmth and balance; Die-Cast hoops add focus and containment."
12x8.0 • 6 lugs • 12 - 8mm + $150 (Re-Rings Required) • Die-Cast • Brass/Gold • Medium Torch,12|8.0|6|12 - 8mm + $150 (Re-Rings Required)|Die-Cast|Brass/Gold|Medium Torch,12,8.0,6,12 - 8mm + $150 (Re-Rings Required),Die-Cast,Brass/Gold,Medium Torch,2.85,1.39,"Warm, deep settled center",2.873,Rounded body with a clear start,2.0675,"Dark, complex Heritage bloom",2.583,simple:warm-deep-settled-center > shaped:rounded-body-clear-start > complex:dark-complex-heritage-bloom,4.69,4.76,5.17,6,6.08,5.03,5.02,-0.31,-0.24,0.17,1,1.08,0.03,0.02,"A more focused Heritage read with firmer note shape, cleaner front edge, and tighter overall behavior.","A seasoned, richer Heritage presentation with a balanced TorchTuned posture, while keeping the emphasis on body, weight, and shell character.","Warmer and more body-forward than the benchmark Heritage build; a longer, broader note bloom; the deeper 12-inch re-ring shell keeps studio warmth and balance; Die-Cast hoops add focus and containment."
12x8.0 • 6 lugs • 12 - 8mm + $150 (Re-Rings Required) • Die-Cast • Brass/Gold • Blackened,12|8.0|6|12 - 8mm + $150 (Re-Rings Required)|Die-Cast|Brass/Gold|Blackened,12,8.0,6,12 - 8mm + $150 (Re-Rings Required),Die-Cast,Brass/Gold,Blackened,2.65,1.19,"Warm, deep settled center",2.353,Grounded body with directed carry,1.82,"Wide, open Heritage bloom",1.7715,simple:warm-deep-settled-center > shaped:grounded-body-directed-carry > complex:wide-open-heritage-bloom,4.87,4.68,5.06,5.74,5.87,4.79,5.32,-0.13,-0.32,0.06,0.74,0.87,-0.21,0.32,"A more TorchTuned-forward Heritage read, where the heavier scorch treatment adds a firmer center, slightly tighter bloom, and a more settled shell response.","A darker, richer Heritage presentation with a stronger TorchTuned imprint that favors firmer note control, slightly lower sensitivity, and a more unified shell response under heavier treatment, while keeping the emphasis on body, weight, and shell character.","Warmer and more body-forward than the benchmark Heritage build; a longer, broader note bloom; the Blackened finish adds a more contained center and slightly firmer shell behavior; the deeper 12-inch re-ring shell keeps studio warmth and balance; Die-Cast hoops add focus and containment."
12x8.0 • 8 lugs • 16 - 10mm • Triple Flange • Chrome • Light Torch,12|8.0|8|16 - 10mm|Triple Flange|Chrome|Light Torch,12,8.0,8,16 - 10mm,Triple Flange,Chrome,Light Torch,3.1,1.38,"Warm, deep settled center",2.509,"Expressive, blooming response",2.1405,"Wide, open Heritage bloom",2.3155,simple:warm-deep-settled-center > shaped:expressive-blooming-response > complex:wide-open-heritage-bloom,4.79,5.06,5.59,5.94,5.77,5.09,4.56,-0.21,0.06,0.59,0.94,0.77,0.09,-0.44,"A fuller Heritage read with broader body, deeper bloom, and a more grounded voice in the room.","A cleaner, classic Heritage presentation with a lighter TorchTuned imprint that preserves more openness, touch response, and a slightly freer shell reaction, while keeping the emphasis on body, weight, and shell character.","Warmer and more body-forward than the benchmark Heritage build; a longer, broader note bloom; the lighter TorchTune finish preserves more touch response and a freer shell reaction; Triple Flange hoops preserve more of the line’s native openness."
12x8.0 • 8 lugs • 16 - 10mm • Triple Flange • Chrome • Medium Torch,12|8.0|8|16 - 10mm|Triple Flange|Chrome|Medium Torch,12,8.0,8,16 - 10mm,Triple Flange,Chrome,Medium Torch,2.45,1,"Warm, deep settled center",2.431,Rounded body with a clear start,1.7855,Body that blooms outward,1.9123,simple:warm-deep-settled-center > shaped:rounded-body-clear-start > complex:body-blooms-outward,4.97,4.88,5.48,5.68,5.85,4.85,4.86,-0.03,-0.12,0.48,0.68,0.85,-0.15,-0.14,"A fuller Heritage read with broader body, deeper bloom, and a more grounded voice in the room.","A seasoned, classic Heritage presentation with a balanced TorchTuned posture, while keeping the emphasis on body, weight, and shell character.","Warmer and more body-forward than the benchmark Heritage build; a longer, broader note bloom; a darker, drier top edge is balanced by classic Triple Flange openness; Triple Flange hoops preserve more of the line’s native openness."
12x8.0 • 8 lugs • 16 - 10mm • Triple Flange • Chrome • Blackened,12|8.0|8|16 - 10mm|Triple Flange|Chrome|Blackened,12,8.0,8,16 - 10mm,Triple Flange,Chrome,Blackened,2.42,1.08,"Warm, deep settled center",1.961,Grounded body with directed carry,1.5205,Body that blooms outward,1.4674,simple:warm-deep-settled-center > shaped:grounded-body-directed-carry > complex:body-blooms-outward,5.15,4.76,5.37,5.42,5.69,4.61,5.16,0.15,-0.24,0.37,0.42,0.69,-0.39,0.16,"A compact, TorchTuned Heritage read: still lively from the smaller shell, but darker and more settled than the same build in a lighter finish.","A darker, classic Heritage presentation with a stronger TorchTuned imprint that favors firmer note control, slightly lower sensitivity, and a more unified shell response under heavier treatment, while keeping the shell-first balance intact.",Warmer and more body-forward than the benchmark Heritage build; Triple Flange hoops preserve more of the line’s native openness.
12x8.0 • 8 lugs • 16 - 10mm • Triple Flange • Black Nickel • Light Torch,12|8.0|8|16 - 10mm|Triple Flange|Black Nickel|Light Torch,12,8.0,8,16 - 10mm,Triple Flange,Black Nickel,Light Torch,3.1,1.38,"Warm, deep settled center",2.509,"Expressive, blooming response",2.1405,"Wide, open Heritage bloom",2.3155,simple:warm-deep-settled-center > shaped:expressive-blooming-response > complex:wide-open-heritage-bloom,4.79,5.06,5.59,5.94,5.77,5.09,4.56,-0.21,0.06,0.59,0.94,0.77,0.09,-0.44,"A fuller Heritage read with broader body, deeper bloom, and a more grounded voice in the room.","A cleaner, slightly more modern Heritage presentation with a lighter TorchTuned imprint that preserves more openness, touch response, and a slightly freer shell reaction, while keeping the emphasis on body, weight, and shell character.","Warmer and more body-forward than the benchmark Heritage build; a longer, broader note bloom; the lighter TorchTune finish preserves more touch response and a freer shell reaction; Triple Flange hoops preserve more of the line’s native openness."
12x8.0 • 8 lugs • 16 - 10mm • Triple Flange • Black Nickel • Medium Torch,12|8.0|8|16 - 10mm|Triple Flange|Black Nickel|Medium Torch,12,8.0,8,16 - 10mm,Triple Flange,Black Nickel,Medium Torch,2.45,1,"Warm, deep settled center",2.431,Rounded body with a clear start,1.7855,Body that blooms outward,1.9123,simple:warm-deep-settled-center > shaped:rounded-body-clear-start > complex:body-blooms-outward,4.97,4.88,5.48,5.68,5.85,4.85,4.86,-0.03,-0.12,0.48,0.68,0.85,-0.15,-0.14,"A fuller Heritage read with broader body, deeper bloom, and a more grounded voice in the room.","A seasoned, slightly more modern Heritage presentation with a balanced TorchTuned posture, while keeping the emphasis on body, weight, and shell character.","Warmer and more body-forward than the benchmark Heritage build; a longer, broader note bloom; a darker, drier top edge is balanced by classic Triple Flange openness; Triple Flange hoops preserve more of the line’s native openness."
12x8.0 • 8 lugs • 16 - 10mm • Triple Flange • Black Nickel • Blackened,12|8.0|8|16 - 10mm|Triple Flange|Black Nickel|Blackened,12,8.0,8,16 - 10mm,Triple Flange,Black Nickel,Blackened,2.42,1.08,"Warm, deep settled center",1.961,Grounded body with directed carry,1.5205,Body that blooms outward,1.4674,simple:warm-deep-settled-center > shaped:grounded-body-directed-carry > complex:body-blooms-outward,5.15,4.76,5.37,5.42,5.69,4.61,5.16,0.15,-0.24,0.37,0.42,0.69,-0.39,0.16,"A compact, TorchTuned Heritage read: still lively from the smaller shell, but darker and more settled than the same build in a lighter finish.","A darker, slightly more modern Heritage presentation with a stronger TorchTuned imprint that favors firmer note control, slightly lower sensitivity, and a more unified shell response under heavier treatment, while keeping the shell-first balance intact.",Warmer and more body-forward than the benchmark Heritage build; Triple Flange hoops preserve more of the line’s native openness.
12x8.0 • 8 lugs • 16 - 10mm • Triple Flange • Brass/Gold • Light Torch,12|8.0|8|16 - 10mm|Triple Flange|Brass/Gold|Light Torch,12,8.0,8,16 - 10mm,Triple Flange,Brass/Gold,Light Torch,3.1,1.38,"Warm, deep settled center",2.509,"Expressive, blooming response",2.1405,"Wide, open Heritage bloom",2.3155,simple:warm-deep-settled-center > shaped:expressive-blooming-response > complex:wide-open-heritage-bloom,4.79,5.06,5.59,5.94,5.77,5.09,4.56,-0.21,0.06,0.59,0.94,0.77,0.09,-0.44,"A fuller Heritage read with broader body, deeper bloom, and a more grounded voice in the room.","A cleaner, richer Heritage presentation with a lighter TorchTuned imprint that preserves more openness, touch response, and a slightly freer shell reaction, while keeping the emphasis on body, weight, and shell character.","Warmer and more body-forward than the benchmark Heritage build; a longer, broader note bloom; the lighter TorchTune finish preserves more touch response and a freer shell reaction; Triple Flange hoops preserve more of the line’s native openness."
12x8.0 • 8 lugs • 16 - 10mm • Triple Flange • Brass/Gold • Medium Torch,12|8.0|8|16 - 10mm|Triple Flange|Brass/Gold|Medium Torch,12,8.0,8,16 - 10mm,Triple Flange,Brass/Gold,Medium Torch,2.45,1,"Warm, deep settled center",2.431,Rounded body with a clear start,1.7855,Body that blooms outward,1.9123,simple:warm-deep-settled-center > shaped:rounded-body-clear-start > complex:body-blooms-outward,4.97,4.88,5.48,5.68,5.85,4.85,4.86,-0.03,-0.12,0.48,0.68,0.85,-0.15,-0.14,"A fuller Heritage read with broader body, deeper bloom, and a more grounded voice in the room.","A seasoned, richer Heritage presentation with a balanced TorchTuned posture, while keeping the emphasis on body, weight, and shell character.","Warmer and more body-forward than the benchmark Heritage build; a longer, broader note bloom; a darker, drier top edge is balanced by classic Triple Flange openness; Triple Flange hoops preserve more of the line’s native openness."
12x8.0 • 8 lugs • 16 - 10mm • Triple Flange • Brass/Gold • Blackened,12|8.0|8|16 - 10mm|Triple Flange|Brass/Gold|Blackened,12,8.0,8,16 - 10mm,Triple Flange,Brass/Gold,Blackened,2.42,1.08,"Warm, deep settled center",1.961,Grounded body with directed carry,1.5205,Body that blooms outward,1.4674,simple:warm-deep-settled-center > shaped:grounded-body-directed-carry > complex:body-blooms-outward,5.15,4.76,5.37,5.42,5.69,4.61,5.16,0.15,-0.24,0.37,0.42,0.69,-0.39,0.16,"A compact, TorchTuned Heritage read: still lively from the smaller shell, but darker and more settled than the same build in a lighter finish.","A darker, richer Heritage presentation with a stronger TorchTuned imprint that favors firmer note control, slightly lower sensitivity, and a more unified shell response under heavier treatment, while keeping the shell-first balance intact.",Warmer and more body-forward than the benchmark Heritage build; Triple Flange hoops preserve more of the line’s native openness.
12x8.0 • 8 lugs • 16 - 10mm • Die-Cast • Chrome • Light Torch,12|8.0|8|16 - 10mm|Die-Cast|Chrome|Light Torch,12,8.0,8,16 - 10mm,Die-Cast,Chrome,Light Torch,2.54,0.92,"Warm, deep settled center",1.994,Grounded body with directed carry,1.917,"Wide, open Heritage bloom",1.786,simple:warm-deep-settled-center > shaped:grounded-body-directed-carry > complex:wide-open-heritage-bloom,5.12,5.24,5.78,5.63,5.61,4.86,5.02,0.12,0.24,0.78,0.63,0.61,-0.14,0.02,"A focused-but-open Heritage read: the die-cast hoops tighten the rim response, while the lighter TorchTune finish keeps more touch, air, and upper-shell liveliness in the voice.","A cleaner, classic Heritage presentation with a lighter TorchTuned imprint that preserves more openness, touch response, and a slightly freer shell reaction, while keeping the shell-first balance intact.",Warmer and more body-forward than the benchmark Heritage build; stronger outward throw; Light Torch keeps more touch and liveliness while the die-cast hoops add rim focus; Die-Cast hoops add focus and containment.
12x8.0 • 8 lugs • 16 - 10mm • Die-Cast • Chrome • Medium Torch,12|8.0|8|16 - 10mm|Die-Cast|Chrome|Medium Torch,12,8.0,8,16 - 10mm,Die-Cast,Chrome,Medium Torch,2.79,1.07,"Warm, deep settled center",1.916,Grounded body with directed carry,2.1585,Body that blooms outward,1.4644,simple:warm-deep-settled-center > shaped:grounded-body-directed-carry > complex:body-blooms-outward,5.3,5.06,5.67,5.37,5.69,4.62,5.32,0.3,0.06,0.67,0.37,0.69,-0.38,0.32,"A deeper focused Heritage read with stronger room throw, firmer note shape, and a more controlled bloom than the open triple-flange version.","A seasoned, classic Heritage presentation with a balanced TorchTuned posture, while keeping the shell-first balance intact.",Warmer and more body-forward than the benchmark Heritage build; stronger outward throw; Die-Cast hoops add focus and containment.
12x8.0 • 8 lugs • 16 - 10mm • Die-Cast • Chrome • Blackened,12|8.0|8|16 - 10mm|Die-Cast|Chrome|Blackened,12,8.0,8,16 - 10mm,Die-Cast,Chrome,Blackened,2.88,1.24,Focused throw with clean shape,1.553,Grounded body with directed carry,2.11,"Dark, contained shell shape",2.421,simple:focused-throw-clean-shape > shaped:grounded-body-directed-carry > complex:dark-contained-shell-shape,5.48,4.99,5.56,5.11,5.48,4.38,5.62,0.48,-0.01,0.56,0.11,0.48,-0.62,0.62,"A more TorchTuned-forward Heritage read, where the heavier scorch treatment adds a firmer center, slightly tighter bloom, and a more settled shell response.","A darker, classic Heritage presentation with a stronger TorchTuned imprint that favors firmer note control, slightly lower sensitivity, and a more unified shell response under heavier treatment, while keeping the shell centered and composed.",Noticeably shifted away from the benchmark Heritage center; the Blackened finish pushes the read toward stronger control and a more disciplined shell response; touch sensitivity is traded for a more locked-in note center; Die-Cast hoops add focus and containment.
12x8.0 • 8 lugs • 16 - 10mm • Die-Cast • Black Nickel • Light Torch,12|8.0|8|16 - 10mm|Die-Cast|Black Nickel|Light Torch,12,8.0,8,16 - 10mm,Die-Cast,Black Nickel,Light Torch,2.54,0.92,"Warm, deep settled center",1.994,Grounded body with directed carry,1.917,"Wide, open Heritage bloom",1.786,simple:warm-deep-settled-center > shaped:grounded-body-directed-carry > complex:wide-open-heritage-bloom,5.12,5.24,5.78,5.63,5.61,4.86,5.02,0.12,0.24,0.78,0.63,0.61,-0.14,0.02,"A focused-but-open Heritage read: the die-cast hoops tighten the rim response, while the lighter TorchTune finish keeps more touch, air, and upper-shell liveliness in the voice.","A cleaner, slightly more modern Heritage presentation with a lighter TorchTuned imprint that preserves more openness, touch response, and a slightly freer shell reaction, while keeping the shell-first balance intact.",Warmer and more body-forward than the benchmark Heritage build; stronger outward throw; Light Torch keeps more touch and liveliness while the die-cast hoops add rim focus; Die-Cast hoops add focus and containment.
12x8.0 • 8 lugs • 16 - 10mm • Die-Cast • Black Nickel • Medium Torch,12|8.0|8|16 - 10mm|Die-Cast|Black Nickel|Medium Torch,12,8.0,8,16 - 10mm,Die-Cast,Black Nickel,Medium Torch,2.79,1.07,"Warm, deep settled center",1.916,Grounded body with directed carry,2.1585,Body that blooms outward,1.4644,simple:warm-deep-settled-center > shaped:grounded-body-directed-carry > complex:body-blooms-outward,5.3,5.06,5.67,5.37,5.69,4.62,5.32,0.3,0.06,0.67,0.37,0.69,-0.38,0.32,"A deeper focused Heritage read with stronger room throw, firmer note shape, and a more controlled bloom than the open triple-flange version.","A seasoned, slightly more modern Heritage presentation with a balanced TorchTuned posture, while keeping the shell-first balance intact.",Warmer and more body-forward than the benchmark Heritage build; stronger outward throw; Die-Cast hoops add focus and containment.
12x8.0 • 8 lugs • 16 - 10mm • Die-Cast • Black Nickel • Blackened,12|8.0|8|16 - 10mm|Die-Cast|Black Nickel|Blackened,12,8.0,8,16 - 10mm,Die-Cast,Black Nickel,Blackened,2.88,1.24,Focused throw with clean shape,1.553,Grounded body with directed carry,2.11,"Dark, contained shell shape",2.421,simple:focused-throw-clean-shape > shaped:grounded-body-directed-carry > complex:dark-contained-shell-shape,5.48,4.99,5.56,5.11,5.48,4.38,5.62,0.48,-0.01,0.56,0.11,0.48,-0.62,0.62,"A more TorchTuned-forward Heritage read, where the heavier scorch treatment adds a firmer center, slightly tighter bloom, and a more settled shell response.","A darker, slightly more modern Heritage presentation with a stronger TorchTuned imprint that favors firmer note control, slightly lower sensitivity, and a more unified shell response under heavier treatment, while keeping the shell centered and composed.",Noticeably shifted away from the benchmark Heritage center; the Blackened finish pushes the read toward stronger control and a more disciplined shell response; touch sensitivity is traded for a more locked-in note center; Die-Cast hoops add focus and containment.
12x8.0 • 8 lugs • 16 - 10mm • Die-Cast • Brass/Gold • Light Torch,12|8.0|8|16 - 10mm|Die-Cast|Brass/Gold|Light Torch,12,8.0,8,16 - 10mm,Die-Cast,Brass/Gold,Light Torch,2.54,0.92,"Warm, deep settled center",1.994,Grounded body with directed carry,1.917,"Wide, open Heritage bloom",1.786,simple:warm-deep-settled-center > shaped:grounded-body-directed-carry > complex:wide-open-heritage-bloom,5.12,5.24,5.78,5.63,5.61,4.86,5.02,0.12,0.24,0.78,0.63,0.61,-0.14,0.02,"A focused-but-open Heritage read: the die-cast hoops tighten the rim response, while the lighter TorchTune finish keeps more touch, air, and upper-shell liveliness in the voice.","A cleaner, richer Heritage presentation with a lighter TorchTuned imprint that preserves more openness, touch response, and a slightly freer shell reaction, while keeping the shell-first balance intact.",Warmer and more body-forward than the benchmark Heritage build; stronger outward throw; Light Torch keeps more touch and liveliness while the die-cast hoops add rim focus; Die-Cast hoops add focus and containment.
12x8.0 • 8 lugs • 16 - 10mm • Die-Cast • Brass/Gold • Medium Torch,12|8.0|8|16 - 10mm|Die-Cast|Brass/Gold|Medium Torch,12,8.0,8,16 - 10mm,Die-Cast,Brass/Gold,Medium Torch,2.79,1.07,"Warm, deep settled center",1.916,Grounded body with directed carry,2.1585,Body that blooms outward,1.4644,simple:warm-deep-settled-center > shaped:grounded-body-directed-carry > complex:body-blooms-outward,5.3,5.06,5.67,5.37,5.69,4.62,5.32,0.3,0.06,0.67,0.37,0.69,-0.38,0.32,"A deeper focused Heritage read with stronger room throw, firmer note shape, and a more controlled bloom than the open triple-flange version.","A seasoned, richer Heritage presentation with a balanced TorchTuned posture, while keeping the shell-first balance intact.",Warmer and more body-forward than the benchmark Heritage build; stronger outward throw; Die-Cast hoops add focus and containment.
12x8.0 • 8 lugs • 16 - 10mm • Die-Cast • Brass/Gold • Blackened,12|8.0|8|16 - 10mm|Die-Cast|Brass/Gold|Blackened,12,8.0,8,16 - 10mm,Die-Cast,Brass/Gold,Blackened,2.88,1.24,Focused throw with clean shape,1.553,Grounded body with directed carry,2.11,"Dark, contained shell shape",2.421,simple:focused-throw-clean-shape > shaped:grounded-body-directed-carry > complex:dark-contained-shell-shape,5.48,4.99,5.56,5.11,5.48,4.38,5.62,0.48,-0.01,0.56,0.11,0.48,-0.62,0.62,"A more TorchTuned-forward Heritage read, where the heavier scorch treatment adds a firmer center, slightly tighter bloom, and a more settled shell response.","A darker, richer Heritage presentation with a stronger TorchTuned imprint that favors firmer note control, slightly lower sensitivity, and a more unified shell response under heavier treatment, while keeping the shell centered and composed.",Noticeably shifted away from the benchmark Heritage center; the Blackened finish pushes the read toward stronger control and a more disciplined shell response; touch sensitivity is traded for a more locked-in note center; Die-Cast hoops add focus and containment.
13x5.0 • 8 lugs • 16 - 10mm • Triple Flange • Chrome • Light Torch,13|5.0|8|16 - 10mm|Triple Flange|Chrome|Light Torch,13,5.0,8,16 - 10mm,Triple Flange,Chrome,Light Torch,2.04,1.01,"Compact, quick, lean response",1.7395,"Expressive, blooming response",,Balanced Heritage center,,simple:compact-quick-lean-response > shaped:expressive-blooming-response > complex:balanced-heritage-center,5.23,5.52,5.14,4.94,4.51,5.31,4.71,0.23,0.52,0.14,-0.06,-0.49,0.31,-0.29,"A more open Heritage read, where the lighter torch treatment preserves extra liveliness, touch response, and a slightly freer bloom through the shell.","A cleaner, classic Heritage presentation with a lighter TorchTuned imprint that preserves more openness, touch response, and a slightly freer shell reaction, while keeping the shell-first balance intact.",Close to the benchmark Heritage warmth posture; the lighter TorchTune finish preserves more touch response and a freer shell reaction; Triple Flange hoops preserve more of the line’s native openness.
13x5.0 • 8 lugs • 16 - 10mm • Triple Flange • Chrome • Medium Torch,13|5.0|8|16 - 10mm|Triple Flange|Chrome|Medium Torch,13,5.0,8,16 - 10mm,Triple Flange,Chrome,Medium Torch,1.59,0.82,"Compact, quick, lean response",1.5835,"Fast, disciplined touch response",0.619,Shorter note with firm response,0.6745,simple:compact-quick-lean-response > shaped:fast-disciplined-touch-response > complex:shorter-note-firm-response,5.41,5.34,5.03,4.68,4.59,5.07,5.01,0.41,0.34,0.03,-0.32,-0.41,0.07,0.01,"A balanced Heritage read with natural openness, grounded body, and classic shell-first response.","A seasoned, classic Heritage presentation with a balanced TorchTuned posture, while keeping the shell-first balance intact.",Close to the benchmark Heritage warmth posture; the Medium Torch benchmark keeps the line centered between openness and control; Triple Flange hoops preserve more of the line’s native openness.
13x5.0 • 8 lugs • 16 - 10mm • Triple Flange • Chrome • Blackened,13|5.0|8|16 - 10mm|Triple Flange|Chrome|Blackened,13,5.0,8,16 - 10mm,Triple Flange,Chrome,Blackened,2.22,1.17,"Compact, quick, lean response",1.5605,"Fast, disciplined touch response",0.981,Shorter note with firm response,1.577,simple:compact-quick-lean-response > shaped:fast-disciplined-touch-response > complex:shorter-note-firm-response,5.59,5.16,4.92,4.42,4.67,4.83,5.31,0.59,0.16,-0.08,-0.58,-0.33,-0.17,0.31,"A compact, TorchTuned Heritage read: still lively from the smaller shell, but darker and more settled than the same build in a lighter finish.","A darker, classic Heritage presentation with a stronger TorchTuned imprint that favors firmer note control, slightly lower sensitivity, and a more unified shell response under heavier treatment, while keeping the shell-first balance intact.",Noticeably shifted away from the benchmark Heritage center; the Blackened finish adds a more contained center and slightly firmer shell behavior; Triple Flange hoops preserve more of the line’s native openness.
13x5.0 • 8 lugs • 16 - 10mm • Triple Flange • Black Nickel • Light Torch,13|5.0|8|16 - 10mm|Triple Flange|Black Nickel|Light Torch,13,5.0,8,16 - 10mm,Triple Flange,Black Nickel,Light Torch,2.04,1.01,"Compact, quick, lean response",1.7395,"Expressive, blooming response",,Balanced Heritage center,,simple:compact-quick-lean-response > shaped:expressive-blooming-response > complex:balanced-heritage-center,5.23,5.52,5.14,4.94,4.51,5.31,4.71,0.23,0.52,0.14,-0.06,-0.49,0.31,-0.29,"A more open Heritage read, where the lighter torch treatment preserves extra liveliness, touch response, and a slightly freer bloom through the shell.","A cleaner, slightly more modern Heritage presentation with a lighter TorchTuned imprint that preserves more openness, touch response, and a slightly freer shell reaction, while keeping the shell-first balance intact.",Close to the benchmark Heritage warmth posture; the lighter TorchTune finish preserves more touch response and a freer shell reaction; Triple Flange hoops preserve more of the line’s native openness.
13x5.0 • 8 lugs • 16 - 10mm • Triple Flange • Black Nickel • Medium Torch,13|5.0|8|16 - 10mm|Triple Flange|Black Nickel|Medium Torch,13,5.0,8,16 - 10mm,Triple Flange,Black Nickel,Medium Torch,1.59,0.82,"Compact, quick, lean response",1.5835,"Fast, disciplined touch response",0.619,Shorter note with firm response,0.6745,simple:compact-quick-lean-response > shaped:fast-disciplined-touch-response > complex:shorter-note-firm-response,5.41,5.34,5.03,4.68,4.59,5.07,5.01,0.41,0.34,0.03,-0.32,-0.41,0.07,0.01,"A balanced Heritage read with natural openness, grounded body, and classic shell-first response.","A seasoned, slightly more modern Heritage presentation with a balanced TorchTuned posture, while keeping the shell-first balance intact.",Close to the benchmark Heritage warmth posture; the Medium Torch benchmark keeps the line centered between openness and control; Triple Flange hoops preserve more of the line’s native openness.
13x5.0 • 8 lugs • 16 - 10mm • Triple Flange • Black Nickel • Blackened,13|5.0|8|16 - 10mm|Triple Flange|Black Nickel|Blackened,13,5.0,8,16 - 10mm,Triple Flange,Black Nickel,Blackened,2.22,1.17,"Compact, quick, lean response",1.5605,"Fast, disciplined touch response",0.981,Shorter note with firm response,1.577,simple:compact-quick-lean-response > shaped:fast-disciplined-touch-response > complex:shorter-note-firm-response,5.59,5.16,4.92,4.42,4.67,4.83,5.31,0.59,0.16,-0.08,-0.58,-0.33,-0.17,0.31,"A compact, TorchTuned Heritage read: still lively from the smaller shell, but darker and more settled than the same build in a lighter finish.","A darker, slightly more modern Heritage presentation with a stronger TorchTuned imprint that favors firmer note control, slightly lower sensitivity, and a more unified shell response under heavier treatment, while keeping the shell-first balance intact.",Noticeably shifted away from the benchmark Heritage center; the Blackened finish adds a more contained center and slightly firmer shell behavior; Triple Flange hoops preserve more of the line’s native openness.
13x5.0 • 8 lugs • 16 - 10mm • Triple Flange • Brass/Gold • Light Torch,13|5.0|8|16 - 10mm|Triple Flange|Brass/Gold|Light Torch,13,5.0,8,16 - 10mm,Triple Flange,Brass/Gold,Light Torch,2.04,1.01,"Compact, quick, lean response",1.7395,"Expressive, blooming response",,Balanced Heritage center,,simple:compact-quick-lean-response > shaped:expressive-blooming-response > complex:balanced-heritage-center,5.23,5.52,5.14,4.94,4.51,5.31,4.71,0.23,0.52,0.14,-0.06,-0.49,0.31,-0.29,"A more open Heritage read, where the lighter torch treatment preserves extra liveliness, touch response, and a slightly freer bloom through the shell.","A cleaner, richer Heritage presentation with a lighter TorchTuned imprint that preserves more openness, touch response, and a slightly freer shell reaction, while keeping the shell-first balance intact.",Close to the benchmark Heritage warmth posture; the lighter TorchTune finish preserves more touch response and a freer shell reaction; Triple Flange hoops preserve more of the line’s native openness.
13x5.0 • 8 lugs • 16 - 10mm • Triple Flange • Brass/Gold • Medium Torch,13|5.0|8|16 - 10mm|Triple Flange|Brass/Gold|Medium Torch,13,5.0,8,16 - 10mm,Triple Flange,Brass/Gold,Medium Torch,1.59,0.82,"Compact, quick, lean response",1.5835,"Fast, disciplined touch response",0.619,Shorter note with firm response,0.6745,simple:compact-quick-lean-response > shaped:fast-disciplined-touch-response > complex:shorter-note-firm-response,5.41,5.34,5.03,4.68,4.59,5.07,5.01,0.41,0.34,0.03,-0.32,-0.41,0.07,0.01,"A balanced Heritage read with natural openness, grounded body, and classic shell-first response.","A seasoned, richer Heritage presentation with a balanced TorchTuned posture, while keeping the shell-first balance intact.",Close to the benchmark Heritage warmth posture; the Medium Torch benchmark keeps the line centered between openness and control; Triple Flange hoops preserve more of the line’s native openness.
13x5.0 • 8 lugs • 16 - 10mm • Triple Flange • Brass/Gold • Blackened,13|5.0|8|16 - 10mm|Triple Flange|Brass/Gold|Blackened,13,5.0,8,16 - 10mm,Triple Flange,Brass/Gold,Blackened,2.22,1.17,"Compact, quick, lean response",1.5605,"Fast, disciplined touch response",0.981,Shorter note with firm response,1.577,simple:compact-quick-lean-response > shaped:fast-disciplined-touch-response > complex:shorter-note-firm-response,5.59,5.16,4.92,4.42,4.67,4.83,5.31,0.59,0.16,-0.08,-0.58,-0.33,-0.17,0.31,"A compact, TorchTuned Heritage read: still lively from the smaller shell, but darker and more settled than the same build in a lighter finish.","A darker, richer Heritage presentation with a stronger TorchTuned imprint that favors firmer note control, slightly lower sensitivity, and a more unified shell response under heavier treatment, while keeping the shell-first balance intact.",Noticeably shifted away from the benchmark Heritage center; the Blackened finish adds a more contained center and slightly firmer shell behavior; Triple Flange hoops preserve more of the line’s native openness.
13x5.0 • 8 lugs • 16 - 10mm • Die-Cast • Chrome • Light Torch,13|5.0|8|16 - 10mm|Die-Cast|Chrome|Light Torch,13,5.0,8,16 - 10mm,Die-Cast,Chrome,Light Torch,2.97,1.44,"Compact, quick, lean response",2.422,"Fast, disciplined touch response",1.401,Shorter note with firm response,1.696,simple:compact-quick-lean-response > shaped:fast-disciplined-touch-response > complex:shorter-note-firm-response,5.57,5.75,5.34,4.64,4.31,5.08,5.18,0.57,0.75,0.34,-0.36,-0.69,0.08,0.18,"A focused-but-open Heritage read: the die-cast hoops tighten the rim response, while the lighter TorchTune finish keeps more touch, air, and upper-shell liveliness in the voice.","A cleaner, classic Heritage presentation with a lighter TorchTuned imprint that preserves more openness, touch response, and a slightly freer shell reaction, while keeping the shell-first balance intact.",Leaner and more controlled through the center than the benchmark Heritage build; Light Torch keeps more touch and liveliness while the die-cast hoops add rim focus; Die-Cast hoops add focus and containment.
13x5.0 • 8 lugs • 16 - 10mm • Die-Cast • Chrome • Medium Torch,13|5.0|8|16 - 10mm|Die-Cast|Chrome|Medium Torch,13,5.0,8,16 - 10mm,Die-Cast,Chrome,Medium Torch,3.42,1.37,"Compact, quick, lean response",2.266,"Fast, disciplined touch response",1.658,Shorter note with firm response,2.3395,simple:compact-quick-lean-response > shaped:fast-disciplined-touch-response > complex:shorter-note-firm-response,5.75,5.57,5.23,4.38,4.39,4.84,5.48,0.75,0.57,0.23,-0.62,-0.61,-0.16,0.48,"A more focused Heritage read with firmer note shape, cleaner front edge, and tighter overall behavior.","A seasoned, classic Heritage presentation with a balanced TorchTuned posture, while keeping the front edge firm and articulate.","Leaner and more controlled through the center than the benchmark Heritage build; a quicker, drier bite with a more defined front edge; Die-Cast hoops add focus and containment."
13x5.0 • 8 lugs • 16 - 10mm • Die-Cast • Chrome • Blackened,13|5.0|8|16 - 10mm|Die-Cast|Chrome|Blackened,13,5.0,8,16 - 10mm,Die-Cast,Chrome,Blackened,4.03,1.81,"Compact, quick, lean response",2.243,"Fast, disciplined touch response",0.0925,Shorter note with firm response,3.154,simple:compact-quick-lean-response > shaped:fast-disciplined-touch-response > complex:shorter-note-firm-response,5.93,5.39,5.12,4.12,4.47,4.6,5.78,0.93,0.39,0.12,-0.88,-0.53,-0.4,0.78,"A more TorchTuned-forward Heritage read, where the heavier scorch treatment adds a firmer center, slightly tighter bloom, and a more settled shell response.","A darker, classic Heritage presentation with a stronger TorchTuned imprint that favors firmer note control, slightly lower sensitivity, and a more unified shell response under heavier treatment, while keeping the front edge firm and articulate.","Leaner and more controlled through the center than the benchmark Heritage build; a quicker, drier bite with a more defined front edge; a shorter, tighter note shape; the Blackened finish pushes the read toward stronger control and a more disciplined shell response; Die-Cast hoops add focus and containment."
13x5.0 • 8 lugs • 16 - 10mm • Die-Cast • Black Nickel • Light Torch,13|5.0|8|16 - 10mm|Die-Cast|Black Nickel|Light Torch,13,5.0,8,16 - 10mm,Die-Cast,Black Nickel,Light Torch,2.97,1.44,"Compact, quick, lean response",2.422,"Fast, disciplined touch response",1.401,Shorter note with firm response,1.696,simple:compact-quick-lean-response > shaped:fast-disciplined-touch-response > complex:shorter-note-firm-response,5.57,5.75,5.34,4.64,4.31,5.08,5.18,0.57,0.75,0.34,-0.36,-0.69,0.08,0.18,"A focused-but-open Heritage read: the die-cast hoops tighten the rim response, while the lighter TorchTune finish keeps more touch, air, and upper-shell liveliness in the voice.","A cleaner, slightly more modern Heritage presentation with a lighter TorchTuned imprint that preserves more openness, touch response, and a slightly freer shell reaction, while keeping the shell-first balance intact.",Leaner and more controlled through the center than the benchmark Heritage build; Light Torch keeps more touch and liveliness while the die-cast hoops add rim focus; Die-Cast hoops add focus and containment.
13x5.0 • 8 lugs • 16 - 10mm • Die-Cast • Black Nickel • Medium Torch,13|5.0|8|16 - 10mm|Die-Cast|Black Nickel|Medium Torch,13,5.0,8,16 - 10mm,Die-Cast,Black Nickel,Medium Torch,3.42,1.37,"Compact, quick, lean response",2.266,"Fast, disciplined touch response",1.658,Shorter note with firm response,2.3395,simple:compact-quick-lean-response > shaped:fast-disciplined-touch-response > complex:shorter-note-firm-response,5.75,5.57,5.23,4.38,4.39,4.84,5.48,0.75,0.57,0.23,-0.62,-0.61,-0.16,0.48,"A more focused Heritage read with firmer note shape, cleaner front edge, and tighter overall behavior.","A seasoned, slightly more modern Heritage presentation with a balanced TorchTuned posture, while keeping the front edge firm and articulate.","Leaner and more controlled through the center than the benchmark Heritage build; a quicker, drier bite with a more defined front edge; Die-Cast hoops add focus and containment."
13x5.0 • 8 lugs • 16 - 10mm • Die-Cast • Black Nickel • Blackened,13|5.0|8|16 - 10mm|Die-Cast|Black Nickel|Blackened,13,5.0,8,16 - 10mm,Die-Cast,Black Nickel,Blackened,4.03,1.81,"Compact, quick, lean response",2.243,"Fast, disciplined touch response",0.0925,Shorter note with firm response,3.154,simple:compact-quick-lean-response > shaped:fast-disciplined-touch-response > complex:shorter-note-firm-response,5.93,5.39,5.12,4.12,4.47,4.6,5.78,0.93,0.39,0.12,-0.88,-0.53,-0.4,0.78,"A more TorchTuned-forward Heritage read, where the heavier scorch treatment adds a firmer center, slightly tighter bloom, and a more settled shell response.","A darker, slightly more modern Heritage presentation with a stronger TorchTuned imprint that favors firmer note control, slightly lower sensitivity, and a more unified shell response under heavier treatment, while keeping the front edge firm and articulate.","Leaner and more controlled through the center than the benchmark Heritage build; a quicker, drier bite with a more defined front edge; a shorter, tighter note shape; the Blackened finish pushes the read toward stronger control and a more disciplined shell response; Die-Cast hoops add focus and containment."
13x5.0 • 8 lugs • 16 - 10mm • Die-Cast • Brass/Gold • Light Torch,13|5.0|8|16 - 10mm|Die-Cast|Brass/Gold|Light Torch,13,5.0,8,16 - 10mm,Die-Cast,Brass/Gold,Light Torch,2.97,1.44,"Compact, quick, lean response",2.422,"Fast, disciplined touch response",1.401,Shorter note with firm response,1.696,simple:compact-quick-lean-response > shaped:fast-disciplined-touch-response > complex:shorter-note-firm-response,5.57,5.75,5.34,4.64,4.31,5.08,5.18,0.57,0.75,0.34,-0.36,-0.69,0.08,0.18,"A focused-but-open Heritage read: the die-cast hoops tighten the rim response, while the lighter TorchTune finish keeps more touch, air, and upper-shell liveliness in the voice.","A cleaner, richer Heritage presentation with a lighter TorchTuned imprint that preserves more openness, touch response, and a slightly freer shell reaction, while keeping the shell-first balance intact.",Leaner and more controlled through the center than the benchmark Heritage build; Light Torch keeps more touch and liveliness while the die-cast hoops add rim focus; Die-Cast hoops add focus and containment.
13x5.0 • 8 lugs • 16 - 10mm • Die-Cast • Brass/Gold • Medium Torch,13|5.0|8|16 - 10mm|Die-Cast|Brass/Gold|Medium Torch,13,5.0,8,16 - 10mm,Die-Cast,Brass/Gold,Medium Torch,3.42,1.37,"Compact, quick, lean response",2.266,"Fast, disciplined touch response",1.658,Shorter note with firm response,2.3395,simple:compact-quick-lean-response > shaped:fast-disciplined-touch-response > complex:shorter-note-firm-response,5.75,5.57,5.23,4.38,4.39,4.84,5.48,0.75,0.57,0.23,-0.62,-0.61,-0.16,0.48,"A more focused Heritage read with firmer note shape, cleaner front edge, and tighter overall behavior.","A seasoned, richer Heritage presentation with a balanced TorchTuned posture, while keeping the front edge firm and articulate.","Leaner and more controlled through the center than the benchmark Heritage build; a quicker, drier bite with a more defined front edge; Die-Cast hoops add focus and containment."
13x5.0 • 8 lugs • 16 - 10mm • Die-Cast • Brass/Gold • Blackened,13|5.0|8|16 - 10mm|Die-Cast|Brass/Gold|Blackened,13,5.0,8,16 - 10mm,Die-Cast,Brass/Gold,Blackened,4.03,1.81,"Compact, quick, lean response",2.243,"Fast, disciplined touch response",0.0925,Shorter note with firm response,3.154,simple:compact-quick-lean-response > shaped:fast-disciplined-touch-response > complex:shorter-note-firm-response,5.93,5.39,5.12,4.12,4.47,4.6,5.78,0.93,0.39,0.12,-0.88,-0.53,-0.4,0.78,"A more TorchTuned-forward Heritage read, where the heavier scorch treatment adds a firmer center, slightly tighter bloom, and a more settled shell response.","A darker, richer Heritage presentation with a stronger TorchTuned imprint that favors firmer note control, slightly lower sensitivity, and a more unified shell response under heavier treatment, while keeping the front edge firm and articulate.","Leaner and more controlled through the center than the benchmark Heritage build; a quicker, drier bite with a more defined front edge; a shorter, tighter note shape; the Blackened finish pushes the read toward stronger control and a more disciplined shell response; Die-Cast hoops add focus and containment."
13x5.5 • 8 lugs • 16 - 10mm • Triple Flange • Chrome • Light Torch,13|5.5|8|16 - 10mm|Triple Flange|Chrome|Light Torch,13,5.5,8,16 - 10mm,Triple Flange,Chrome,Light Torch,1.75,0.72,Lively touch with open detail,1.5025,"Expressive, blooming response",,Balanced Heritage center,,simple:lively-touch-open-detail > shaped:expressive-blooming-response > complex:balanced-heritage-center,5.13,5.41,5.22,5.09,4.69,5.28,4.69,0.13,0.41,0.22,0.09,-0.31,0.28,-0.31,"A more open Heritage read, where the lighter torch treatment preserves extra liveliness, touch response, and a slightly freer bloom through the shell.","A cleaner, classic Heritage presentation with a lighter TorchTuned imprint that preserves more openness, touch response, and a slightly freer shell reaction, while keeping the shell-first balance intact.",Close to the benchmark Heritage warmth posture; the lighter TorchTune finish preserves more touch response and a freer shell reaction; Triple Flange hoops preserve more of the line’s native openness.
13x5.5 • 8 lugs • 16 - 10mm • Triple Flange • Chrome • Medium Torch,13|5.5|8|16 - 10mm|Triple Flange|Chrome|Medium Torch,13,5.5,8,16 - 10mm,Triple Flange,Chrome,Medium Torch,1.1,0.54,"Compact, quick, lean response",0.9766,Rounded body with a clear start,0.6903,Balanced Heritage center,2.6795,simple:compact-quick-lean-response > shaped:rounded-body-clear-start > complex:balanced-heritage-center,5.31,5.23,5.11,4.83,4.77,5.04,4.99,0.31,0.23,0.11,-0.17,-0.23,0.04,-0.01,"A balanced Heritage read with natural openness, grounded body, and classic shell-first response.","A seasoned, classic Heritage presentation with a balanced TorchTuned posture, while keeping the shell-first balance intact.",Close to the benchmark Heritage warmth posture; the Medium Torch benchmark keeps the line centered between openness and control; Triple Flange hoops preserve more of the line’s native openness.
13x5.5 • 8 lugs • 16 - 10mm • Triple Flange • Chrome • Blackened,13|5.5|8|16 - 10mm|Triple Flange|Chrome|Blackened,13,5.5,8,16 - 10mm,Triple Flange,Chrome,Blackened,1.61,0.92,"Compact, quick, lean response",1.035,"Fast, disciplined touch response",0.873,"Dark, contained shell shape",1.534,simple:compact-quick-lean-response > shaped:fast-disciplined-touch-response > complex:dark-contained-shell-shape,5.49,5.05,5,4.57,4.85,4.8,5.29,0.49,0.05,0,-0.43,-0.15,-0.2,0.29,"A compact, TorchTuned Heritage read: still lively from the smaller shell, but darker and more settled than the same build in a lighter finish.","A darker, classic Heritage presentation with a stronger TorchTuned imprint that favors firmer note control, slightly lower sensitivity, and a more unified shell response under heavier treatment, while keeping the shell-first balance intact.",Close to the benchmark Heritage warmth posture; the Blackened finish adds a more contained center and slightly firmer shell behavior; Triple Flange hoops preserve more of the line’s native openness.
13x5.5 • 8 lugs • 16 - 10mm • Triple Flange • Black Nickel • Light Torch,13|5.5|8|16 - 10mm|Triple Flange|Black Nickel|Light Torch,13,5.5,8,16 - 10mm,Triple Flange,Black Nickel,Light Torch,1.75,0.72,Lively touch with open detail,1.5025,"Expressive, blooming response",,Balanced Heritage center,,simple:lively-touch-open-detail > shaped:expressive-blooming-response > complex:balanced-heritage-center,5.13,5.41,5.22,5.09,4.69,5.28,4.69,0.13,0.41,0.22,0.09,-0.31,0.28,-0.31,"A more open Heritage read, where the lighter torch treatment preserves extra liveliness, touch response, and a slightly freer bloom through the shell.","A cleaner, slightly more modern Heritage presentation with a lighter TorchTuned imprint that preserves more openness, touch response, and a slightly freer shell reaction, while keeping the shell-first balance intact.",Close to the benchmark Heritage warmth posture; the lighter TorchTune finish preserves more touch response and a freer shell reaction; Triple Flange hoops preserve more of the line’s native openness.
13x5.5 • 8 lugs • 16 - 10mm • Triple Flange • Black Nickel • Medium Torch,13|5.5|8|16 - 10mm|Triple Flange|Black Nickel|Medium Torch,13,5.5,8,16 - 10mm,Triple Flange,Black Nickel,Medium Torch,1.1,0.54,"Compact, quick, lean response",0.9766,Rounded body with a clear start,0.6903,Balanced Heritage center,2.6795,simple:compact-quick-lean-response > shaped:rounded-body-clear-start > complex:balanced-heritage-center,5.31,5.23,5.11,4.83,4.77,5.04,4.99,0.31,0.23,0.11,-0.17,-0.23,0.04,-0.01,"A balanced Heritage read with natural openness, grounded body, and classic shell-first response.","A seasoned, slightly more modern Heritage presentation with a balanced TorchTuned posture, while keeping the shell-first balance intact.",Close to the benchmark Heritage warmth posture; the Medium Torch benchmark keeps the line centered between openness and control; Triple Flange hoops preserve more of the line’s native openness.
13x5.5 • 8 lugs • 16 - 10mm • Triple Flange • Black Nickel • Blackened,13|5.5|8|16 - 10mm|Triple Flange|Black Nickel|Blackened,13,5.5,8,16 - 10mm,Triple Flange,Black Nickel,Blackened,1.61,0.92,"Compact, quick, lean response",1.035,"Fast, disciplined touch response",0.873,"Dark, contained shell shape",1.534,simple:compact-quick-lean-response > shaped:fast-disciplined-touch-response > complex:dark-contained-shell-shape,5.49,5.05,5,4.57,4.85,4.8,5.29,0.49,0.05,0,-0.43,-0.15,-0.2,0.29,"A compact, TorchTuned Heritage read: still lively from the smaller shell, but darker and more settled than the same build in a lighter finish.","A darker, slightly more modern Heritage presentation with a stronger TorchTuned imprint that favors firmer note control, slightly lower sensitivity, and a more unified shell response under heavier treatment, while keeping the shell-first balance intact.",Close to the benchmark Heritage warmth posture; the Blackened finish adds a more contained center and slightly firmer shell behavior; Triple Flange hoops preserve more of the line’s native openness.
13x5.5 • 8 lugs • 16 - 10mm • Triple Flange • Brass/Gold • Light Torch,13|5.5|8|16 - 10mm|Triple Flange|Brass/Gold|Light Torch,13,5.5,8,16 - 10mm,Triple Flange,Brass/Gold,Light Torch,1.75,0.72,Lively touch with open detail,1.5025,"Expressive, blooming response",,Balanced Heritage center,,simple:lively-touch-open-detail > shaped:expressive-blooming-response > complex:balanced-heritage-center,5.13,5.41,5.22,5.09,4.69,5.28,4.69,0.13,0.41,0.22,0.09,-0.31,0.28,-0.31,"A more open Heritage read, where the lighter torch treatment preserves extra liveliness, touch response, and a slightly freer bloom through the shell.","A cleaner, richer Heritage presentation with a lighter TorchTuned imprint that preserves more openness, touch response, and a slightly freer shell reaction, while keeping the shell-first balance intact.",Close to the benchmark Heritage warmth posture; the lighter TorchTune finish preserves more touch response and a freer shell reaction; Triple Flange hoops preserve more of the line’s native openness.
13x5.5 • 8 lugs • 16 - 10mm • Triple Flange • Brass/Gold • Medium Torch,13|5.5|8|16 - 10mm|Triple Flange|Brass/Gold|Medium Torch,13,5.5,8,16 - 10mm,Triple Flange,Brass/Gold,Medium Torch,1.1,0.54,"Compact, quick, lean response",0.9766,Rounded body with a clear start,0.6903,Balanced Heritage center,2.6795,simple:compact-quick-lean-response > shaped:rounded-body-clear-start > complex:balanced-heritage-center,5.31,5.23,5.11,4.83,4.77,5.04,4.99,0.31,0.23,0.11,-0.17,-0.23,0.04,-0.01,"A balanced Heritage read with natural openness, grounded body, and classic shell-first response.","A seasoned, richer Heritage presentation with a balanced TorchTuned posture, while keeping the shell-first balance intact.",Close to the benchmark Heritage warmth posture; the Medium Torch benchmark keeps the line centered between openness and control; Triple Flange hoops preserve more of the line’s native openness.
13x5.5 • 8 lugs • 16 - 10mm • Triple Flange • Brass/Gold • Blackened,13|5.5|8|16 - 10mm|Triple Flange|Brass/Gold|Blackened,13,5.5,8,16 - 10mm,Triple Flange,Brass/Gold,Blackened,1.61,0.92,"Compact, quick, lean response",1.035,"Fast, disciplined touch response",0.873,"Dark, contained shell shape",1.534,simple:compact-quick-lean-response > shaped:fast-disciplined-touch-response > complex:dark-contained-shell-shape,5.49,5.05,5,4.57,4.85,4.8,5.29,0.49,0.05,0,-0.43,-0.15,-0.2,0.29,"A compact, TorchTuned Heritage read: still lively from the smaller shell, but darker and more settled than the same build in a lighter finish.","A darker, richer Heritage presentation with a stronger TorchTuned imprint that favors firmer note control, slightly lower sensitivity, and a more unified shell response under heavier treatment, while keeping the shell-first balance intact.",Close to the benchmark Heritage warmth posture; the Blackened finish adds a more contained center and slightly firmer shell behavior; Triple Flange hoops preserve more of the line’s native openness.
13x5.5 • 8 lugs • 16 - 10mm • Die-Cast • Chrome • Light Torch,13|5.5|8|16 - 10mm|Die-Cast|Chrome|Light Torch,13,5.5,8,16 - 10mm,Die-Cast,Chrome,Light Torch,2.45,1.15,"Compact, quick, lean response",1.8955,"Fast, disciplined touch response",1.254,Shorter note with firm response,1.4755,simple:compact-quick-lean-response > shaped:fast-disciplined-touch-response > complex:shorter-note-firm-response,5.47,5.65,5.43,4.8,4.5,5.05,5.15,0.47,0.65,0.43,-0.2,-0.5,0.05,0.15,"A focused-but-open Heritage read: the die-cast hoops tighten the rim response, while the lighter TorchTune finish keeps more touch, air, and upper-shell liveliness in the voice.","A cleaner, classic Heritage presentation with a lighter TorchTuned imprint that preserves more openness, touch response, and a slightly freer shell reaction, while keeping the shell-first balance intact.",Leaner and more controlled through the center than the benchmark Heritage build; Light Torch keeps more touch and liveliness while the die-cast hoops add rim focus; Die-Cast hoops add focus and containment.
13x5.5 • 8 lugs • 16 - 10mm • Die-Cast • Chrome • Medium Torch,13|5.5|8|16 - 10mm|Die-Cast|Chrome|Medium Torch,13,5.5,8,16 - 10mm,Die-Cast,Chrome,Medium Torch,2.96,1.11,"Compact, quick, lean response",1.7395,"Fast, disciplined touch response",1.541,Shorter note with firm response,2.119,simple:compact-quick-lean-response > shaped:fast-disciplined-touch-response > complex:shorter-note-firm-response,5.65,5.47,5.32,4.54,4.58,4.81,5.45,0.65,0.47,0.32,-0.46,-0.42,-0.19,0.45,"A more focused Heritage read with firmer note shape, cleaner front edge, and tighter overall behavior.","A seasoned, classic Heritage presentation with a balanced TorchTuned posture, while keeping the front edge firm and articulate.","Noticeably shifted away from the benchmark Heritage center; a quicker, drier bite with a more defined front edge; Die-Cast hoops add focus and containment."
13x5.5 • 8 lugs • 16 - 10mm • Die-Cast • Chrome • Blackened,13|5.5|8|16 - 10mm|Die-Cast|Chrome|Blackened,13,5.5,8,16 - 10mm,Die-Cast,Chrome,Blackened,3.57,1.55,"Compact, quick, lean response",1.7165,"Expressive, blooming response",,Shorter note with firm response,2.9335,simple:compact-quick-lean-response > shaped:expressive-blooming-response > complex:shorter-note-firm-response,5.83,5.29,5.21,4.28,4.66,4.57,5.75,0.83,0.29,0.21,-0.72,-0.34,-0.43,0.75,"A more TorchTuned-forward Heritage read, where the heavier scorch treatment adds a firmer center, slightly tighter bloom, and a more settled shell response.","A darker, classic Heritage presentation with a stronger TorchTuned imprint that favors firmer note control, slightly lower sensitivity, and a more unified shell response under heavier treatment, while keeping the front edge firm and articulate.","Noticeably shifted away from the benchmark Heritage center; a quicker, drier bite with a more defined front edge; a shorter, tighter note shape; the Blackened finish pushes the read toward stronger control and a more disciplined shell response; Die-Cast hoops add focus and containment."
13x5.5 • 8 lugs • 16 - 10mm • Die-Cast • Black Nickel • Light Torch,13|5.5|8|16 - 10mm|Die-Cast|Black Nickel|Light Torch,13,5.5,8,16 - 10mm,Die-Cast,Black Nickel,Light Torch,2.45,1.15,"Compact, quick, lean response",1.8955,"Fast, disciplined touch response",1.254,Shorter note with firm response,1.4755,simple:compact-quick-lean-response > shaped:fast-disciplined-touch-response > complex:shorter-note-firm-response,5.47,5.65,5.43,4.8,4.5,5.05,5.15,0.47,0.65,0.43,-0.2,-0.5,0.05,0.15,"A focused-but-open Heritage read: the die-cast hoops tighten the rim response, while the lighter TorchTune finish keeps more touch, air, and upper-shell liveliness in the voice.","A cleaner, slightly more modern Heritage presentation with a lighter TorchTuned imprint that preserves more openness, touch response, and a slightly freer shell reaction, while keeping the shell-first balance intact.",Leaner and more controlled through the center than the benchmark Heritage build; Light Torch keeps more touch and liveliness while the die-cast hoops add rim focus; Die-Cast hoops add focus and containment.
13x5.5 • 8 lugs • 16 - 10mm • Die-Cast • Black Nickel • Medium Torch,13|5.5|8|16 - 10mm|Die-Cast|Black Nickel|Medium Torch,13,5.5,8,16 - 10mm,Die-Cast,Black Nickel,Medium Torch,2.96,1.11,"Compact, quick, lean response",1.7395,"Fast, disciplined touch response",1.541,Shorter note with firm response,2.119,simple:compact-quick-lean-response > shaped:fast-disciplined-touch-response > complex:shorter-note-firm-response,5.65,5.47,5.32,4.54,4.58,4.81,5.45,0.65,0.47,0.32,-0.46,-0.42,-0.19,0.45,"A more focused Heritage read with firmer note shape, cleaner front edge, and tighter overall behavior.","A seasoned, slightly more modern Heritage presentation with a balanced TorchTuned posture, while keeping the front edge firm and articulate.","Noticeably shifted away from the benchmark Heritage center; a quicker, drier bite with a more defined front edge; Die-Cast hoops add focus and containment."
13x5.5 • 8 lugs • 16 - 10mm • Die-Cast • Black Nickel • Blackened,13|5.5|8|16 - 10mm|Die-Cast|Black Nickel|Blackened,13,5.5,8,16 - 10mm,Die-Cast,Black Nickel,Blackened,3.57,1.55,"Compact, quick, lean response",1.7165,"Expressive, blooming response",,Shorter note with firm response,2.9335,simple:compact-quick-lean-response > shaped:expressive-blooming-response > complex:shorter-note-firm-response,5.83,5.29,5.21,4.28,4.66,4.57,5.75,0.83,0.29,0.21,-0.72,-0.34,-0.43,0.75,"A more TorchTuned-forward Heritage read, where the heavier scorch treatment adds a firmer center, slightly tighter bloom, and a more settled shell response.","A darker, slightly more modern Heritage presentation with a stronger TorchTuned imprint that favors firmer note control, slightly lower sensitivity, and a more unified shell response under heavier treatment, while keeping the front edge firm and articulate.","Noticeably shifted away from the benchmark Heritage center; a quicker, drier bite with a more defined front edge; a shorter, tighter note shape; the Blackened finish pushes the read toward stronger control and a more disciplined shell response; Die-Cast hoops add focus and containment."
13x5.5 • 8 lugs • 16 - 10mm • Die-Cast • Brass/Gold • Light Torch,13|5.5|8|16 - 10mm|Die-Cast|Brass/Gold|Light Torch,13,5.5,8,16 - 10mm,Die-Cast,Brass/Gold,Light Torch,2.45,1.15,"Compact, quick, lean response",1.8955,"Fast, disciplined touch response",1.254,Shorter note with firm response,1.4755,simple:compact-quick-lean-response > shaped:fast-disciplined-touch-response > complex:shorter-note-firm-response,5.47,5.65,5.43,4.8,4.5,5.05,5.15,0.47,0.65,0.43,-0.2,-0.5,0.05,0.15,"A focused-but-open Heritage read: the die-cast hoops tighten the rim response, while the lighter TorchTune finish keeps more touch, air, and upper-shell liveliness in the voice.","A cleaner, richer Heritage presentation with a lighter TorchTuned imprint that preserves more openness, touch response, and a slightly freer shell reaction, while keeping the shell-first balance intact.",Leaner and more controlled through the center than the benchmark Heritage build; Light Torch keeps more touch and liveliness while the die-cast hoops add rim focus; Die-Cast hoops add focus and containment.
13x5.5 • 8 lugs • 16 - 10mm • Die-Cast • Brass/Gold • Medium Torch,13|5.5|8|16 - 10mm|Die-Cast|Brass/Gold|Medium Torch,13,5.5,8,16 - 10mm,Die-Cast,Brass/Gold,Medium Torch,2.96,1.11,"Compact, quick, lean response",1.7395,"Fast, disciplined touch response",1.541,Shorter note with firm response,2.119,simple:compact-quick-lean-response > shaped:fast-disciplined-touch-response > complex:shorter-note-firm-response,5.65,5.47,5.32,4.54,4.58,4.81,5.45,0.65,0.47,0.32,-0.46,-0.42,-0.19,0.45,"A more focused Heritage read with firmer note shape, cleaner front edge, and tighter overall behavior.","A seasoned, richer Heritage presentation with a balanced TorchTuned posture, while keeping the front edge firm and articulate.","Noticeably shifted away from the benchmark Heritage center; a quicker, drier bite with a more defined front edge; Die-Cast hoops add focus and containment."
13x5.5 • 8 lugs • 16 - 10mm • Die-Cast • Brass/Gold • Blackened,13|5.5|8|16 - 10mm|Die-Cast|Brass/Gold|Blackened,13,5.5,8,16 - 10mm,Die-Cast,Brass/Gold,Blackened,3.57,1.55,"Compact, quick, lean response",1.7165,"Expressive, blooming response",,Shorter note with firm response,2.9335,simple:compact-quick-lean-response > shaped:expressive-blooming-response > complex:shorter-note-firm-response,5.83,5.29,5.21,4.28,4.66,4.57,5.75,0.83,0.29,0.21,-0.72,-0.34,-0.43,0.75,"A more TorchTuned-forward Heritage read, where the heavier scorch treatment adds a firmer center, slightly tighter bloom, and a more settled shell response.","A darker, richer Heritage presentation with a stronger TorchTuned imprint that favors firmer note control, slightly lower sensitivity, and a more unified shell response under heavier treatment, while keeping the front edge firm and articulate.","Noticeably shifted away from the benchmark Heritage center; a quicker, drier bite with a more defined front edge; a shorter, tighter note shape; the Blackened finish pushes the read toward stronger control and a more disciplined shell response; Die-Cast hoops add focus and containment."
13x6.0 • 8 lugs • 16 - 10mm • Triple Flange • Chrome • Light Torch,13|6.0|8|16 - 10mm|Triple Flange|Chrome|Light Torch,13,6.0,8,16 - 10mm,Triple Flange,Chrome,Light Torch,1.59,0.65,Lively touch with open detail,1.2545,Rounded body with a clear start,1.0665,"Wide, open Heritage bloom",0.965,simple:lively-touch-open-detail > shaped:rounded-body-clear-start > complex:wide-open-heritage-bloom,5.01,5.31,5.29,5.27,4.88,5.25,4.66,0.01,0.31,0.29,0.27,-0.12,0.25,-0.34,"A more open Heritage read, where the lighter torch treatment preserves extra liveliness, touch response, and a slightly freer bloom through the shell.","A cleaner, classic Heritage presentation with a lighter TorchTuned imprint that preserves more openness, touch response, and a slightly freer shell reaction, while keeping the shell-first balance intact.",Close to the benchmark Heritage warmth posture; the lighter TorchTune finish preserves more touch response and a freer shell reaction; Triple Flange hoops preserve more of the line’s native openness.
13x6.0 • 8 lugs • 16 - 10mm • Triple Flange • Chrome • Medium Torch,13|6.0|8|16 - 10mm|Triple Flange|Chrome|Medium Torch,13,6.0,8,16 - 10mm,Triple Flange,Chrome,Medium Torch,0.6,0.23,Focused throw with clean shape,0.4374,Rounded body with a clear start,1.0834,Balanced Heritage center,2.878,simple:focused-throw-clean-shape > shaped:rounded-body-clear-start > complex:balanced-heritage-center,5.19,5.13,5.18,5.01,4.96,5.01,4.96,0.19,0.13,0.18,0.01,-0.04,0.01,-0.04,"A balanced Heritage read with natural openness, grounded body, and classic shell-first response.","A seasoned, classic Heritage presentation with a balanced TorchTuned posture, while keeping the shell-first balance intact.",Close to the benchmark Heritage warmth posture; the Medium Torch benchmark keeps the line centered between openness and control; Triple Flange hoops preserve more of the line’s native openness.
13x6.0 • 8 lugs • 16 - 10mm • Triple Flange • Chrome • Blackened,13|6.0|8|16 - 10mm|Triple Flange|Chrome|Blackened,13,6.0,8,16 - 10mm,Triple Flange,Chrome,Blackened,1.27,0.62,Focused throw with clean shape,0.6342,Rounded body with a clear start,1.0638,Balanced Heritage center,1.993,simple:focused-throw-clean-shape > shaped:rounded-body-clear-start > complex:balanced-heritage-center,5.37,4.95,5.07,4.75,5.04,4.77,5.26,0.37,-0.05,0.07,-0.25,0.04,-0.23,0.26,"A more TorchTuned-forward Heritage read, where the heavier scorch treatment adds a firmer center, slightly tighter bloom, and a more settled shell response.","A darker, classic Heritage presentation with a stronger TorchTuned imprint that favors firmer note control, slightly lower sensitivity, and a more unified shell response under heavier treatment, while keeping the shell-first balance intact.",Close to the benchmark Heritage warmth posture; the Blackened finish adds a more contained center and slightly firmer shell behavior; Triple Flange hoops preserve more of the line’s native openness.
13x6.0 • 8 lugs • 16 - 10mm • Triple Flange • Black Nickel • Light Torch,13|6.0|8|16 - 10mm|Triple Flange|Black Nickel|Light Torch,13,6.0,8,16 - 10mm,Triple Flange,Black Nickel,Light Torch,1.59,0.65,Lively touch with open detail,1.2545,Rounded body with a clear start,1.0665,"Wide, open Heritage bloom",0.965,simple:lively-touch-open-detail > shaped:rounded-body-clear-start > complex:wide-open-heritage-bloom,5.01,5.31,5.29,5.27,4.88,5.25,4.66,0.01,0.31,0.29,0.27,-0.12,0.25,-0.34,"A more open Heritage read, where the lighter torch treatment preserves extra liveliness, touch response, and a slightly freer bloom through the shell.","A cleaner, slightly more modern Heritage presentation with a lighter TorchTuned imprint that preserves more openness, touch response, and a slightly freer shell reaction, while keeping the shell-first balance intact.",Close to the benchmark Heritage warmth posture; the lighter TorchTune finish preserves more touch response and a freer shell reaction; Triple Flange hoops preserve more of the line’s native openness.
13x6.0 • 8 lugs • 16 - 10mm • Triple Flange • Black Nickel • Medium Torch,13|6.0|8|16 - 10mm|Triple Flange|Black Nickel|Medium Torch,13,6.0,8,16 - 10mm,Triple Flange,Black Nickel,Medium Torch,0.6,0.23,Focused throw with clean shape,0.4374,Rounded body with a clear start,1.0834,Balanced Heritage center,2.878,simple:focused-throw-clean-shape > shaped:rounded-body-clear-start > complex:balanced-heritage-center,5.19,5.13,5.18,5.01,4.96,5.01,4.96,0.19,0.13,0.18,0.01,-0.04,0.01,-0.04,"A balanced Heritage read with natural openness, grounded body, and classic shell-first response.","A seasoned, slightly more modern Heritage presentation with a balanced TorchTuned posture, while keeping the shell-first balance intact.",Close to the benchmark Heritage warmth posture; the Medium Torch benchmark keeps the line centered between openness and control; Triple Flange hoops preserve more of the line’s native openness.
13x6.0 • 8 lugs • 16 - 10mm • Triple Flange • Black Nickel • Blackened,13|6.0|8|16 - 10mm|Triple Flange|Black Nickel|Blackened,13,6.0,8,16 - 10mm,Triple Flange,Black Nickel,Blackened,1.27,0.62,Focused throw with clean shape,0.6342,Rounded body with a clear start,1.0638,Balanced Heritage center,1.993,simple:focused-throw-clean-shape > shaped:rounded-body-clear-start > complex:balanced-heritage-center,5.37,4.95,5.07,4.75,5.04,4.77,5.26,0.37,-0.05,0.07,-0.25,0.04,-0.23,0.26,"A more TorchTuned-forward Heritage read, where the heavier scorch treatment adds a firmer center, slightly tighter bloom, and a more settled shell response.","A darker, slightly more modern Heritage presentation with a stronger TorchTuned imprint that favors firmer note control, slightly lower sensitivity, and a more unified shell response under heavier treatment, while keeping the shell-first balance intact.",Close to the benchmark Heritage warmth posture; the Blackened finish adds a more contained center and slightly firmer shell behavior; Triple Flange hoops preserve more of the line’s native openness.
13x6.0 • 8 lugs • 16 - 10mm • Triple Flange • Brass/Gold • Light Torch,13|6.0|8|16 - 10mm|Triple Flange|Brass/Gold|Light Torch,13,6.0,8,16 - 10mm,Triple Flange,Brass/Gold,Light Torch,1.59,0.65,Lively touch with open detail,1.2545,Rounded body with a clear start,1.0665,"Wide, open Heritage bloom",0.965,simple:lively-touch-open-detail > shaped:rounded-body-clear-start > complex:wide-open-heritage-bloom,5.01,5.31,5.29,5.27,4.88,5.25,4.66,0.01,0.31,0.29,0.27,-0.12,0.25,-0.34,"A more open Heritage read, where the lighter torch treatment preserves extra liveliness, touch response, and a slightly freer bloom through the shell.","A cleaner, richer Heritage presentation with a lighter TorchTuned imprint that preserves more openness, touch response, and a slightly freer shell reaction, while keeping the shell-first balance intact.",Close to the benchmark Heritage warmth posture; the lighter TorchTune finish preserves more touch response and a freer shell reaction; Triple Flange hoops preserve more of the line’s native openness.
13x6.0 • 8 lugs • 16 - 10mm • Triple Flange • Brass/Gold • Medium Torch,13|6.0|8|16 - 10mm|Triple Flange|Brass/Gold|Medium Torch,13,6.0,8,16 - 10mm,Triple Flange,Brass/Gold,Medium Torch,0.6,0.23,Focused throw with clean shape,0.4374,Rounded body with a clear start,1.0834,Balanced Heritage center,2.878,simple:focused-throw-clean-shape > shaped:rounded-body-clear-start > complex:balanced-heritage-center,5.19,5.13,5.18,5.01,4.96,5.01,4.96,0.19,0.13,0.18,0.01,-0.04,0.01,-0.04,"A balanced Heritage read with natural openness, grounded body, and classic shell-first response.","A seasoned, richer Heritage presentation with a balanced TorchTuned posture, while keeping the shell-first balance intact.",Close to the benchmark Heritage warmth posture; the Medium Torch benchmark keeps the line centered between openness and control; Triple Flange hoops preserve more of the line’s native openness.
13x6.0 • 8 lugs • 16 - 10mm • Triple Flange • Brass/Gold • Blackened,13|6.0|8|16 - 10mm|Triple Flange|Brass/Gold|Blackened,13,6.0,8,16 - 10mm,Triple Flange,Brass/Gold,Blackened,1.27,0.62,Focused throw with clean shape,0.6342,Rounded body with a clear start,1.0638,Balanced Heritage center,1.993,simple:focused-throw-clean-shape > shaped:rounded-body-clear-start > complex:balanced-heritage-center,5.37,4.95,5.07,4.75,5.04,4.77,5.26,0.37,-0.05,0.07,-0.25,0.04,-0.23,0.26,"A more TorchTuned-forward Heritage read, where the heavier scorch treatment adds a firmer center, slightly tighter bloom, and a more settled shell response.","A darker, richer Heritage presentation with a stronger TorchTuned imprint that favors firmer note control, slightly lower sensitivity, and a more unified shell response under heavier treatment, while keeping the shell-first balance intact.",Close to the benchmark Heritage warmth posture; the Blackened finish adds a more contained center and slightly firmer shell behavior; Triple Flange hoops preserve more of the line’s native openness.
13x6.0 • 8 lugs • 16 - 10mm • Die-Cast • Chrome • Light Torch,13|6.0|8|16 - 10mm|Die-Cast|Chrome|Light Torch,13,6.0,8,16 - 10mm,Die-Cast,Chrome,Light Torch,1.89,0.86,Focused throw with clean shape,1.458,"Fast, disciplined touch response",0.927,Shorter note with firm response,1.228,simple:focused-throw-clean-shape > shaped:fast-disciplined-touch-response > complex:shorter-note-firm-response,5.35,5.55,5.5,4.97,4.69,5.02,5.13,0.35,0.55,0.5,-0.03,-0.31,0.02,0.13,"A focused-but-open Heritage read: the die-cast hoops tighten the rim response, while the lighter TorchTune finish keeps more touch, air, and upper-shell liveliness in the voice.","A cleaner, classic Heritage presentation with a lighter TorchTuned imprint that preserves more openness, touch response, and a slightly freer shell reaction, while keeping the shell-first balance intact.",Close to the benchmark Heritage warmth posture; Light Torch keeps more touch and liveliness while the die-cast hoops add rim focus; Die-Cast hoops add focus and containment.
13x6.0 • 8 lugs • 16 - 10mm • Die-Cast • Chrome • Medium Torch,13|6.0|8|16 - 10mm|Die-Cast|Chrome|Medium Torch,13,6.0,8,16 - 10mm,Die-Cast,Chrome,Medium Torch,2.46,0.82,Focused throw with clean shape,1.528,"Fast, disciplined touch response",1.244,Shorter note with firm response,1.8715,simple:focused-throw-clean-shape > shaped:fast-disciplined-touch-response > complex:shorter-note-firm-response,5.53,5.37,5.39,4.71,4.77,4.78,5.43,0.53,0.37,0.39,-0.29,-0.23,-0.22,0.43,"A more focused Heritage read with firmer note shape, cleaner front edge, and tighter overall behavior.","A seasoned, classic Heritage presentation with a balanced TorchTuned posture, while keeping the shell-first balance intact.",Close to the benchmark Heritage warmth posture; the Medium Torch benchmark keeps the line centered between openness and control; Die-Cast hoops add focus and containment.
13x6.0 • 8 lugs • 16 - 10mm • Die-Cast • Chrome • Blackened,13|6.0|8|16 - 10mm|Die-Cast|Chrome|Blackened,13,6.0,8,16 - 10mm,Die-Cast,Chrome,Blackened,3.07,1.28,Focused throw with clean shape,1.674,Grounded body with directed carry,1.2955,Shorter note with firm response,2.686,simple:focused-throw-clean-shape > shaped:grounded-body-directed-carry > complex:shorter-note-firm-response,5.71,5.19,5.28,4.45,4.85,4.54,5.73,0.71,0.19,0.28,-0.55,-0.15,-0.46,0.73,"A more TorchTuned-forward Heritage read, where the heavier scorch treatment adds a firmer center, slightly tighter bloom, and a more settled shell response.","A darker, classic Heritage presentation with a stronger TorchTuned imprint that favors firmer note control, slightly lower sensitivity, and a more unified shell response under heavier treatment, while keeping the front edge firm and articulate.","Noticeably shifted away from the benchmark Heritage center; a quicker, drier bite with a more defined front edge; the Blackened finish pushes the read toward stronger control and a more disciplined shell response; touch sensitivity is traded for a more locked-in note center; Die-Cast hoops add focus and containment."
13x6.0 • 8 lugs • 16 - 10mm • Die-Cast • Black Nickel • Light Torch,13|6.0|8|16 - 10mm|Die-Cast|Black Nickel|Light Torch,13,6.0,8,16 - 10mm,Die-Cast,Black Nickel,Light Torch,1.89,0.86,Focused throw with clean shape,1.458,"Fast, disciplined touch response",0.927,Shorter note with firm response,1.228,simple:focused-throw-clean-shape > shaped:fast-disciplined-touch-response > complex:shorter-note-firm-response,5.35,5.55,5.5,4.97,4.69,5.02,5.13,0.35,0.55,0.5,-0.03,-0.31,0.02,0.13,"A focused-but-open Heritage read: the die-cast hoops tighten the rim response, while the lighter TorchTune finish keeps more touch, air, and upper-shell liveliness in the voice.","A cleaner, slightly more modern Heritage presentation with a lighter TorchTuned imprint that preserves more openness, touch response, and a slightly freer shell reaction, while keeping the shell-first balance intact.",Close to the benchmark Heritage warmth posture; Light Torch keeps more touch and liveliness while the die-cast hoops add rim focus; Die-Cast hoops add focus and containment.
13x6.0 • 8 lugs • 16 - 10mm • Die-Cast • Black Nickel • Medium Torch,13|6.0|8|16 - 10mm|Die-Cast|Black Nickel|Medium Torch,13,6.0,8,16 - 10mm,Die-Cast,Black Nickel,Medium Torch,2.46,0.82,Focused throw with clean shape,1.528,"Fast, disciplined touch response",1.244,Shorter note with firm response,1.8715,simple:focused-throw-clean-shape > shaped:fast-disciplined-touch-response > complex:shorter-note-firm-response,5.53,5.37,5.39,4.71,4.77,4.78,5.43,0.53,0.37,0.39,-0.29,-0.23,-0.22,0.43,"A more focused Heritage read with firmer note shape, cleaner front edge, and tighter overall behavior.","A seasoned, slightly more modern Heritage presentation with a balanced TorchTuned posture, while keeping the shell-first balance intact.",Close to the benchmark Heritage warmth posture; the Medium Torch benchmark keeps the line centered between openness and control; Die-Cast hoops add focus and containment.
13x6.0 • 8 lugs • 16 - 10mm • Die-Cast • Black Nickel • Blackened,13|6.0|8|16 - 10mm|Die-Cast|Black Nickel|Blackened,13,6.0,8,16 - 10mm,Die-Cast,Black Nickel,Blackened,3.07,1.28,Focused throw with clean shape,1.674,Grounded body with directed carry,1.2955,Shorter note with firm response,2.686,simple:focused-throw-clean-shape > shaped:grounded-body-directed-carry > complex:shorter-note-firm-response,5.71,5.19,5.28,4.45,4.85,4.54,5.73,0.71,0.19,0.28,-0.55,-0.15,-0.46,0.73,"A more TorchTuned-forward Heritage read, where the heavier scorch treatment adds a firmer center, slightly tighter bloom, and a more settled shell response.","A darker, slightly more modern Heritage presentation with a stronger TorchTuned imprint that favors firmer note control, slightly lower sensitivity, and a more unified shell response under heavier treatment, while keeping the front edge firm and articulate.","Noticeably shifted away from the benchmark Heritage center; a quicker, drier bite with a more defined front edge; the Blackened finish pushes the read toward stronger control and a more disciplined shell response; touch sensitivity is traded for a more locked-in note center; Die-Cast hoops add focus and containment."
13x6.0 • 8 lugs • 16 - 10mm • Die-Cast • Brass/Gold • Light Torch,13|6.0|8|16 - 10mm|Die-Cast|Brass/Gold|Light Torch,13,6.0,8,16 - 10mm,Die-Cast,Brass/Gold,Light Torch,1.89,0.86,Focused throw with clean shape,1.458,"Fast, disciplined touch response",0.927,Shorter note with firm response,1.228,simple:focused-throw-clean-shape > shaped:fast-disciplined-touch-response > complex:shorter-note-firm-response,5.35,5.55,5.5,4.97,4.69,5.02,5.13,0.35,0.55,0.5,-0.03,-0.31,0.02,0.13,"A focused-but-open Heritage read: the die-cast hoops tighten the rim response, while the lighter TorchTune finish keeps more touch, air, and upper-shell liveliness in the voice.","A cleaner, richer Heritage presentation with a lighter TorchTuned imprint that preserves more openness, touch response, and a slightly freer shell reaction, while keeping the shell-first balance intact.",Close to the benchmark Heritage warmth posture; Light Torch keeps more touch and liveliness while the die-cast hoops add rim focus; Die-Cast hoops add focus and containment.
13x6.0 • 8 lugs • 16 - 10mm • Die-Cast • Brass/Gold • Medium Torch,13|6.0|8|16 - 10mm|Die-Cast|Brass/Gold|Medium Torch,13,6.0,8,16 - 10mm,Die-Cast,Brass/Gold,Medium Torch,2.46,0.82,Focused throw with clean shape,1.528,"Fast, disciplined touch response",1.244,Shorter note with firm response,1.8715,simple:focused-throw-clean-shape > shaped:fast-disciplined-touch-response > complex:shorter-note-firm-response,5.53,5.37,5.39,4.71,4.77,4.78,5.43,0.53,0.37,0.39,-0.29,-0.23,-0.22,0.43,"A more focused Heritage read with firmer note shape, cleaner front edge, and tighter overall behavior.","A seasoned, richer Heritage presentation with a balanced TorchTuned posture, while keeping the shell-first balance intact.",Close to the benchmark Heritage warmth posture; the Medium Torch benchmark keeps the line centered between openness and control; Die-Cast hoops add focus and containment.
13x6.0 • 8 lugs • 16 - 10mm • Die-Cast • Brass/Gold • Blackened,13|6.0|8|16 - 10mm|Die-Cast|Brass/Gold|Blackened,13,6.0,8,16 - 10mm,Die-Cast,Brass/Gold,Blackened,3.07,1.28,Focused throw with clean shape,1.674,Grounded body with directed carry,1.2955,Shorter note with firm response,2.686,simple:focused-throw-clean-shape > shaped:grounded-body-directed-carry > complex:shorter-note-firm-response,5.71,5.19,5.28,4.45,4.85,4.54,5.73,0.71,0.19,0.28,-0.55,-0.15,-0.46,0.73,"A more TorchTuned-forward Heritage read, where the heavier scorch treatment adds a firmer center, slightly tighter bloom, and a more settled shell response.","A darker, richer Heritage presentation with a stronger TorchTuned imprint that favors firmer note control, slightly lower sensitivity, and a more unified shell response under heavier treatment, while keeping the front edge firm and articulate.","Noticeably shifted away from the benchmark Heritage center; a quicker, drier bite with a more defined front edge; the Blackened finish pushes the read toward stronger control and a more disciplined shell response; touch sensitivity is traded for a more locked-in note center; Die-Cast hoops add focus and containment."
13x6.5 • 8 lugs • 16 - 10mm • Triple Flange • Chrome • Light Torch,13|6.5|8|16 - 10mm|Triple Flange|Chrome|Light Torch,13,6.5,8,16 - 10mm,Triple Flange,Chrome,Light Torch,1.88,0.88,Lively touch with open detail,1.0855,Rounded body with a clear start,1.8275,"Dark, complex Heritage bloom",1.2325,simple:lively-touch-open-detail > shaped:rounded-body-clear-start > complex:dark-complex-heritage-bloom,4.85,5.17,5.33,5.51,5.15,5.2,4.63,-0.15,0.17,0.33,0.51,0.15,0.2,-0.37,"A more open Heritage read, where the lighter torch treatment preserves extra liveliness, touch response, and a slightly freer bloom through the shell.","A cleaner, classic Heritage presentation with a lighter TorchTuned imprint that preserves more openness, touch response, and a slightly freer shell reaction, while keeping the shell-first balance intact.",Close to the benchmark Heritage warmth posture; the lighter TorchTune finish preserves more touch response and a freer shell reaction; Triple Flange hoops preserve more of the line’s native openness.
13x6.5 • 8 lugs • 16 - 10mm • Triple Flange • Chrome • Medium Torch,13|6.5|8|16 - 10mm|Triple Flange|Chrome|Medium Torch,13,6.5,8,16 - 10mm,Triple Flange,Chrome,Medium Torch,0.85,0.32,"Warm, deep settled center",0.5936,Rounded body with a clear start,1.6336,Balanced Heritage center,2.7785,simple:warm-deep-settled-center > shaped:rounded-body-clear-start > complex:balanced-heritage-center,5.03,4.99,5.22,5.25,5.23,4.96,4.93,0.03,-0.01,0.22,0.25,0.23,-0.04,-0.07,"A balanced Heritage read with natural openness, grounded body, and classic shell-first response.","A seasoned, classic Heritage presentation with a balanced TorchTuned posture, while keeping the shell-first balance intact.",Close to the benchmark Heritage warmth posture; the Medium Torch benchmark keeps the line centered between openness and control; Triple Flange hoops preserve more of the line’s native openness.
13x6.5 • 8 lugs • 16 - 10mm • Triple Flange • Chrome • Blackened,13|6.5|8|16 - 10mm|Triple Flange|Chrome|Blackened,13,6.5,8,16 - 10mm,Triple Flange,Chrome,Blackened,1.34,0.59,Focused throw with clean shape,0.6426,Rounded body with a clear start,1.5139,Balanced Heritage center,1.7625,simple:focused-throw-clean-shape > shaped:rounded-body-clear-start > complex:balanced-heritage-center,5.21,4.81,5.11,4.99,5.31,4.72,5.23,0.21,-0.19,0.11,-0.01,0.31,-0.28,0.23,"A more TorchTuned-forward Heritage read, where the heavier scorch treatment adds a firmer center, slightly tighter bloom, and a more settled shell response.","A darker, classic Heritage presentation with a stronger TorchTuned imprint that favors firmer note control, slightly lower sensitivity, and a more unified shell response under heavier treatment, while keeping the shell-first balance intact.",Close to the benchmark Heritage warmth posture; the Blackened finish adds a more contained center and slightly firmer shell behavior; Triple Flange hoops preserve more of the line’s native openness.
13x6.5 • 8 lugs • 16 - 10mm • Triple Flange • Black Nickel • Light Torch,13|6.5|8|16 - 10mm|Triple Flange|Black Nickel|Light Torch,13,6.5,8,16 - 10mm,Triple Flange,Black Nickel,Light Torch,1.88,0.88,Lively touch with open detail,1.0855,Rounded body with a clear start,1.8275,"Dark, complex Heritage bloom",1.2325,simple:lively-touch-open-detail > shaped:rounded-body-clear-start > complex:dark-complex-heritage-bloom,4.85,5.17,5.33,5.51,5.15,5.2,4.63,-0.15,0.17,0.33,0.51,0.15,0.2,-0.37,"A more open Heritage read, where the lighter torch treatment preserves extra liveliness, touch response, and a slightly freer bloom through the shell.","A cleaner, slightly more modern Heritage presentation with a lighter TorchTuned imprint that preserves more openness, touch response, and a slightly freer shell reaction, while keeping the shell-first balance intact.",Close to the benchmark Heritage warmth posture; the lighter TorchTune finish preserves more touch response and a freer shell reaction; Triple Flange hoops preserve more of the line’s native openness.
13x6.5 • 8 lugs • 16 - 10mm • Triple Flange • Black Nickel • Medium Torch,13|6.5|8|16 - 10mm|Triple Flange|Black Nickel|Medium Torch,13,6.5,8,16 - 10mm,Triple Flange,Black Nickel,Medium Torch,0.85,0.32,"Warm, deep settled center",0.5936,Rounded body with a clear start,1.6336,Balanced Heritage center,2.7785,simple:warm-deep-settled-center > shaped:rounded-body-clear-start > complex:balanced-heritage-center,5.03,4.99,5.22,5.25,5.23,4.96,4.93,0.03,-0.01,0.22,0.25,0.23,-0.04,-0.07,"A balanced Heritage read with natural openness, grounded body, and classic shell-first response.","A seasoned, slightly more modern Heritage presentation with a balanced TorchTuned posture, while keeping the shell-first balance intact.",Close to the benchmark Heritage warmth posture; the Medium Torch benchmark keeps the line centered between openness and control; Triple Flange hoops preserve more of the line’s native openness.
13x6.5 • 8 lugs • 16 - 10mm • Triple Flange • Black Nickel • Blackened,13|6.5|8|16 - 10mm|Triple Flange|Black Nickel|Blackened,13,6.5,8,16 - 10mm,Triple Flange,Black Nickel,Blackened,1.34,0.59,Focused throw with clean shape,0.6426,Rounded body with a clear start,1.5139,Balanced Heritage center,1.7625,simple:focused-throw-clean-shape > shaped:rounded-body-clear-start > complex:balanced-heritage-center,5.21,4.81,5.11,4.99,5.31,4.72,5.23,0.21,-0.19,0.11,-0.01,0.31,-0.28,0.23,"A more TorchTuned-forward Heritage read, where the heavier scorch treatment adds a firmer center, slightly tighter bloom, and a more settled shell response.","A darker, slightly more modern Heritage presentation with a stronger TorchTuned imprint that favors firmer note control, slightly lower sensitivity, and a more unified shell response under heavier treatment, while keeping the shell-first balance intact.",Close to the benchmark Heritage warmth posture; the Blackened finish adds a more contained center and slightly firmer shell behavior; Triple Flange hoops preserve more of the line’s native openness.
13x6.5 • 8 lugs • 16 - 10mm • Triple Flange • Brass/Gold • Light Torch,13|6.5|8|16 - 10mm|Triple Flange|Brass/Gold|Light Torch,13,6.5,8,16 - 10mm,Triple Flange,Brass/Gold,Light Torch,1.88,0.88,Lively touch with open detail,1.0855,Rounded body with a clear start,1.8275,"Dark, complex Heritage bloom",1.2325,simple:lively-touch-open-detail > shaped:rounded-body-clear-start > complex:dark-complex-heritage-bloom,4.85,5.17,5.33,5.51,5.15,5.2,4.63,-0.15,0.17,0.33,0.51,0.15,0.2,-0.37,"A more open Heritage read, where the lighter torch treatment preserves extra liveliness, touch response, and a slightly freer bloom through the shell.","A cleaner, richer Heritage presentation with a lighter TorchTuned imprint that preserves more openness, touch response, and a slightly freer shell reaction, while keeping the shell-first balance intact.",Close to the benchmark Heritage warmth posture; the lighter TorchTune finish preserves more touch response and a freer shell reaction; Triple Flange hoops preserve more of the line’s native openness.
13x6.5 • 8 lugs • 16 - 10mm • Triple Flange • Brass/Gold • Medium Torch,13|6.5|8|16 - 10mm|Triple Flange|Brass/Gold|Medium Torch,13,6.5,8,16 - 10mm,Triple Flange,Brass/Gold,Medium Torch,0.85,0.32,"Warm, deep settled center",0.5936,Rounded body with a clear start,1.6336,Balanced Heritage center,2.7785,simple:warm-deep-settled-center > shaped:rounded-body-clear-start > complex:balanced-heritage-center,5.03,4.99,5.22,5.25,5.23,4.96,4.93,0.03,-0.01,0.22,0.25,0.23,-0.04,-0.07,"A balanced Heritage read with natural openness, grounded body, and classic shell-first response.","A seasoned, richer Heritage presentation with a balanced TorchTuned posture, while keeping the shell-first balance intact.",Close to the benchmark Heritage warmth posture; the Medium Torch benchmark keeps the line centered between openness and control; Triple Flange hoops preserve more of the line’s native openness.
13x6.5 • 8 lugs • 16 - 10mm • Triple Flange • Brass/Gold • Blackened,13|6.5|8|16 - 10mm|Triple Flange|Brass/Gold|Blackened,13,6.5,8,16 - 10mm,Triple Flange,Brass/Gold,Blackened,1.34,0.59,Focused throw with clean shape,0.6426,Rounded body with a clear start,1.5139,Balanced Heritage center,1.7625,simple:focused-throw-clean-shape > shaped:rounded-body-clear-start > complex:balanced-heritage-center,5.21,4.81,5.11,4.99,5.31,4.72,5.23,0.21,-0.19,0.11,-0.01,0.31,-0.28,0.23,"A more TorchTuned-forward Heritage read, where the heavier scorch treatment adds a firmer center, slightly tighter bloom, and a more settled shell response.","A darker, richer Heritage presentation with a stronger TorchTuned imprint that favors firmer note control, slightly lower sensitivity, and a more unified shell response under heavier treatment, while keeping the shell-first balance intact.",Close to the benchmark Heritage warmth posture; the Blackened finish adds a more contained center and slightly firmer shell behavior; Triple Flange hoops preserve more of the line’s native openness.
13x6.5 • 8 lugs • 16 - 10mm • Die-Cast • Chrome • Light Torch,13|6.5|8|16 - 10mm|Die-Cast|Chrome|Light Torch,13,6.5,8,16 - 10mm,Die-Cast,Chrome,Light Torch,1.49,0.6,Focused throw with clean shape,1.442,Rounded body with a clear start,1.285,Balanced Heritage center,1.256,simple:focused-throw-clean-shape > shaped:rounded-body-clear-start > complex:balanced-heritage-center,5.18,5.39,5.54,5.2,4.94,4.98,5.1,0.18,0.39,0.54,0.2,-0.06,-0.02,0.1,"A focused-but-open Heritage read: the die-cast hoops tighten the rim response, while the lighter TorchTune finish keeps more touch, air, and upper-shell liveliness in the voice.","A cleaner, classic Heritage presentation with a lighter TorchTuned imprint that preserves more openness, touch response, and a slightly freer shell reaction, while keeping the shell-first balance intact.",Close to the benchmark Heritage warmth posture; Light Torch keeps more touch and liveliness while the die-cast hoops add rim focus; Die-Cast hoops add focus and containment.
13x6.5 • 8 lugs • 16 - 10mm • Die-Cast • Chrome • Medium Torch,13|6.5|8|16 - 10mm|Die-Cast|Chrome|Medium Torch,13,6.5,8,16 - 10mm,Die-Cast,Chrome,Medium Torch,1.74,0.69,Focused throw with clean shape,1.512,Rounded body with a clear start,1.413,Shorter note with firm response,1.4975,simple:focused-throw-clean-shape > shaped:rounded-body-clear-start > complex:shorter-note-firm-response,5.36,5.21,5.43,4.94,5.02,4.74,5.4,0.36,0.21,0.43,-0.06,0.02,-0.26,0.4,"A more focused Heritage read with firmer note shape, cleaner front edge, and tighter overall behavior.","A seasoned, classic Heritage presentation with a balanced TorchTuned posture, while keeping the shell-first balance intact.",Close to the benchmark Heritage warmth posture; the Medium Torch benchmark keeps the line centered between openness and control; Die-Cast hoops add focus and containment.
13x6.5 • 8 lugs • 16 - 10mm • Die-Cast • Chrome • Blackened,13|6.5|8|16 - 10mm|Die-Cast|Chrome|Blackened,13,6.5,8,16 - 10mm,Die-Cast,Chrome,Blackened,2.51,1.2,Focused throw with clean shape,1.658,Grounded body with directed carry,1.404,"Dark, contained shell shape",2.388,simple:focused-throw-clean-shape > shaped:grounded-body-directed-carry > complex:dark-contained-shell-shape,5.54,5.03,5.32,4.68,5.1,4.5,5.7,0.54,0.03,0.32,-0.32,0.1,-0.5,0.7,"A more TorchTuned-forward Heritage read, where the heavier scorch treatment adds a firmer center, slightly tighter bloom, and a more settled shell response.","A darker, classic Heritage presentation with a stronger TorchTuned imprint that favors firmer note control, slightly lower sensitivity, and a more unified shell response under heavier treatment, while keeping the shell centered and composed.",Noticeably shifted away from the benchmark Heritage center; the Blackened finish pushes the read toward stronger control and a more disciplined shell response; touch sensitivity is traded for a more locked-in note center; Die-Cast hoops add focus and containment.
13x6.5 • 8 lugs • 16 - 10mm • Die-Cast • Black Nickel • Light Torch,13|6.5|8|16 - 10mm|Die-Cast|Black Nickel|Light Torch,13,6.5,8,16 - 10mm,Die-Cast,Black Nickel,Light Torch,1.49,0.6,Focused throw with clean shape,1.442,Rounded body with a clear start,1.285,Balanced Heritage center,1.256,simple:focused-throw-clean-shape > shaped:rounded-body-clear-start > complex:balanced-heritage-center,5.18,5.39,5.54,5.2,4.94,4.98,5.1,0.18,0.39,0.54,0.2,-0.06,-0.02,0.1,"A focused-but-open Heritage read: the die-cast hoops tighten the rim response, while the lighter TorchTune finish keeps more touch, air, and upper-shell liveliness in the voice.","A cleaner, slightly more modern Heritage presentation with a lighter TorchTuned imprint that preserves more openness, touch response, and a slightly freer shell reaction, while keeping the shell-first balance intact.",Close to the benchmark Heritage warmth posture; Light Torch keeps more touch and liveliness while the die-cast hoops add rim focus; Die-Cast hoops add focus and containment.
13x6.5 • 8 lugs • 16 - 10mm • Die-Cast • Black Nickel • Medium Torch,13|6.5|8|16 - 10mm|Die-Cast|Black Nickel|Medium Torch,13,6.5,8,16 - 10mm,Die-Cast,Black Nickel,Medium Torch,1.74,0.69,Focused throw with clean shape,1.512,Rounded body with a clear start,1.413,Shorter note with firm response,1.4975,simple:focused-throw-clean-shape > shaped:rounded-body-clear-start > complex:shorter-note-firm-response,5.36,5.21,5.43,4.94,5.02,4.74,5.4,0.36,0.21,0.43,-0.06,0.02,-0.26,0.4,"A more focused Heritage read with firmer note shape, cleaner front edge, and tighter overall behavior.","A seasoned, slightly more modern Heritage presentation with a balanced TorchTuned posture, while keeping the shell-first balance intact.",Close to the benchmark Heritage warmth posture; the Medium Torch benchmark keeps the line centered between openness and control; Die-Cast hoops add focus and containment.
13x6.5 • 8 lugs • 16 - 10mm • Die-Cast • Black Nickel • Blackened,13|6.5|8|16 - 10mm|Die-Cast|Black Nickel|Blackened,13,6.5,8,16 - 10mm,Die-Cast,Black Nickel,Blackened,2.51,1.2,Focused throw with clean shape,1.658,Grounded body with directed carry,1.404,"Dark, contained shell shape",2.388,simple:focused-throw-clean-shape > shaped:grounded-body-directed-carry > complex:dark-contained-shell-shape,5.54,5.03,5.32,4.68,5.1,4.5,5.7,0.54,0.03,0.32,-0.32,0.1,-0.5,0.7,"A more TorchTuned-forward Heritage read, where the heavier scorch treatment adds a firmer center, slightly tighter bloom, and a more settled shell response.","A darker, slightly more modern Heritage presentation with a stronger TorchTuned imprint that favors firmer note control, slightly lower sensitivity, and a more unified shell response under heavier treatment, while keeping the shell centered and composed.",Noticeably shifted away from the benchmark Heritage center; the Blackened finish pushes the read toward stronger control and a more disciplined shell response; touch sensitivity is traded for a more locked-in note center; Die-Cast hoops add focus and containment.
13x6.5 • 8 lugs • 16 - 10mm • Die-Cast • Brass/Gold • Light Torch,13|6.5|8|16 - 10mm|Die-Cast|Brass/Gold|Light Torch,13,6.5,8,16 - 10mm,Die-Cast,Brass/Gold,Light Torch,1.49,0.6,Focused throw with clean shape,1.442,Rounded body with a clear start,1.285,Balanced Heritage center,1.256,simple:focused-throw-clean-shape > shaped:rounded-body-clear-start > complex:balanced-heritage-center,5.18,5.39,5.54,5.2,4.94,4.98,5.1,0.18,0.39,0.54,0.2,-0.06,-0.02,0.1,"A focused-but-open Heritage read: the die-cast hoops tighten the rim response, while the lighter TorchTune finish keeps more touch, air, and upper-shell liveliness in the voice.","A cleaner, richer Heritage presentation with a lighter TorchTuned imprint that preserves more openness, touch response, and a slightly freer shell reaction, while keeping the shell-first balance intact.",Close to the benchmark Heritage warmth posture; Light Torch keeps more touch and liveliness while the die-cast hoops add rim focus; Die-Cast hoops add focus and containment.
13x6.5 • 8 lugs • 16 - 10mm • Die-Cast • Brass/Gold • Medium Torch,13|6.5|8|16 - 10mm|Die-Cast|Brass/Gold|Medium Torch,13,6.5,8,16 - 10mm,Die-Cast,Brass/Gold,Medium Torch,1.74,0.69,Focused throw with clean shape,1.512,Rounded body with a clear start,1.413,Shorter note with firm response,1.4975,simple:focused-throw-clean-shape > shaped:rounded-body-clear-start > complex:shorter-note-firm-response,5.36,5.21,5.43,4.94,5.02,4.74,5.4,0.36,0.21,0.43,-0.06,0.02,-0.26,0.4,"A more focused Heritage read with firmer note shape, cleaner front edge, and tighter overall behavior.","A seasoned, richer Heritage presentation with a balanced TorchTuned posture, while keeping the shell-first balance intact.",Close to the benchmark Heritage warmth posture; the Medium Torch benchmark keeps the line centered between openness and control; Die-Cast hoops add focus and containment.
13x6.5 • 8 lugs • 16 - 10mm • Die-Cast • Brass/Gold • Blackened,13|6.5|8|16 - 10mm|Die-Cast|Brass/Gold|Blackened,13,6.5,8,16 - 10mm,Die-Cast,Brass/Gold,Blackened,2.51,1.2,Focused throw with clean shape,1.658,Grounded body with directed carry,1.404,"Dark, contained shell shape",2.388,simple:focused-throw-clean-shape > shaped:grounded-body-directed-carry > complex:dark-contained-shell-shape,5.54,5.03,5.32,4.68,5.1,4.5,5.7,0.54,0.03,0.32,-0.32,0.1,-0.5,0.7,"A more TorchTuned-forward Heritage read, where the heavier scorch treatment adds a firmer center, slightly tighter bloom, and a more settled shell response.","A darker, richer Heritage presentation with a stronger TorchTuned imprint that favors firmer note control, slightly lower sensitivity, and a more unified shell response under heavier treatment, while keeping the shell centered and composed.",Noticeably shifted away from the benchmark Heritage center; the Blackened finish pushes the read toward stronger control and a more disciplined shell response; touch sensitivity is traded for a more locked-in note center; Die-Cast hoops add focus and containment.
13x7.0 • 8 lugs • 16 - 10mm • Triple Flange • Chrome • Light Torch,13|7.0|8|16 - 10mm|Triple Flange|Chrome|Light Torch,13,7.0,8,16 - 10mm,Triple Flange,Chrome,Light Torch,2.51,1.08,"Warm, deep settled center",1.929,"Expressive, blooming response",2.081,"Dark, complex Heritage bloom",1.762,simple:warm-deep-settled-center > shaped:expressive-blooming-response > complex:dark-complex-heritage-bloom,4.76,5.11,5.4,5.7,5.52,5.16,4.62,-0.24,0.11,0.4,0.7,0.52,0.16,-0.38,"A more open Heritage read, where the lighter torch treatment preserves extra liveliness, touch response, and a slightly freer bloom through the shell.","A cleaner, classic Heritage presentation with a lighter TorchTuned imprint that preserves more openness, touch response, and a slightly freer shell reaction, while keeping the shell-first balance intact.","Noticeably shifted away from the benchmark Heritage center; a longer, broader note bloom; the lighter TorchTune finish preserves more touch response and a freer shell reaction; Triple Flange hoops preserve more of the line’s native openness."
13x7.0 • 8 lugs • 16 - 10mm • Triple Flange • Chrome • Medium Torch,13|7.0|8|16 - 10mm|Triple Flange|Chrome|Medium Torch,13,7.0,8,16 - 10mm,Triple Flange,Chrome,Medium Torch,1.62,0.68,"Warm, deep settled center",1.851,Rounded body with a clear start,1.833,"Dark, complex Heritage bloom",1.317,simple:warm-deep-settled-center > shaped:rounded-body-clear-start > complex:dark-complex-heritage-bloom,4.94,4.93,5.29,5.44,5.6,4.92,4.92,-0.06,-0.07,0.29,0.44,0.6,-0.08,-0.08,"A fuller Heritage read with broader body, deeper bloom, and a more grounded voice in the room.","A seasoned, classic Heritage presentation with a balanced TorchTuned posture, while keeping the shell-first balance intact.",Warmer and more body-forward than the benchmark Heritage build; Triple Flange hoops preserve more of the line’s native openness.
13x7.0 • 8 lugs • 16 - 10mm • Triple Flange • Chrome • Blackened,13|7.0|8|16 - 10mm|Triple Flange|Chrome|Blackened,13,7.0,8,16 - 10mm,Triple Flange,Chrome,Blackened,1.77,0.84,"Warm, deep settled center",1.461,Grounded body with directed carry,1.753,"Dark, contained shell shape",1.594,simple:warm-deep-settled-center > shaped:grounded-body-directed-carry > complex:dark-contained-shell-shape,5.12,4.77,5.18,5.18,5.52,4.68,5.22,0.12,-0.23,0.18,0.18,0.52,-0.32,0.22,"A more TorchTuned-forward Heritage read, where the heavier scorch treatment adds a firmer center, slightly tighter bloom, and a more settled shell response.","A darker, classic Heritage presentation with a stronger TorchTuned imprint that favors firmer note control, slightly lower sensitivity, and a more unified shell response under heavier treatment, while keeping the shell-first balance intact.",Close to the benchmark Heritage warmth posture; the Blackened finish adds a more contained center and slightly firmer shell behavior; Triple Flange hoops preserve more of the line’s native openness.
13x7.0 • 8 lugs • 16 - 10mm • Triple Flange • Black Nickel • Light Torch,13|7.0|8|16 - 10mm|Triple Flange|Black Nickel|Light Torch,13,7.0,8,16 - 10mm,Triple Flange,Black Nickel,Light Torch,2.51,1.08,"Warm, deep settled center",1.929,"Expressive, blooming response",2.081,"Dark, complex Heritage bloom",1.762,simple:warm-deep-settled-center > shaped:expressive-blooming-response > complex:dark-complex-heritage-bloom,4.76,5.11,5.4,5.7,5.52,5.16,4.62,-0.24,0.11,0.4,0.7,0.52,0.16,-0.38,"A more open Heritage read, where the lighter torch treatment preserves extra liveliness, touch response, and a slightly freer bloom through the shell.","A cleaner, slightly more modern Heritage presentation with a lighter TorchTuned imprint that preserves more openness, touch response, and a slightly freer shell reaction, while keeping the shell-first balance intact.","Noticeably shifted away from the benchmark Heritage center; a longer, broader note bloom; the lighter TorchTune finish preserves more touch response and a freer shell reaction; Triple Flange hoops preserve more of the line’s native openness."
13x7.0 • 8 lugs • 16 - 10mm • Triple Flange • Black Nickel • Medium Torch,13|7.0|8|16 - 10mm|Triple Flange|Black Nickel|Medium Torch,13,7.0,8,16 - 10mm,Triple Flange,Black Nickel,Medium Torch,1.62,0.68,"Warm, deep settled center",1.851,Rounded body with a clear start,1.833,"Dark, complex Heritage bloom",1.317,simple:warm-deep-settled-center > shaped:rounded-body-clear-start > complex:dark-complex-heritage-bloom,4.94,4.93,5.29,5.44,5.6,4.92,4.92,-0.06,-0.07,0.29,0.44,0.6,-0.08,-0.08,"A fuller Heritage read with broader body, deeper bloom, and a more grounded voice in the room.","A seasoned, slightly more modern Heritage presentation with a balanced TorchTuned posture, while keeping the shell-first balance intact.",Warmer and more body-forward than the benchmark Heritage build; Triple Flange hoops preserve more of the line’s native openness.
13x7.0 • 8 lugs • 16 - 10mm • Triple Flange • Black Nickel • Blackened,13|7.0|8|16 - 10mm|Triple Flange|Black Nickel|Blackened,13,7.0,8,16 - 10mm,Triple Flange,Black Nickel,Blackened,1.77,0.84,"Warm, deep settled center",1.461,Grounded body with directed carry,1.753,"Dark, contained shell shape",1.594,simple:warm-deep-settled-center > shaped:grounded-body-directed-carry > complex:dark-contained-shell-shape,5.12,4.77,5.18,5.18,5.52,4.68,5.22,0.12,-0.23,0.18,0.18,0.52,-0.32,0.22,"A more TorchTuned-forward Heritage read, where the heavier scorch treatment adds a firmer center, slightly tighter bloom, and a more settled shell response.","A darker, slightly more modern Heritage presentation with a stronger TorchTuned imprint that favors firmer note control, slightly lower sensitivity, and a more unified shell response under heavier treatment, while keeping the shell-first balance intact.",Close to the benchmark Heritage warmth posture; the Blackened finish adds a more contained center and slightly firmer shell behavior; Triple Flange hoops preserve more of the line’s native openness.
13x7.0 • 8 lugs • 16 - 10mm • Triple Flange • Brass/Gold • Light Torch,13|7.0|8|16 - 10mm|Triple Flange|Brass/Gold|Light Torch,13,7.0,8,16 - 10mm,Triple Flange,Brass/Gold,Light Torch,2.51,1.08,"Warm, deep settled center",1.929,"Expressive, blooming response",2.081,"Dark, complex Heritage bloom",1.762,simple:warm-deep-settled-center > shaped:expressive-blooming-response > complex:dark-complex-heritage-bloom,4.76,5.11,5.4,5.7,5.52,5.16,4.62,-0.24,0.11,0.4,0.7,0.52,0.16,-0.38,"A more open Heritage read, where the lighter torch treatment preserves extra liveliness, touch response, and a slightly freer bloom through the shell.","A cleaner, richer Heritage presentation with a lighter TorchTuned imprint that preserves more openness, touch response, and a slightly freer shell reaction, while keeping the shell-first balance intact.","Noticeably shifted away from the benchmark Heritage center; a longer, broader note bloom; the lighter TorchTune finish preserves more touch response and a freer shell reaction; Triple Flange hoops preserve more of the line’s native openness."
13x7.0 • 8 lugs • 16 - 10mm • Triple Flange • Brass/Gold • Medium Torch,13|7.0|8|16 - 10mm|Triple Flange|Brass/Gold|Medium Torch,13,7.0,8,16 - 10mm,Triple Flange,Brass/Gold,Medium Torch,1.62,0.68,"Warm, deep settled center",1.851,Rounded body with a clear start,1.833,"Dark, complex Heritage bloom",1.317,simple:warm-deep-settled-center > shaped:rounded-body-clear-start > complex:dark-complex-heritage-bloom,4.94,4.93,5.29,5.44,5.6,4.92,4.92,-0.06,-0.07,0.29,0.44,0.6,-0.08,-0.08,"A fuller Heritage read with broader body, deeper bloom, and a more grounded voice in the room.","A seasoned, richer Heritage presentation with a balanced TorchTuned posture, while keeping the shell-first balance intact.",Warmer and more body-forward than the benchmark Heritage build; Triple Flange hoops preserve more of the line’s native openness.
13x7.0 • 8 lugs • 16 - 10mm • Triple Flange • Brass/Gold • Blackened,13|7.0|8|16 - 10mm|Triple Flange|Brass/Gold|Blackened,13,7.0,8,16 - 10mm,Triple Flange,Brass/Gold,Blackened,1.77,0.84,"Warm, deep settled center",1.461,Grounded body with directed carry,1.753,"Dark, contained shell shape",1.594,simple:warm-deep-settled-center > shaped:grounded-body-directed-carry > complex:dark-contained-shell-shape,5.12,4.77,5.18,5.18,5.52,4.68,5.22,0.12,-0.23,0.18,0.18,0.52,-0.32,0.22,"A more TorchTuned-forward Heritage read, where the heavier scorch treatment adds a firmer center, slightly tighter bloom, and a more settled shell response.","A darker, richer Heritage presentation with a stronger TorchTuned imprint that favors firmer note control, slightly lower sensitivity, and a more unified shell response under heavier treatment, while keeping the shell-first balance intact.",Close to the benchmark Heritage warmth posture; the Blackened finish adds a more contained center and slightly firmer shell behavior; Triple Flange hoops preserve more of the line’s native openness.
13x7.0 • 8 lugs • 16 - 10mm • Die-Cast • Chrome • Light Torch,13|7.0|8|16 - 10mm|Die-Cast|Chrome|Light Torch,13,7.0,8,16 - 10mm,Die-Cast,Chrome,Light Torch,2,0.68,"Warm, deep settled center",1.484,Grounded body with directed carry,2.165,"Wide, open Heritage bloom",1.1505,simple:warm-deep-settled-center > shaped:grounded-body-directed-carry > complex:wide-open-heritage-bloom,5.08,5.33,5.61,5.39,5.43,4.93,5.09,0.08,0.33,0.61,0.39,0.43,-0.07,0.09,"A focused-but-open Heritage read: the die-cast hoops tighten the rim response, while the lighter TorchTune finish keeps more touch, air, and upper-shell liveliness in the voice.","A cleaner, classic Heritage presentation with a lighter TorchTuned imprint that preserves more openness, touch response, and a slightly freer shell reaction, while keeping the shell-first balance intact.",Noticeably shifted away from the benchmark Heritage center; stronger outward throw; Light Torch keeps more touch and liveliness while the die-cast hoops add rim focus; Die-Cast hoops add focus and containment.
13x7.0 • 8 lugs • 16 - 10mm • Die-Cast • Chrome • Medium Torch,13|7.0|8|16 - 10mm|Die-Cast|Chrome|Medium Torch,13,7.0,8,16 - 10mm,Die-Cast,Chrome,Medium Torch,2.15,0.81,Focused throw with clean shape,1.368,Grounded body with directed carry,2.3065,Shorter note with firm response,1.386,simple:focused-throw-clean-shape > shaped:grounded-body-directed-carry > complex:shorter-note-firm-response,5.26,5.15,5.5,5.13,5.41,4.69,5.39,0.26,0.15,0.5,0.13,0.41,-0.31,0.39,"A more focused Heritage read with firmer note shape, cleaner front edge, and tighter overall behavior.","A seasoned, classic Heritage presentation with a balanced TorchTuned posture, while keeping the shell-first balance intact.",Close to the benchmark Heritage warmth posture; the Medium Torch benchmark keeps the line centered between openness and control; Die-Cast hoops add focus and containment.
13x7.0 • 8 lugs • 16 - 10mm • Die-Cast • Chrome • Blackened,13|7.0|8|16 - 10mm|Die-Cast|Chrome|Blackened,13,7.0,8,16 - 10mm,Die-Cast,Chrome,Blackened,2.51,1.24,Focused throw with clean shape,1.514,Grounded body with directed carry,2.368,"Dark, contained shell shape",2.4185,simple:focused-throw-clean-shape > shaped:grounded-body-directed-carry > complex:dark-contained-shell-shape,5.44,5,5.39,4.87,5.31,4.45,5.69,0.44,0,0.39,-0.13,0.31,-0.55,0.69,"A more TorchTuned-forward Heritage read, where the heavier scorch treatment adds a firmer center, slightly tighter bloom, and a more settled shell response.","A darker, classic Heritage presentation with a stronger TorchTuned imprint that favors firmer note control, slightly lower sensitivity, and a more unified shell response under heavier treatment, while keeping the shell centered and composed.",Noticeably shifted away from the benchmark Heritage center; the Blackened finish pushes the read toward stronger control and a more disciplined shell response; touch sensitivity is traded for a more locked-in note center; Die-Cast hoops add focus and containment.
13x7.0 • 8 lugs • 16 - 10mm • Die-Cast • Black Nickel • Light Torch,13|7.0|8|16 - 10mm|Die-Cast|Black Nickel|Light Torch,13,7.0,8,16 - 10mm,Die-Cast,Black Nickel,Light Torch,2,0.68,"Warm, deep settled center",1.484,Grounded body with directed carry,2.165,"Wide, open Heritage bloom",1.1505,simple:warm-deep-settled-center > shaped:grounded-body-directed-carry > complex:wide-open-heritage-bloom,5.08,5.33,5.61,5.39,5.43,4.93,5.09,0.08,0.33,0.61,0.39,0.43,-0.07,0.09,"A focused-but-open Heritage read: the die-cast hoops tighten the rim response, while the lighter TorchTune finish keeps more touch, air, and upper-shell liveliness in the voice.","A cleaner, slightly more modern Heritage presentation with a lighter TorchTuned imprint that preserves more openness, touch response, and a slightly freer shell reaction, while keeping the shell-first balance intact.",Noticeably shifted away from the benchmark Heritage center; stronger outward throw; Light Torch keeps more touch and liveliness while the die-cast hoops add rim focus; Die-Cast hoops add focus and containment.
13x7.0 • 8 lugs • 16 - 10mm • Die-Cast • Black Nickel • Medium Torch,13|7.0|8|16 - 10mm|Die-Cast|Black Nickel|Medium Torch,13,7.0,8,16 - 10mm,Die-Cast,Black Nickel,Medium Torch,2.15,0.81,Focused throw with clean shape,1.368,Grounded body with directed carry,2.3065,Shorter note with firm response,1.386,simple:focused-throw-clean-shape > shaped:grounded-body-directed-carry > complex:shorter-note-firm-response,5.26,5.15,5.5,5.13,5.41,4.69,5.39,0.26,0.15,0.5,0.13,0.41,-0.31,0.39,"A more focused Heritage read with firmer note shape, cleaner front edge, and tighter overall behavior.","A seasoned, slightly more modern Heritage presentation with a balanced TorchTuned posture, while keeping the shell-first balance intact.",Close to the benchmark Heritage warmth posture; the Medium Torch benchmark keeps the line centered between openness and control; Die-Cast hoops add focus and containment.
13x7.0 • 8 lugs • 16 - 10mm • Die-Cast • Black Nickel • Blackened,13|7.0|8|16 - 10mm|Die-Cast|Black Nickel|Blackened,13,7.0,8,16 - 10mm,Die-Cast,Black Nickel,Blackened,2.51,1.24,Focused throw with clean shape,1.514,Grounded body with directed carry,2.368,"Dark, contained shell shape",2.4185,simple:focused-throw-clean-shape > shaped:grounded-body-directed-carry > complex:dark-contained-shell-shape,5.44,5,5.39,4.87,5.31,4.45,5.69,0.44,0,0.39,-0.13,0.31,-0.55,0.69,"A more TorchTuned-forward Heritage read, where the heavier scorch treatment adds a firmer center, slightly tighter bloom, and a more settled shell response.","A darker, slightly more modern Heritage presentation with a stronger TorchTuned imprint that favors firmer note control, slightly lower sensitivity, and a more unified shell response under heavier treatment, while keeping the shell centered and composed.",Noticeably shifted away from the benchmark Heritage center; the Blackened finish pushes the read toward stronger control and a more disciplined shell response; touch sensitivity is traded for a more locked-in note center; Die-Cast hoops add focus and containment.
13x7.0 • 8 lugs • 16 - 10mm • Die-Cast • Brass/Gold • Light Torch,13|7.0|8|16 - 10mm|Die-Cast|Brass/Gold|Light Torch,13,7.0,8,16 - 10mm,Die-Cast,Brass/Gold,Light Torch,2,0.68,"Warm, deep settled center",1.484,Grounded body with directed carry,2.165,"Wide, open Heritage bloom",1.1505,simple:warm-deep-settled-center > shaped:grounded-body-directed-carry > complex:wide-open-heritage-bloom,5.08,5.33,5.61,5.39,5.43,4.93,5.09,0.08,0.33,0.61,0.39,0.43,-0.07,0.09,"A focused-but-open Heritage read: the die-cast hoops tighten the rim response, while the lighter TorchTune finish keeps more touch, air, and upper-shell liveliness in the voice.","A cleaner, richer Heritage presentation with a lighter TorchTuned imprint that preserves more openness, touch response, and a slightly freer shell reaction, while keeping the shell-first balance intact.",Noticeably shifted away from the benchmark Heritage center; stronger outward throw; Light Torch keeps more touch and liveliness while the die-cast hoops add rim focus; Die-Cast hoops add focus and containment.
13x7.0 • 8 lugs • 16 - 10mm • Die-Cast • Brass/Gold • Medium Torch,13|7.0|8|16 - 10mm|Die-Cast|Brass/Gold|Medium Torch,13,7.0,8,16 - 10mm,Die-Cast,Brass/Gold,Medium Torch,2.15,0.81,Focused throw with clean shape,1.368,Grounded body with directed carry,2.3065,Shorter note with firm response,1.386,simple:focused-throw-clean-shape > shaped:grounded-body-directed-carry > complex:shorter-note-firm-response,5.26,5.15,5.5,5.13,5.41,4.69,5.39,0.26,0.15,0.5,0.13,0.41,-0.31,0.39,"A more focused Heritage read with firmer note shape, cleaner front edge, and tighter overall behavior.","A seasoned, richer Heritage presentation with a balanced TorchTuned posture, while keeping the shell-first balance intact.",Close to the benchmark Heritage warmth posture; the Medium Torch benchmark keeps the line centered between openness and control; Die-Cast hoops add focus and containment.
13x7.0 • 8 lugs • 16 - 10mm • Die-Cast • Brass/Gold • Blackened,13|7.0|8|16 - 10mm|Die-Cast|Brass/Gold|Blackened,13,7.0,8,16 - 10mm,Die-Cast,Brass/Gold,Blackened,2.51,1.24,Focused throw with clean shape,1.514,Grounded body with directed carry,2.368,"Dark, contained shell shape",2.4185,simple:focused-throw-clean-shape > shaped:grounded-body-directed-carry > complex:dark-contained-shell-shape,5.44,5,5.39,4.87,5.31,4.45,5.69,0.44,0,0.39,-0.13,0.31,-0.55,0.69,"A more TorchTuned-forward Heritage read, where the heavier scorch treatment adds a firmer center, slightly tighter bloom, and a more settled shell response.","A darker, richer Heritage presentation with a stronger TorchTuned imprint that favors firmer note control, slightly lower sensitivity, and a more unified shell response under heavier treatment, while keeping the shell centered and composed.",Noticeably shifted away from the benchmark Heritage center; the Blackened finish pushes the read toward stronger control and a more disciplined shell response; touch sensitivity is traded for a more locked-in note center; Die-Cast hoops add focus and containment.
13x7.5 • 8 lugs • 16 - 10mm • Triple Flange • Chrome • Light Torch,13|7.5|8|16 - 10mm|Triple Flange|Chrome|Light Torch,13,7.5,8,16 - 10mm,Triple Flange,Chrome,Light Torch,2.98,1.3,"Warm, deep settled center",2.472,"Expressive, blooming response",2.5025,"Wide, open Heritage bloom",2.274,simple:warm-deep-settled-center > shaped:expressive-blooming-response > complex:wide-open-heritage-bloom,4.65,5.01,5.46,5.9,5.75,5.11,4.6,-0.35,0.01,0.46,0.9,0.75,0.11,-0.4,"A more open Heritage read, where the lighter torch treatment preserves extra liveliness, touch response, and a slightly freer bloom through the shell.","A cleaner, classic Heritage presentation with a lighter TorchTuned imprint that preserves more openness, touch response, and a slightly freer shell reaction, while keeping the emphasis on body, weight, and shell character.","Warmer and more body-forward than the benchmark Heritage build; a longer, broader note bloom; the lighter TorchTune finish preserves more touch response and a freer shell reaction; Triple Flange hoops preserve more of the line’s native openness."
13x7.5 • 8 lugs • 16 - 10mm • Triple Flange • Chrome • Medium Torch,13|7.5|8|16 - 10mm|Triple Flange|Chrome|Medium Torch,13,7.5,8,16 - 10mm,Triple Flange,Chrome,Medium Torch,2.39,1,"Warm, deep settled center",2.394,Rounded body with a clear start,2.0295,"Wide, open Heritage bloom",1.803,simple:warm-deep-settled-center > shaped:rounded-body-clear-start > complex:wide-open-heritage-bloom,4.83,4.83,5.35,5.64,5.83,4.87,4.9,-0.17,-0.17,0.35,0.64,0.83,-0.13,-0.1,"A fuller Heritage read with broader body, deeper bloom, and a more grounded voice in the room.","A seasoned, classic Heritage presentation with a balanced TorchTuned posture, while keeping the emphasis on body, weight, and shell character.","Warmer and more body-forward than the benchmark Heritage build; a darker, drier top edge is balanced by classic Triple Flange openness; Triple Flange hoops preserve more of the line’s native openness."
13x7.5 • 8 lugs • 16 - 10mm • Triple Flange • Chrome • Blackened,13|7.5|8|16 - 10mm|Triple Flange|Chrome|Blackened,13,7.5,8,16 - 10mm,Triple Flange,Chrome,Blackened,2.22,1.08,"Warm, deep settled center",1.964,Grounded body with directed carry,1.73,Body that blooms outward,1.3353,simple:warm-deep-settled-center > shaped:grounded-body-directed-carry > complex:body-blooms-outward,5.01,4.69,5.24,5.38,5.71,4.63,5.2,0.01,-0.31,0.24,0.38,0.71,-0.37,0.2,"A more TorchTuned-forward Heritage read, where the heavier scorch treatment adds a firmer center, slightly tighter bloom, and a more settled shell response.","A darker, classic Heritage presentation with a stronger TorchTuned imprint that favors firmer note control, slightly lower sensitivity, and a more unified shell response under heavier treatment, while keeping the emphasis on body, weight, and shell character.",Warmer and more body-forward than the benchmark Heritage build; the Blackened finish adds a more contained center and slightly firmer shell behavior; Triple Flange hoops preserve more of the line’s native openness.
13x7.5 • 8 lugs • 16 - 10mm • Triple Flange • Black Nickel • Light Torch,13|7.5|8|16 - 10mm|Triple Flange|Black Nickel|Light Torch,13,7.5,8,16 - 10mm,Triple Flange,Black Nickel,Light Torch,2.98,1.3,"Warm, deep settled center",2.472,"Expressive, blooming response",2.5025,"Wide, open Heritage bloom",2.274,simple:warm-deep-settled-center > shaped:expressive-blooming-response > complex:wide-open-heritage-bloom,4.65,5.01,5.46,5.9,5.75,5.11,4.6,-0.35,0.01,0.46,0.9,0.75,0.11,-0.4,"A more open Heritage read, where the lighter torch treatment preserves extra liveliness, touch response, and a slightly freer bloom through the shell.","A cleaner, slightly more modern Heritage presentation with a lighter TorchTuned imprint that preserves more openness, touch response, and a slightly freer shell reaction, while keeping the emphasis on body, weight, and shell character.","Warmer and more body-forward than the benchmark Heritage build; a longer, broader note bloom; the lighter TorchTune finish preserves more touch response and a freer shell reaction; Triple Flange hoops preserve more of the line’s native openness."
13x7.5 • 8 lugs • 16 - 10mm • Triple Flange • Black Nickel • Medium Torch,13|7.5|8|16 - 10mm|Triple Flange|Black Nickel|Medium Torch,13,7.5,8,16 - 10mm,Triple Flange,Black Nickel,Medium Torch,2.39,1,"Warm, deep settled center",2.394,Rounded body with a clear start,2.0295,"Wide, open Heritage bloom",1.803,simple:warm-deep-settled-center > shaped:rounded-body-clear-start > complex:wide-open-heritage-bloom,4.83,4.83,5.35,5.64,5.83,4.87,4.9,-0.17,-0.17,0.35,0.64,0.83,-0.13,-0.1,"A fuller Heritage read with broader body, deeper bloom, and a more grounded voice in the room.","A seasoned, slightly more modern Heritage presentation with a balanced TorchTuned posture, while keeping the emphasis on body, weight, and shell character.","Warmer and more body-forward than the benchmark Heritage build; a darker, drier top edge is balanced by classic Triple Flange openness; Triple Flange hoops preserve more of the line’s native openness."
13x7.5 • 8 lugs • 16 - 10mm • Triple Flange • Black Nickel • Blackened,13|7.5|8|16 - 10mm|Triple Flange|Black Nickel|Blackened,13,7.5,8,16 - 10mm,Triple Flange,Black Nickel,Blackened,2.22,1.08,"Warm, deep settled center",1.964,Grounded body with directed carry,1.73,Body that blooms outward,1.3353,simple:warm-deep-settled-center > shaped:grounded-body-directed-carry > complex:body-blooms-outward,5.01,4.69,5.24,5.38,5.71,4.63,5.2,0.01,-0.31,0.24,0.38,0.71,-0.37,0.2,"A more TorchTuned-forward Heritage read, where the heavier scorch treatment adds a firmer center, slightly tighter bloom, and a more settled shell response.","A darker, slightly more modern Heritage presentation with a stronger TorchTuned imprint that favors firmer note control, slightly lower sensitivity, and a more unified shell response under heavier treatment, while keeping the emphasis on body, weight, and shell character.",Warmer and more body-forward than the benchmark Heritage build; the Blackened finish adds a more contained center and slightly firmer shell behavior; Triple Flange hoops preserve more of the line’s native openness.
13x7.5 • 8 lugs • 16 - 10mm • Triple Flange • Brass/Gold • Light Torch,13|7.5|8|16 - 10mm|Triple Flange|Brass/Gold|Light Torch,13,7.5,8,16 - 10mm,Triple Flange,Brass/Gold,Light Torch,2.98,1.3,"Warm, deep settled center",2.472,"Expressive, blooming response",2.5025,"Wide, open Heritage bloom",2.274,simple:warm-deep-settled-center > shaped:expressive-blooming-response > complex:wide-open-heritage-bloom,4.65,5.01,5.46,5.9,5.75,5.11,4.6,-0.35,0.01,0.46,0.9,0.75,0.11,-0.4,"A more open Heritage read, where the lighter torch treatment preserves extra liveliness, touch response, and a slightly freer bloom through the shell.","A cleaner, richer Heritage presentation with a lighter TorchTuned imprint that preserves more openness, touch response, and a slightly freer shell reaction, while keeping the emphasis on body, weight, and shell character.","Warmer and more body-forward than the benchmark Heritage build; a longer, broader note bloom; the lighter TorchTune finish preserves more touch response and a freer shell reaction; Triple Flange hoops preserve more of the line’s native openness."
13x7.5 • 8 lugs • 16 - 10mm • Triple Flange • Brass/Gold • Medium Torch,13|7.5|8|16 - 10mm|Triple Flange|Brass/Gold|Medium Torch,13,7.5,8,16 - 10mm,Triple Flange,Brass/Gold,Medium Torch,2.39,1,"Warm, deep settled center",2.394,Rounded body with a clear start,2.0295,"Wide, open Heritage bloom",1.803,simple:warm-deep-settled-center > shaped:rounded-body-clear-start > complex:wide-open-heritage-bloom,4.83,4.83,5.35,5.64,5.83,4.87,4.9,-0.17,-0.17,0.35,0.64,0.83,-0.13,-0.1,"A fuller Heritage read with broader body, deeper bloom, and a more grounded voice in the room.","A seasoned, richer Heritage presentation with a balanced TorchTuned posture, while keeping the emphasis on body, weight, and shell character.","Warmer and more body-forward than the benchmark Heritage build; a darker, drier top edge is balanced by classic Triple Flange openness; Triple Flange hoops preserve more of the line’s native openness."
13x7.5 • 8 lugs • 16 - 10mm • Triple Flange • Brass/Gold • Blackened,13|7.5|8|16 - 10mm|Triple Flange|Brass/Gold|Blackened,13,7.5,8,16 - 10mm,Triple Flange,Brass/Gold,Blackened,2.22,1.08,"Warm, deep settled center",1.964,Grounded body with directed carry,1.73,Body that blooms outward,1.3353,simple:warm-deep-settled-center > shaped:grounded-body-directed-carry > complex:body-blooms-outward,5.01,4.69,5.24,5.38,5.71,4.63,5.2,0.01,-0.31,0.24,0.38,0.71,-0.37,0.2,"A more TorchTuned-forward Heritage read, where the heavier scorch treatment adds a firmer center, slightly tighter bloom, and a more settled shell response.","A darker, richer Heritage presentation with a stronger TorchTuned imprint that favors firmer note control, slightly lower sensitivity, and a more unified shell response under heavier treatment, while keeping the emphasis on body, weight, and shell character.",Warmer and more body-forward than the benchmark Heritage build; the Blackened finish adds a more contained center and slightly firmer shell behavior; Triple Flange hoops preserve more of the line’s native openness.
13x7.5 • 8 lugs • 16 - 10mm • Die-Cast • Chrome • Light Torch,13|7.5|8|16 - 10mm|Die-Cast|Chrome|Light Torch,13,7.5,8,16 - 10mm,Die-Cast,Chrome,Light Torch,2.22,0.77,"Warm, deep settled center",1.937,Grounded body with directed carry,2.075,"Wide, open Heritage bloom",1.723,simple:warm-deep-settled-center > shaped:grounded-body-directed-carry > complex:wide-open-heritage-bloom,4.97,5.2,5.66,5.59,5.57,4.89,5.06,-0.03,0.2,0.66,0.59,0.57,-0.11,0.06,"A focused-but-open Heritage read: the die-cast hoops tighten the rim response, while the lighter TorchTune finish keeps more touch, air, and upper-shell liveliness in the voice.","A cleaner, classic Heritage presentation with a lighter TorchTuned imprint that preserves more openness, touch response, and a slightly freer shell reaction, while keeping the shell-first balance intact.",Warmer and more body-forward than the benchmark Heritage build; stronger outward throw; Light Torch keeps more touch and liveliness while the die-cast hoops add rim focus; Die-Cast hoops add focus and containment.
13x7.5 • 8 lugs • 16 - 10mm • Die-Cast • Chrome • Medium Torch,13|7.5|8|16 - 10mm|Die-Cast|Chrome|Medium Torch,13,7.5,8,16 - 10mm,Die-Cast,Chrome,Medium Torch,2.41,1,"Warm, deep settled center",1.859,Grounded body with directed carry,2.3165,Body that blooms outward,1.2858,simple:warm-deep-settled-center > shaped:grounded-body-directed-carry > complex:body-blooms-outward,5.15,5.02,5.55,5.33,5.65,4.65,5.36,0.15,0.02,0.55,0.33,0.65,-0.35,0.36,"A more focused Heritage read with firmer note shape, cleaner front edge, and tighter overall behavior.","A seasoned, classic Heritage presentation with a balanced TorchTuned posture, while keeping the shell-first balance intact.",Warmer and more body-forward than the benchmark Heritage build; Die-Cast hoops add focus and containment.
13x7.5 • 8 lugs • 16 - 10mm • Die-Cast • Chrome • Blackened,13|7.5|8|16 - 10mm|Die-Cast|Chrome|Blackened,13,7.5,8,16 - 10mm,Die-Cast,Chrome,Blackened,2.68,1.25,"Warm, deep settled center",1.399,Grounded body with directed carry,2.328,"Dark, contained shell shape",2.455,simple:warm-deep-settled-center > shaped:grounded-body-directed-carry > complex:dark-contained-shell-shape,5.33,4.91,5.44,5.07,5.5,4.41,5.66,0.33,-0.09,0.44,0.07,0.5,-0.59,0.66,"A more TorchTuned-forward Heritage read, where the heavier scorch treatment adds a firmer center, slightly tighter bloom, and a more settled shell response.","A darker, classic Heritage presentation with a stronger TorchTuned imprint that favors firmer note control, slightly lower sensitivity, and a more unified shell response under heavier treatment, while keeping the shell centered and composed.",Noticeably shifted away from the benchmark Heritage center; the Blackened finish pushes the read toward stronger control and a more disciplined shell response; touch sensitivity is traded for a more locked-in note center; Die-Cast hoops add focus and containment.
13x7.5 • 8 lugs • 16 - 10mm • Die-Cast • Black Nickel • Light Torch,13|7.5|8|16 - 10mm|Die-Cast|Black Nickel|Light Torch,13,7.5,8,16 - 10mm,Die-Cast,Black Nickel,Light Torch,2.22,0.77,"Warm, deep settled center",1.937,Grounded body with directed carry,2.075,"Wide, open Heritage bloom",1.723,simple:warm-deep-settled-center > shaped:grounded-body-directed-carry > complex:wide-open-heritage-bloom,4.97,5.2,5.66,5.59,5.57,4.89,5.06,-0.03,0.2,0.66,0.59,0.57,-0.11,0.06,"A focused-but-open Heritage read: the die-cast hoops tighten the rim response, while the lighter TorchTune finish keeps more touch, air, and upper-shell liveliness in the voice.","A cleaner, slightly more modern Heritage presentation with a lighter TorchTuned imprint that preserves more openness, touch response, and a slightly freer shell reaction, while keeping the shell-first balance intact.",Warmer and more body-forward than the benchmark Heritage build; stronger outward throw; Light Torch keeps more touch and liveliness while the die-cast hoops add rim focus; Die-Cast hoops add focus and containment.
13x7.5 • 8 lugs • 16 - 10mm • Die-Cast • Black Nickel • Medium Torch,13|7.5|8|16 - 10mm|Die-Cast|Black Nickel|Medium Torch,13,7.5,8,16 - 10mm,Die-Cast,Black Nickel,Medium Torch,2.41,1,"Warm, deep settled center",1.859,Grounded body with directed carry,2.3165,Body that blooms outward,1.2858,simple:warm-deep-settled-center > shaped:grounded-body-directed-carry > complex:body-blooms-outward,5.15,5.02,5.55,5.33,5.65,4.65,5.36,0.15,0.02,0.55,0.33,0.65,-0.35,0.36,"A more focused Heritage read with firmer note shape, cleaner front edge, and tighter overall behavior.","A seasoned, slightly more modern Heritage presentation with a balanced TorchTuned posture, while keeping the shell-first balance intact.",Warmer and more body-forward than the benchmark Heritage build; Die-Cast hoops add focus and containment.
13x7.5 • 8 lugs • 16 - 10mm • Die-Cast • Black Nickel • Blackened,13|7.5|8|16 - 10mm|Die-Cast|Black Nickel|Blackened,13,7.5,8,16 - 10mm,Die-Cast,Black Nickel,Blackened,2.68,1.25,"Warm, deep settled center",1.399,Grounded body with directed carry,2.328,"Dark, contained shell shape",2.455,simple:warm-deep-settled-center > shaped:grounded-body-directed-carry > complex:dark-contained-shell-shape,5.33,4.91,5.44,5.07,5.5,4.41,5.66,0.33,-0.09,0.44,0.07,0.5,-0.59,0.66,"A more TorchTuned-forward Heritage read, where the heavier scorch treatment adds a firmer center, slightly tighter bloom, and a more settled shell response.","A darker, slightly more modern Heritage presentation with a stronger TorchTuned imprint that favors firmer note control, slightly lower sensitivity, and a more unified shell response under heavier treatment, while keeping the shell centered and composed.",Noticeably shifted away from the benchmark Heritage center; the Blackened finish pushes the read toward stronger control and a more disciplined shell response; touch sensitivity is traded for a more locked-in note center; Die-Cast hoops add focus and containment.
13x7.5 • 8 lugs • 16 - 10mm • Die-Cast • Brass/Gold • Light Torch,13|7.5|8|16 - 10mm|Die-Cast|Brass/Gold|Light Torch,13,7.5,8,16 - 10mm,Die-Cast,Brass/Gold,Light Torch,2.22,0.77,"Warm, deep settled center",1.937,Grounded body with directed carry,2.075,"Wide, open Heritage bloom",1.723,simple:warm-deep-settled-center > shaped:grounded-body-directed-carry > complex:wide-open-heritage-bloom,4.97,5.2,5.66,5.59,5.57,4.89,5.06,-0.03,0.2,0.66,0.59,0.57,-0.11,0.06,"A focused-but-open Heritage read: the die-cast hoops tighten the rim response, while the lighter TorchTune finish keeps more touch, air, and upper-shell liveliness in the voice.","A cleaner, richer Heritage presentation with a lighter TorchTuned imprint that preserves more openness, touch response, and a slightly freer shell reaction, while keeping the shell-first balance intact.",Warmer and more body-forward than the benchmark Heritage build; stronger outward throw; Light Torch keeps more touch and liveliness while the die-cast hoops add rim focus; Die-Cast hoops add focus and containment.
13x7.5 • 8 lugs • 16 - 10mm • Die-Cast • Brass/Gold • Medium Torch,13|7.5|8|16 - 10mm|Die-Cast|Brass/Gold|Medium Torch,13,7.5,8,16 - 10mm,Die-Cast,Brass/Gold,Medium Torch,2.41,1,"Warm, deep settled center",1.859,Grounded body with directed carry,2.3165,Body that blooms outward,1.2858,simple:warm-deep-settled-center > shaped:grounded-body-directed-carry > complex:body-blooms-outward,5.15,5.02,5.55,5.33,5.65,4.65,5.36,0.15,0.02,0.55,0.33,0.65,-0.35,0.36,"A more focused Heritage read with firmer note shape, cleaner front edge, and tighter overall behavior.","A seasoned, richer Heritage presentation with a balanced TorchTuned posture, while keeping the shell-first balance intact.",Warmer and more body-forward than the benchmark Heritage build; Die-Cast hoops add focus and containment.
13x7.5 • 8 lugs • 16 - 10mm • Die-Cast • Brass/Gold • Blackened,13|7.5|8|16 - 10mm|Die-Cast|Brass/Gold|Blackened,13,7.5,8,16 - 10mm,Die-Cast,Brass/Gold,Blackened,2.68,1.25,"Warm, deep settled center",1.399,Grounded body with directed carry,2.328,"Dark, contained shell shape",2.455,simple:warm-deep-settled-center > shaped:grounded-body-directed-carry > complex:dark-contained-shell-shape,5.33,4.91,5.44,5.07,5.5,4.41,5.66,0.33,-0.09,0.44,0.07,0.5,-0.59,0.66,"A more TorchTuned-forward Heritage read, where the heavier scorch treatment adds a firmer center, slightly tighter bloom, and a more settled shell response.","A darker, richer Heritage presentation with a stronger TorchTuned imprint that favors firmer note control, slightly lower sensitivity, and a more unified shell response under heavier treatment, while keeping the shell centered and composed.",Noticeably shifted away from the benchmark Heritage center; the Blackened finish pushes the read toward stronger control and a more disciplined shell response; touch sensitivity is traded for a more locked-in note center; Die-Cast hoops add focus and containment.
13x8.0 • 8 lugs • 16 - 10mm • Triple Flange • Chrome • Light Torch,13|8.0|8|16 - 10mm|Triple Flange|Chrome|Light Torch,13,8.0,8,16 - 10mm,Triple Flange,Chrome,Light Torch,3.67,1.57,"Warm, deep settled center",2.979,Rounded body with a clear start,2.6325,"Wide, open Heritage bloom",2.6275,simple:warm-deep-settled-center > shaped:rounded-body-clear-start > complex:wide-open-heritage-bloom,4.51,4.85,5.49,6.08,6,5.04,4.58,-0.49,-0.15,0.49,1.08,1,0.04,-0.42,"A fuller Heritage read with broader body, deeper bloom, and a more grounded voice in the room.","A cleaner, classic Heritage presentation with a lighter TorchTuned imprint that preserves more openness, touch response, and a slightly freer shell reaction, while keeping the emphasis on body, weight, and shell character.","Warmer and more body-forward than the benchmark Heritage build; a longer, broader note bloom; the lighter TorchTune finish preserves more touch response and a freer shell reaction; Triple Flange hoops preserve more of the line’s native openness."
13x8.0 • 8 lugs • 16 - 10mm • Triple Flange • Chrome • Medium Torch,13|8.0|8|16 - 10mm|Triple Flange|Chrome|Medium Torch,13,8.0,8,16 - 10mm,Triple Flange,Chrome,Medium Torch,3.24,1.41,"Warm, deep settled center",2.901,Rounded body with a clear start,2.5325,Body that blooms outward,2.2142,simple:warm-deep-settled-center > shaped:rounded-body-clear-start > complex:body-blooms-outward,4.69,4.67,5.38,5.82,6.08,4.8,4.88,-0.31,-0.33,0.38,0.82,1.08,-0.2,-0.12,"A fuller Heritage read with broader body, deeper bloom, and a more grounded voice in the room.","A seasoned, classic Heritage presentation with a balanced TorchTuned posture, while keeping the emphasis on body, weight, and shell character.","Warmer and more body-forward than the benchmark Heritage build; a longer, broader note bloom; a darker, drier top edge is balanced by classic Triple Flange openness; Triple Flange hoops preserve more of the line’s native openness."
13x8.0 • 8 lugs • 16 - 10mm • Triple Flange • Chrome • Blackened,13|8.0|8|16 - 10mm|Triple Flange|Chrome|Blackened,13,8.0,8,16 - 10mm,Triple Flange,Chrome,Blackened,2.95,1.37,"Warm, deep settled center",2.431,Grounded body with directed carry,1.8725,Body that blooms outward,1.7793,simple:warm-deep-settled-center > shaped:grounded-body-directed-carry > complex:body-blooms-outward,4.87,4.55,5.27,5.56,5.92,4.56,5.18,-0.13,-0.45,0.27,0.56,0.92,-0.44,0.18,"A more TorchTuned-forward Heritage read, where the heavier scorch treatment adds a firmer center, slightly tighter bloom, and a more settled shell response.","A darker, classic Heritage presentation with a stronger TorchTuned imprint that favors firmer note control, slightly lower sensitivity, and a more unified shell response under heavier treatment, while keeping the emphasis on body, weight, and shell character.",Warmer and more body-forward than the benchmark Heritage build; Triple Flange hoops preserve more of the line’s native openness.
13x8.0 • 8 lugs • 16 - 10mm • Triple Flange • Black Nickel • Light Torch,13|8.0|8|16 - 10mm|Triple Flange|Black Nickel|Light Torch,13,8.0,8,16 - 10mm,Triple Flange,Black Nickel,Light Torch,3.67,1.57,"Warm, deep settled center",2.979,Rounded body with a clear start,2.6325,"Wide, open Heritage bloom",2.6275,simple:warm-deep-settled-center > shaped:rounded-body-clear-start > complex:wide-open-heritage-bloom,4.51,4.85,5.49,6.08,6,5.04,4.58,-0.49,-0.15,0.49,1.08,1,0.04,-0.42,"A fuller Heritage read with broader body, deeper bloom, and a more grounded voice in the room.","A cleaner, slightly more modern Heritage presentation with a lighter TorchTuned imprint that preserves more openness, touch response, and a slightly freer shell reaction, while keeping the emphasis on body, weight, and shell character.","Warmer and more body-forward than the benchmark Heritage build; a longer, broader note bloom; the lighter TorchTune finish preserves more touch response and a freer shell reaction; Triple Flange hoops preserve more of the line’s native openness."
13x8.0 • 8 lugs • 16 - 10mm • Triple Flange • Black Nickel • Medium Torch,13|8.0|8|16 - 10mm|Triple Flange|Black Nickel|Medium Torch,13,8.0,8,16 - 10mm,Triple Flange,Black Nickel,Medium Torch,3.24,1.41,"Warm, deep settled center",2.901,Rounded body with a clear start,2.5325,Body that blooms outward,2.2142,simple:warm-deep-settled-center > shaped:rounded-body-clear-start > complex:body-blooms-outward,4.69,4.67,5.38,5.82,6.08,4.8,4.88,-0.31,-0.33,0.38,0.82,1.08,-0.2,-0.12,"A fuller Heritage read with broader body, deeper bloom, and a more grounded voice in the room.","A seasoned, slightly more modern Heritage presentation with a balanced TorchTuned posture, while keeping the emphasis on body, weight, and shell character.","Warmer and more body-forward than the benchmark Heritage build; a longer, broader note bloom; a darker, drier top edge is balanced by classic Triple Flange openness; Triple Flange hoops preserve more of the line’s native openness."
13x8.0 • 8 lugs • 16 - 10mm • Triple Flange • Black Nickel • Blackened,13|8.0|8|16 - 10mm|Triple Flange|Black Nickel|Blackened,13,8.0,8,16 - 10mm,Triple Flange,Black Nickel,Blackened,2.95,1.37,"Warm, deep settled center",2.431,Grounded body with directed carry,1.8725,Body that blooms outward,1.7793,simple:warm-deep-settled-center > shaped:grounded-body-directed-carry > complex:body-blooms-outward,4.87,4.55,5.27,5.56,5.92,4.56,5.18,-0.13,-0.45,0.27,0.56,0.92,-0.44,0.18,"A more TorchTuned-forward Heritage read, where the heavier scorch treatment adds a firmer center, slightly tighter bloom, and a more settled shell response.","A darker, slightly more modern Heritage presentation with a stronger TorchTuned imprint that favors firmer note control, slightly lower sensitivity, and a more unified shell response under heavier treatment, while keeping the emphasis on body, weight, and shell character.",Warmer and more body-forward than the benchmark Heritage build; Triple Flange hoops preserve more of the line’s native openness.
13x8.0 • 8 lugs • 16 - 10mm • Triple Flange • Brass/Gold • Light Torch,13|8.0|8|16 - 10mm|Triple Flange|Brass/Gold|Light Torch,13,8.0,8,16 - 10mm,Triple Flange,Brass/Gold,Light Torch,3.67,1.57,"Warm, deep settled center",2.979,Rounded body with a clear start,2.6325,"Wide, open Heritage bloom",2.6275,simple:warm-deep-settled-center > shaped:rounded-body-clear-start > complex:wide-open-heritage-bloom,4.51,4.85,5.49,6.08,6,5.04,4.58,-0.49,-0.15,0.49,1.08,1,0.04,-0.42,"A fuller Heritage read with broader body, deeper bloom, and a more grounded voice in the room.","A cleaner, richer Heritage presentation with a lighter TorchTuned imprint that preserves more openness, touch response, and a slightly freer shell reaction, while keeping the emphasis on body, weight, and shell character.","Warmer and more body-forward than the benchmark Heritage build; a longer, broader note bloom; the lighter TorchTune finish preserves more touch response and a freer shell reaction; Triple Flange hoops preserve more of the line’s native openness."
13x8.0 • 8 lugs • 16 - 10mm • Triple Flange • Brass/Gold • Medium Torch,13|8.0|8|16 - 10mm|Triple Flange|Brass/Gold|Medium Torch,13,8.0,8,16 - 10mm,Triple Flange,Brass/Gold,Medium Torch,3.24,1.41,"Warm, deep settled center",2.901,Rounded body with a clear start,2.5325,Body that blooms outward,2.2142,simple:warm-deep-settled-center > shaped:rounded-body-clear-start > complex:body-blooms-outward,4.69,4.67,5.38,5.82,6.08,4.8,4.88,-0.31,-0.33,0.38,0.82,1.08,-0.2,-0.12,"A fuller Heritage read with broader body, deeper bloom, and a more grounded voice in the room.","A seasoned, richer Heritage presentation with a balanced TorchTuned posture, while keeping the emphasis on body, weight, and shell character.","Warmer and more body-forward than the benchmark Heritage build; a longer, broader note bloom; a darker, drier top edge is balanced by classic Triple Flange openness; Triple Flange hoops preserve more of the line’s native openness."
13x8.0 • 8 lugs • 16 - 10mm • Triple Flange • Brass/Gold • Blackened,13|8.0|8|16 - 10mm|Triple Flange|Brass/Gold|Blackened,13,8.0,8,16 - 10mm,Triple Flange,Brass/Gold,Blackened,2.95,1.37,"Warm, deep settled center",2.431,Grounded body with directed carry,1.8725,Body that blooms outward,1.7793,simple:warm-deep-settled-center > shaped:grounded-body-directed-carry > complex:body-blooms-outward,4.87,4.55,5.27,5.56,5.92,4.56,5.18,-0.13,-0.45,0.27,0.56,0.92,-0.44,0.18,"A more TorchTuned-forward Heritage read, where the heavier scorch treatment adds a firmer center, slightly tighter bloom, and a more settled shell response.","A darker, richer Heritage presentation with a stronger TorchTuned imprint that favors firmer note control, slightly lower sensitivity, and a more unified shell response under heavier treatment, while keeping the emphasis on body, weight, and shell character.",Warmer and more body-forward than the benchmark Heritage build; Triple Flange hoops preserve more of the line’s native openness.
13x8.0 • 8 lugs • 16 - 10mm • Die-Cast • Chrome • Light Torch,13|8.0|8|16 - 10mm|Die-Cast|Chrome|Light Torch,13,8.0,8,16 - 10mm,Die-Cast,Chrome,Light Torch,2.71,1.03,"Warm, deep settled center",2.464,Grounded body with directed carry,2.269,"Wide, open Heritage bloom",2.018,simple:warm-deep-settled-center > shaped:grounded-body-directed-carry > complex:wide-open-heritage-bloom,4.84,5.03,5.68,5.77,5.84,4.81,5.04,-0.16,0.03,0.68,0.77,0.84,-0.19,0.04,"A focused-but-open Heritage read: the die-cast hoops tighten the rim response, while the lighter TorchTune finish keeps more touch, air, and upper-shell liveliness in the voice.","A cleaner, classic Heritage presentation with a lighter TorchTuned imprint that preserves more openness, touch response, and a slightly freer shell reaction, while keeping the emphasis on body, weight, and shell character.","Warmer and more body-forward than the benchmark Heritage build; a longer, broader note bloom; stronger outward throw; Light Torch keeps more touch and liveliness while the die-cast hoops add rim focus; Die-Cast hoops add focus and containment."
13x8.0 • 8 lugs • 16 - 10mm • Die-Cast • Chrome • Medium Torch,13|8.0|8|16 - 10mm|Die-Cast|Chrome|Medium Torch,13,8.0,8,16 - 10mm,Die-Cast,Chrome,Medium Torch,2.94,1.35,"Warm, deep settled center",2.386,Grounded body with directed carry,2.5105,Body that blooms outward,1.7763,simple:warm-deep-settled-center > shaped:grounded-body-directed-carry > complex:body-blooms-outward,5.02,4.85,5.57,5.51,5.92,4.57,5.34,0.02,-0.15,0.57,0.51,0.92,-0.43,0.34,"A more focused Heritage read with firmer note shape, cleaner front edge, and tighter overall behavior.","A seasoned, classic Heritage presentation with a balanced TorchTuned posture, while keeping the emphasis on body, weight, and shell character.",Warmer and more body-forward than the benchmark Heritage build; Die-Cast hoops add focus and containment.
13x8.0 • 8 lugs • 16 - 10mm • Die-Cast • Chrome • Blackened,13|8.0|8|16 - 10mm|Die-Cast|Chrome|Blackened,13,8.0,8,16 - 10mm,Die-Cast,Chrome,Blackened,3.15,1.38,"Warm, deep settled center",1.866,Grounded body with directed carry,2.462,"Dark, contained shell shape",2.6485,simple:warm-deep-settled-center > shaped:grounded-body-directed-carry > complex:dark-contained-shell-shape,5.2,4.78,5.46,5.25,5.71,4.33,5.64,0.2,-0.22,0.46,0.25,0.71,-0.67,0.64,"A more TorchTuned-forward Heritage read, where the heavier scorch treatment adds a firmer center, slightly tighter bloom, and a more settled shell response.","A darker, classic Heritage presentation with a stronger TorchTuned imprint that favors firmer note control, slightly lower sensitivity, and a more unified shell response under heavier treatment, while keeping the emphasis on body, weight, and shell character.",Warmer and more body-forward than the benchmark Heritage build; the Blackened finish pushes the read toward stronger control and a more disciplined shell response; touch sensitivity is traded for a more locked-in note center; Die-Cast hoops add focus and containment.
13x8.0 • 8 lugs • 16 - 10mm • Die-Cast • Black Nickel • Light Torch,13|8.0|8|16 - 10mm|Die-Cast|Black Nickel|Light Torch,13,8.0,8,16 - 10mm,Die-Cast,Black Nickel,Light Torch,2.71,1.03,"Warm, deep settled center",2.464,Grounded body with directed carry,2.269,"Wide, open Heritage bloom",2.018,simple:warm-deep-settled-center > shaped:grounded-body-directed-carry > complex:wide-open-heritage-bloom,4.84,5.03,5.68,5.77,5.84,4.81,5.04,-0.16,0.03,0.68,0.77,0.84,-0.19,0.04,"A focused-but-open Heritage read: the die-cast hoops tighten the rim response, while the lighter TorchTune finish keeps more touch, air, and upper-shell liveliness in the voice.","A cleaner, slightly more modern Heritage presentation with a lighter TorchTuned imprint that preserves more openness, touch response, and a slightly freer shell reaction, while keeping the emphasis on body, weight, and shell character.","Warmer and more body-forward than the benchmark Heritage build; a longer, broader note bloom; stronger outward throw; Light Torch keeps more touch and liveliness while the die-cast hoops add rim focus; Die-Cast hoops add focus and containment."
13x8.0 • 8 lugs • 16 - 10mm • Die-Cast • Black Nickel • Medium Torch,13|8.0|8|16 - 10mm|Die-Cast|Black Nickel|Medium Torch,13,8.0,8,16 - 10mm,Die-Cast,Black Nickel,Medium Torch,2.94,1.35,"Warm, deep settled center",2.386,Grounded body with directed carry,2.5105,Body that blooms outward,1.7763,simple:warm-deep-settled-center > shaped:grounded-body-directed-carry > complex:body-blooms-outward,5.02,4.85,5.57,5.51,5.92,4.57,5.34,0.02,-0.15,0.57,0.51,0.92,-0.43,0.34,"A more focused Heritage read with firmer note shape, cleaner front edge, and tighter overall behavior.","A seasoned, slightly more modern Heritage presentation with a balanced TorchTuned posture, while keeping the emphasis on body, weight, and shell character.",Warmer and more body-forward than the benchmark Heritage build; Die-Cast hoops add focus and containment.
13x8.0 • 8 lugs • 16 - 10mm • Die-Cast • Black Nickel • Blackened,13|8.0|8|16 - 10mm|Die-Cast|Black Nickel|Blackened,13,8.0,8,16 - 10mm,Die-Cast,Black Nickel,Blackened,3.15,1.38,"Warm, deep settled center",1.866,Grounded body with directed carry,2.462,"Dark, contained shell shape",2.6485,simple:warm-deep-settled-center > shaped:grounded-body-directed-carry > complex:dark-contained-shell-shape,5.2,4.78,5.46,5.25,5.71,4.33,5.64,0.2,-0.22,0.46,0.25,0.71,-0.67,0.64,"A more TorchTuned-forward Heritage read, where the heavier scorch treatment adds a firmer center, slightly tighter bloom, and a more settled shell response.","A darker, slightly more modern Heritage presentation with a stronger TorchTuned imprint that favors firmer note control, slightly lower sensitivity, and a more unified shell response under heavier treatment, while keeping the emphasis on body, weight, and shell character.",Warmer and more body-forward than the benchmark Heritage build; the Blackened finish pushes the read toward stronger control and a more disciplined shell response; touch sensitivity is traded for a more locked-in note center; Die-Cast hoops add focus and containment.
13x8.0 • 8 lugs • 16 - 10mm • Die-Cast • Brass/Gold • Light Torch,13|8.0|8|16 - 10mm|Die-Cast|Brass/Gold|Light Torch,13,8.0,8,16 - 10mm,Die-Cast,Brass/Gold,Light Torch,2.71,1.03,"Warm, deep settled center",2.464,Grounded body with directed carry,2.269,"Wide, open Heritage bloom",2.018,simple:warm-deep-settled-center > shaped:grounded-body-directed-carry > complex:wide-open-heritage-bloom,4.84,5.03,5.68,5.77,5.84,4.81,5.04,-0.16,0.03,0.68,0.77,0.84,-0.19,0.04,"A focused-but-open Heritage read: the die-cast hoops tighten the rim response, while the lighter TorchTune finish keeps more touch, air, and upper-shell liveliness in the voice.","A cleaner, richer Heritage presentation with a lighter TorchTuned imprint that preserves more openness, touch response, and a slightly freer shell reaction, while keeping the emphasis on body, weight, and shell character.","Warmer and more body-forward than the benchmark Heritage build; a longer, broader note bloom; stronger outward throw; Light Torch keeps more touch and liveliness while the die-cast hoops add rim focus; Die-Cast hoops add focus and containment."
13x8.0 • 8 lugs • 16 - 10mm • Die-Cast • Brass/Gold • Medium Torch,13|8.0|8|16 - 10mm|Die-Cast|Brass/Gold|Medium Torch,13,8.0,8,16 - 10mm,Die-Cast,Brass/Gold,Medium Torch,2.94,1.35,"Warm, deep settled center",2.386,Grounded body with directed carry,2.5105,Body that blooms outward,1.7763,simple:warm-deep-settled-center > shaped:grounded-body-directed-carry > complex:body-blooms-outward,5.02,4.85,5.57,5.51,5.92,4.57,5.34,0.02,-0.15,0.57,0.51,0.92,-0.43,0.34,"A more focused Heritage read with firmer note shape, cleaner front edge, and tighter overall behavior.","A seasoned, richer Heritage presentation with a balanced TorchTuned posture, while keeping the emphasis on body, weight, and shell character.",Warmer and more body-forward than the benchmark Heritage build; Die-Cast hoops add focus and containment.
13x8.0 • 8 lugs • 16 - 10mm • Die-Cast • Brass/Gold • Blackened,13|8.0|8|16 - 10mm|Die-Cast|Brass/Gold|Blackened,13,8.0,8,16 - 10mm,Die-Cast,Brass/Gold,Blackened,3.15,1.38,"Warm, deep settled center",1.866,Grounded body with directed carry,2.462,"Dark, contained shell shape",2.6485,simple:warm-deep-settled-center > shaped:grounded-body-directed-carry > complex:dark-contained-shell-shape,5.2,4.78,5.46,5.25,5.71,4.33,5.64,0.2,-0.22,0.46,0.25,0.71,-0.67,0.64,"A more TorchTuned-forward Heritage read, where the heavier scorch treatment adds a firmer center, slightly tighter bloom, and a more settled shell response.","A darker, richer Heritage presentation with a stronger TorchTuned imprint that favors firmer note control, slightly lower sensitivity, and a more unified shell response under heavier treatment, while keeping the emphasis on body, weight, and shell character.",Warmer and more body-forward than the benchmark Heritage build; the Blackened finish pushes the read toward stronger control and a more disciplined shell response; touch sensitivity is traded for a more locked-in note center; Die-Cast hoops add focus and containment.
14x5.0 • 8 lugs • 16 - 10mm • Triple Flange • Chrome • Light Torch,14|5.0|8|16 - 10mm|Triple Flange|Chrome|Light Torch,14,5.0,8,16 - 10mm,Triple Flange,Chrome,Light Torch,1.31,0.55,Lively touch with open detail,1.188,"Expressive, blooming response",,Balanced Heritage center,2.1905,simple:lively-touch-open-detail > shaped:expressive-blooming-response > complex:balanced-heritage-center,4.92,5.28,5.03,5.11,4.73,5.27,4.73,-0.08,0.28,0.03,0.11,-0.27,0.27,-0.27,"A more open Heritage read, where the lighter torch treatment preserves extra liveliness, touch response, and a slightly freer bloom through the shell.","A cleaner, classic Heritage presentation with a lighter TorchTuned imprint that preserves more openness, touch response, and a slightly freer shell reaction, while keeping the shell-first balance intact.",Close to the benchmark Heritage warmth posture; the lighter TorchTune finish preserves more touch response and a freer shell reaction; Triple Flange hoops preserve more of the line’s native openness.
14x5.0 • 8 lugs • 16 - 10mm • Triple Flange • Chrome • Medium Torch,14|5.0|8|16 - 10mm|Triple Flange|Chrome|Medium Torch,14,5.0,8,16 - 10mm,Triple Flange,Chrome,Medium Torch,0.68,0.29,"Compact, quick, lean response",0.8123,Rounded body with a clear start,0.4458,Balanced Heritage center,2.9155,simple:compact-quick-lean-response > shaped:rounded-body-clear-start > complex:balanced-heritage-center,5.1,5.1,4.92,4.85,4.81,5.03,5.03,0.1,0.1,-0.08,-0.15,-0.19,0.03,0.03,"A balanced Heritage read with natural openness, grounded body, and classic shell-first response.","A seasoned, classic Heritage presentation with a balanced TorchTuned posture, while keeping the shell-first balance intact.",Close to the benchmark Heritage warmth posture; the Medium Torch benchmark keeps the line centered between openness and control; Triple Flange hoops preserve more of the line’s native openness.
14x5.0 • 8 lugs • 16 - 10mm • Triple Flange • Chrome • Blackened,14|5.0|8|16 - 10mm|Triple Flange|Chrome|Blackened,14,5.0,8,16 - 10mm,Triple Flange,Chrome,Blackened,1.61,0.74,"Compact, quick, lean response",0.9435,"Fast, disciplined touch response",0.72,"Dark, contained shell shape",1.565,simple:compact-quick-lean-response > shaped:fast-disciplined-touch-response > complex:dark-contained-shell-shape,5.28,4.92,4.81,4.59,4.89,4.79,5.33,0.28,-0.08,-0.19,-0.41,-0.11,-0.21,0.33,"A compact, TorchTuned Heritage read: still lively from the smaller shell, but darker and more settled than the same build in a lighter finish.","A darker, classic Heritage presentation with a stronger TorchTuned imprint that favors firmer note control, slightly lower sensitivity, and a more unified shell response under heavier treatment, while keeping the shell-first balance intact.",Close to the benchmark Heritage warmth posture; the Blackened finish adds a more contained center and slightly firmer shell behavior; Triple Flange hoops preserve more of the line’s native openness.
14x5.0 • 8 lugs • 16 - 10mm • Triple Flange • Black Nickel • Light Torch,14|5.0|8|16 - 10mm|Triple Flange|Black Nickel|Light Torch,14,5.0,8,16 - 10mm,Triple Flange,Black Nickel,Light Torch,1.31,0.55,Lively touch with open detail,1.188,"Expressive, blooming response",,Balanced Heritage center,2.1905,simple:lively-touch-open-detail > shaped:expressive-blooming-response > complex:balanced-heritage-center,4.92,5.28,5.03,5.11,4.73,5.27,4.73,-0.08,0.28,0.03,0.11,-0.27,0.27,-0.27,"A more open Heritage read, where the lighter torch treatment preserves extra liveliness, touch response, and a slightly freer bloom through the shell.","A cleaner, slightly more modern Heritage presentation with a lighter TorchTuned imprint that preserves more openness, touch response, and a slightly freer shell reaction, while keeping the shell-first balance intact.",Close to the benchmark Heritage warmth posture; the lighter TorchTune finish preserves more touch response and a freer shell reaction; Triple Flange hoops preserve more of the line’s native openness.
14x5.0 • 8 lugs • 16 - 10mm • Triple Flange • Black Nickel • Medium Torch,14|5.0|8|16 - 10mm|Triple Flange|Black Nickel|Medium Torch,14,5.0,8,16 - 10mm,Triple Flange,Black Nickel,Medium Torch,0.68,0.29,"Compact, quick, lean response",0.8123,Rounded body with a clear start,0.4458,Balanced Heritage center,2.9155,simple:compact-quick-lean-response > shaped:rounded-body-clear-start > complex:balanced-heritage-center,5.1,5.1,4.92,4.85,4.81,5.03,5.03,0.1,0.1,-0.08,-0.15,-0.19,0.03,0.03,"A balanced Heritage read with natural openness, grounded body, and classic shell-first response.","A seasoned, slightly more modern Heritage presentation with a balanced TorchTuned posture, while keeping the shell-first balance intact.",Close to the benchmark Heritage warmth posture; the Medium Torch benchmark keeps the line centered between openness and control; Triple Flange hoops preserve more of the line’s native openness.
14x5.0 • 8 lugs • 16 - 10mm • Triple Flange • Black Nickel • Blackened,14|5.0|8|16 - 10mm|Triple Flange|Black Nickel|Blackened,14,5.0,8,16 - 10mm,Triple Flange,Black Nickel,Blackened,1.61,0.74,"Compact, quick, lean response",0.9435,"Fast, disciplined touch response",0.72,"Dark, contained shell shape",1.565,simple:compact-quick-lean-response > shaped:fast-disciplined-touch-response > complex:dark-contained-shell-shape,5.28,4.92,4.81,4.59,4.89,4.79,5.33,0.28,-0.08,-0.19,-0.41,-0.11,-0.21,0.33,"A compact, TorchTuned Heritage read: still lively from the smaller shell, but darker and more settled than the same build in a lighter finish.","A darker, slightly more modern Heritage presentation with a stronger TorchTuned imprint that favors firmer note control, slightly lower sensitivity, and a more unified shell response under heavier treatment, while keeping the shell-first balance intact.",Close to the benchmark Heritage warmth posture; the Blackened finish adds a more contained center and slightly firmer shell behavior; Triple Flange hoops preserve more of the line’s native openness.
14x5.0 • 8 lugs • 16 - 10mm • Triple Flange • Brass/Gold • Light Torch,14|5.0|8|16 - 10mm|Triple Flange|Brass/Gold|Light Torch,14,5.0,8,16 - 10mm,Triple Flange,Brass/Gold,Light Torch,1.31,0.55,Lively touch with open detail,1.188,"Expressive, blooming response",,Balanced Heritage center,2.1905,simple:lively-touch-open-detail > shaped:expressive-blooming-response > complex:balanced-heritage-center,4.92,5.28,5.03,5.11,4.73,5.27,4.73,-0.08,0.28,0.03,0.11,-0.27,0.27,-0.27,"A more open Heritage read, where the lighter torch treatment preserves extra liveliness, touch response, and a slightly freer bloom through the shell.","A cleaner, richer Heritage presentation with a lighter TorchTuned imprint that preserves more openness, touch response, and a slightly freer shell reaction, while keeping the shell-first balance intact.",Close to the benchmark Heritage warmth posture; the lighter TorchTune finish preserves more touch response and a freer shell reaction; Triple Flange hoops preserve more of the line’s native openness.
14x5.0 • 8 lugs • 16 - 10mm • Triple Flange • Brass/Gold • Medium Torch,14|5.0|8|16 - 10mm|Triple Flange|Brass/Gold|Medium Torch,14,5.0,8,16 - 10mm,Triple Flange,Brass/Gold,Medium Torch,0.68,0.29,"Compact, quick, lean response",0.8123,Rounded body with a clear start,0.4458,Balanced Heritage center,2.9155,simple:compact-quick-lean-response > shaped:rounded-body-clear-start > complex:balanced-heritage-center,5.1,5.1,4.92,4.85,4.81,5.03,5.03,0.1,0.1,-0.08,-0.15,-0.19,0.03,0.03,"A balanced Heritage read with natural openness, grounded body, and classic shell-first response.","A seasoned, richer Heritage presentation with a balanced TorchTuned posture, while keeping the shell-first balance intact.",Close to the benchmark Heritage warmth posture; the Medium Torch benchmark keeps the line centered between openness and control; Triple Flange hoops preserve more of the line’s native openness.
14x5.0 • 8 lugs • 16 - 10mm • Triple Flange • Brass/Gold • Blackened,14|5.0|8|16 - 10mm|Triple Flange|Brass/Gold|Blackened,14,5.0,8,16 - 10mm,Triple Flange,Brass/Gold,Blackened,1.61,0.74,"Compact, quick, lean response",0.9435,"Fast, disciplined touch response",0.72,"Dark, contained shell shape",1.565,simple:compact-quick-lean-response > shaped:fast-disciplined-touch-response > complex:dark-contained-shell-shape,5.28,4.92,4.81,4.59,4.89,4.79,5.33,0.28,-0.08,-0.19,-0.41,-0.11,-0.21,0.33,"A compact, TorchTuned Heritage read: still lively from the smaller shell, but darker and more settled than the same build in a lighter finish.","A darker, richer Heritage presentation with a stronger TorchTuned imprint that favors firmer note control, slightly lower sensitivity, and a more unified shell response under heavier treatment, while keeping the shell-first balance intact.",Close to the benchmark Heritage warmth posture; the Blackened finish adds a more contained center and slightly firmer shell behavior; Triple Flange hoops preserve more of the line’s native openness.
14x5.0 • 8 lugs • 16 - 10mm • Die-Cast • Chrome • Light Torch,14|5.0|8|16 - 10mm|Die-Cast|Chrome|Light Torch,14,5.0,8,16 - 10mm,Die-Cast,Chrome,Light Torch,1.91,0.98,"Compact, quick, lean response",1.744,"Fast, disciplined touch response",1.101,Shorter note with firm response,1.2375,simple:compact-quick-lean-response > shaped:fast-disciplined-touch-response > complex:shorter-note-firm-response,5.26,5.52,5.23,4.8,4.54,5.05,5.19,0.26,0.52,0.23,-0.2,-0.46,0.05,0.19,"A focused-but-open Heritage read: the die-cast hoops tighten the rim response, while the lighter TorchTune finish keeps more touch, air, and upper-shell liveliness in the voice.","A cleaner, classic Heritage presentation with a lighter TorchTuned imprint that preserves more openness, touch response, and a slightly freer shell reaction, while keeping the shell-first balance intact.",Close to the benchmark Heritage warmth posture; Light Torch keeps more touch and liveliness while the die-cast hoops add rim focus; Die-Cast hoops add focus and containment.
14x5.0 • 8 lugs • 16 - 10mm • Die-Cast • Chrome • Medium Torch,14|5.0|8|16 - 10mm|Die-Cast|Chrome|Medium Torch,14,5.0,8,16 - 10mm,Die-Cast,Chrome,Medium Torch,2.42,0.95,"Compact, quick, lean response",1.588,"Fast, disciplined touch response",1.388,Shorter note with firm response,1.881,simple:compact-quick-lean-response > shaped:fast-disciplined-touch-response > complex:shorter-note-firm-response,5.44,5.34,5.12,4.54,4.62,4.81,5.49,0.44,0.34,0.12,-0.46,-0.38,-0.19,0.49,"A more focused Heritage read with firmer note shape, cleaner front edge, and tighter overall behavior.","A seasoned, classic Heritage presentation with a balanced TorchTuned posture, while keeping the shell-first balance intact.",Close to the benchmark Heritage warmth posture; the Medium Torch benchmark keeps the line centered between openness and control; Die-Cast hoops add focus and containment.
14x5.0 • 8 lugs • 16 - 10mm • Die-Cast • Chrome • Blackened,14|5.0|8|16 - 10mm|Die-Cast|Chrome|Blackened,14,5.0,8,16 - 10mm,Die-Cast,Chrome,Blackened,3.03,1.51,"Compact, quick, lean response",1.565,"Expressive, blooming response",,Shorter note with firm response,2.6955,simple:compact-quick-lean-response > shaped:expressive-blooming-response > complex:shorter-note-firm-response,5.62,5.16,5.01,4.28,4.7,4.57,5.79,0.62,0.16,0.01,-0.72,-0.3,-0.43,0.79,"A more TorchTuned-forward Heritage read, where the heavier scorch treatment adds a firmer center, slightly tighter bloom, and a more settled shell response.","A darker, classic Heritage presentation with a stronger TorchTuned imprint that favors firmer note control, slightly lower sensitivity, and a more unified shell response under heavier treatment, while keeping the front edge firm and articulate.","Noticeably shifted away from the benchmark Heritage center; a shorter, tighter note shape; the Blackened finish pushes the read toward stronger control and a more disciplined shell response; Die-Cast hoops add focus and containment."
14x5.0 • 8 lugs • 16 - 10mm • Die-Cast • Black Nickel • Light Torch,14|5.0|8|16 - 10mm|Die-Cast|Black Nickel|Light Torch,14,5.0,8,16 - 10mm,Die-Cast,Black Nickel,Light Torch,1.91,0.98,"Compact, quick, lean response",1.744,"Fast, disciplined touch response",1.101,Shorter note with firm response,1.2375,simple:compact-quick-lean-response > shaped:fast-disciplined-touch-response > complex:shorter-note-firm-response,5.26,5.52,5.23,4.8,4.54,5.05,5.19,0.26,0.52,0.23,-0.2,-0.46,0.05,0.19,"A focused-but-open Heritage read: the die-cast hoops tighten the rim response, while the lighter TorchTune finish keeps more touch, air, and upper-shell liveliness in the voice.","A cleaner, slightly more modern Heritage presentation with a lighter TorchTuned imprint that preserves more openness, touch response, and a slightly freer shell reaction, while keeping the shell-first balance intact.",Close to the benchmark Heritage warmth posture; Light Torch keeps more touch and liveliness while the die-cast hoops add rim focus; Die-Cast hoops add focus and containment.
14x5.0 • 8 lugs • 16 - 10mm • Die-Cast • Black Nickel • Medium Torch,14|5.0|8|16 - 10mm|Die-Cast|Black Nickel|Medium Torch,14,5.0,8,16 - 10mm,Die-Cast,Black Nickel,Medium Torch,2.42,0.95,"Compact, quick, lean response",1.588,"Fast, disciplined touch response",1.388,Shorter note with firm response,1.881,simple:compact-quick-lean-response > shaped:fast-disciplined-touch-response > complex:shorter-note-firm-response,5.44,5.34,5.12,4.54,4.62,4.81,5.49,0.44,0.34,0.12,-0.46,-0.38,-0.19,0.49,"A more focused Heritage read with firmer note shape, cleaner front edge, and tighter overall behavior.","A seasoned, slightly more modern Heritage presentation with a balanced TorchTuned posture, while keeping the shell-first balance intact.",Close to the benchmark Heritage warmth posture; the Medium Torch benchmark keeps the line centered between openness and control; Die-Cast hoops add focus and containment.
14x5.0 • 8 lugs • 16 - 10mm • Die-Cast • Black Nickel • Blackened,14|5.0|8|16 - 10mm|Die-Cast|Black Nickel|Blackened,14,5.0,8,16 - 10mm,Die-Cast,Black Nickel,Blackened,3.03,1.51,"Compact, quick, lean response",1.565,"Expressive, blooming response",,Shorter note with firm response,2.6955,simple:compact-quick-lean-response > shaped:expressive-blooming-response > complex:shorter-note-firm-response,5.62,5.16,5.01,4.28,4.7,4.57,5.79,0.62,0.16,0.01,-0.72,-0.3,-0.43,0.79,"A more TorchTuned-forward Heritage read, where the heavier scorch treatment adds a firmer center, slightly tighter bloom, and a more settled shell response.","A darker, slightly more modern Heritage presentation with a stronger TorchTuned imprint that favors firmer note control, slightly lower sensitivity, and a more unified shell response under heavier treatment, while keeping the front edge firm and articulate.","Noticeably shifted away from the benchmark Heritage center; a shorter, tighter note shape; the Blackened finish pushes the read toward stronger control and a more disciplined shell response; Die-Cast hoops add focus and containment."
14x5.0 • 8 lugs • 16 - 10mm • Die-Cast • Brass/Gold • Light Torch,14|5.0|8|16 - 10mm|Die-Cast|Brass/Gold|Light Torch,14,5.0,8,16 - 10mm,Die-Cast,Brass/Gold,Light Torch,1.91,0.98,"Compact, quick, lean response",1.744,"Fast, disciplined touch response",1.101,Shorter note with firm response,1.2375,simple:compact-quick-lean-response > shaped:fast-disciplined-touch-response > complex:shorter-note-firm-response,5.26,5.52,5.23,4.8,4.54,5.05,5.19,0.26,0.52,0.23,-0.2,-0.46,0.05,0.19,"A focused-but-open Heritage read: the die-cast hoops tighten the rim response, while the lighter TorchTune finish keeps more touch, air, and upper-shell liveliness in the voice.","A cleaner, richer Heritage presentation with a lighter TorchTuned imprint that preserves more openness, touch response, and a slightly freer shell reaction, while keeping the shell-first balance intact.",Close to the benchmark Heritage warmth posture; Light Torch keeps more touch and liveliness while the die-cast hoops add rim focus; Die-Cast hoops add focus and containment.
14x5.0 • 8 lugs • 16 - 10mm • Die-Cast • Brass/Gold • Medium Torch,14|5.0|8|16 - 10mm|Die-Cast|Brass/Gold|Medium Torch,14,5.0,8,16 - 10mm,Die-Cast,Brass/Gold,Medium Torch,2.42,0.95,"Compact, quick, lean response",1.588,"Fast, disciplined touch response",1.388,Shorter note with firm response,1.881,simple:compact-quick-lean-response > shaped:fast-disciplined-touch-response > complex:shorter-note-firm-response,5.44,5.34,5.12,4.54,4.62,4.81,5.49,0.44,0.34,0.12,-0.46,-0.38,-0.19,0.49,"A more focused Heritage read with firmer note shape, cleaner front edge, and tighter overall behavior.","A seasoned, richer Heritage presentation with a balanced TorchTuned posture, while keeping the shell-first balance intact.",Close to the benchmark Heritage warmth posture; the Medium Torch benchmark keeps the line centered between openness and control; Die-Cast hoops add focus and containment.
14x5.0 • 8 lugs • 16 - 10mm • Die-Cast • Brass/Gold • Blackened,14|5.0|8|16 - 10mm|Die-Cast|Brass/Gold|Blackened,14,5.0,8,16 - 10mm,Die-Cast,Brass/Gold,Blackened,3.03,1.51,"Compact, quick, lean response",1.565,"Expressive, blooming response",,Shorter note with firm response,2.6955,simple:compact-quick-lean-response > shaped:expressive-blooming-response > complex:shorter-note-firm-response,5.62,5.16,5.01,4.28,4.7,4.57,5.79,0.62,0.16,0.01,-0.72,-0.3,-0.43,0.79,"A more TorchTuned-forward Heritage read, where the heavier scorch treatment adds a firmer center, slightly tighter bloom, and a more settled shell response.","A darker, richer Heritage presentation with a stronger TorchTuned imprint that favors firmer note control, slightly lower sensitivity, and a more unified shell response under heavier treatment, while keeping the front edge firm and articulate.","Noticeably shifted away from the benchmark Heritage center; a shorter, tighter note shape; the Blackened finish pushes the read toward stronger control and a more disciplined shell response; Die-Cast hoops add focus and containment."
14x5.0 • 10 lugs • 20 - 12mm • Triple Flange • Chrome • Light Torch,14|5.0|10|20 - 12mm|Triple Flange|Chrome|Light Torch,14,5.0,10,20 - 12mm,Triple Flange,Chrome,Light Torch,4.11,1.42,"Compact, quick, lean response",2.447,"Expressive, blooming response",,Shorter note with firm response,2.548,simple:compact-quick-lean-response > shaped:expressive-blooming-response > complex:shorter-note-firm-response,5.78,5.56,5.78,4.39,4.36,4.67,5.41,0.78,0.56,0.78,-0.61,-0.64,-0.33,0.41,"A compact Heritage read with more bite, quicker sustain, leaner body, and a dry, immediate front edge than the reference build.","A cleaner, classic Heritage presentation with a lighter TorchTuned imprint that preserves more openness, touch response, and a slightly freer shell reaction, while keeping the front edge firm and articulate.","Leaner and more controlled through the center than the benchmark Heritage build; a quicker, drier bite with a more defined front edge; stronger outward throw; Triple Flange hoops preserve more of the line’s native openness."
14x5.0 • 10 lugs • 20 - 12mm • Triple Flange • Chrome • Medium Torch,14|5.0|10|20 - 12mm|Triple Flange|Chrome|Medium Torch,14,5.0,10,20 - 12mm,Triple Flange,Chrome,Medium Torch,4.72,1.83,Focused throw with clean shape,2.314,"Expressive, blooming response",,Shorter note with firm response,3.1915,simple:focused-throw-clean-shape > shaped:expressive-blooming-response > complex:shorter-note-firm-response,5.96,5.38,5.67,4.13,4.44,4.43,5.71,0.96,0.38,0.67,-0.87,-0.56,-0.57,0.71,"A compact Heritage read with more bite, quicker sustain, leaner body, and a dry, immediate front edge than the reference build.","A seasoned, classic Heritage presentation with a balanced TorchTuned posture, while keeping the front edge firm and articulate.","Leaner and more controlled through the center than the benchmark Heritage build; a quicker, drier bite with a more defined front edge; a shorter, tighter note shape; stronger outward throw; Triple Flange hoops preserve more of the line’s native openness."
14x5.0 • 10 lugs • 20 - 12mm • Triple Flange • Chrome • Blackened,14|5.0|10|20 - 12mm|Triple Flange|Chrome|Blackened,14,5.0,10,20 - 12mm,Triple Flange,Chrome,Blackened,5.33,2.27,Focused throw with clean shape,2.46,"Expressive, blooming response",,Shorter note with firm response,4.006,simple:focused-throw-clean-shape > shaped:expressive-blooming-response > complex:shorter-note-firm-response,6.14,5.2,5.56,3.87,4.52,4.19,6.01,1.14,0.2,0.56,-1.13,-0.48,-0.81,1.01,"A compact, TorchTuned Heritage read: still lively from the smaller shell, but darker and more settled than the same build in a lighter finish.","A darker, classic Heritage presentation with a stronger TorchTuned imprint that favors firmer note control, slightly lower sensitivity, and a more unified shell response under heavier treatment, while keeping the front edge firm and articulate.","Noticeably shifted away from the benchmark Heritage center; a quicker, drier bite with a more defined front edge; a shorter, tighter note shape; the Blackened finish pushes the read toward stronger control and a more disciplined shell response; touch sensitivity is traded for a more locked-in note center."
14x5.0 • 10 lugs • 20 - 12mm • Triple Flange • Black Nickel • Light Torch,14|5.0|10|20 - 12mm|Triple Flange|Black Nickel|Light Torch,14,5.0,10,20 - 12mm,Triple Flange,Black Nickel,Light Torch,4.11,1.42,"Compact, quick, lean response",2.447,"Expressive, blooming response",,Shorter note with firm response,2.548,simple:compact-quick-lean-response > shaped:expressive-blooming-response > complex:shorter-note-firm-response,5.78,5.56,5.78,4.39,4.36,4.67,5.41,0.78,0.56,0.78,-0.61,-0.64,-0.33,0.41,"A compact Heritage read with more bite, quicker sustain, leaner body, and a dry, immediate front edge than the reference build.","A cleaner, slightly more modern Heritage presentation with a lighter TorchTuned imprint that preserves more openness, touch response, and a slightly freer shell reaction, while keeping the front edge firm and articulate.","Leaner and more controlled through the center than the benchmark Heritage build; a quicker, drier bite with a more defined front edge; stronger outward throw; Triple Flange hoops preserve more of the line’s native openness."
14x5.0 • 10 lugs • 20 - 12mm • Triple Flange • Black Nickel • Medium Torch,14|5.0|10|20 - 12mm|Triple Flange|Black Nickel|Medium Torch,14,5.0,10,20 - 12mm,Triple Flange,Black Nickel,Medium Torch,4.72,1.83,Focused throw with clean shape,2.314,"Expressive, blooming response",,Shorter note with firm response,3.1915,simple:focused-throw-clean-shape > shaped:expressive-blooming-response > complex:shorter-note-firm-response,5.96,5.38,5.67,4.13,4.44,4.43,5.71,0.96,0.38,0.67,-0.87,-0.56,-0.57,0.71,"A compact Heritage read with more bite, quicker sustain, leaner body, and a dry, immediate front edge than the reference build.","A seasoned, slightly more modern Heritage presentation with a balanced TorchTuned posture, while keeping the front edge firm and articulate.","Leaner and more controlled through the center than the benchmark Heritage build; a quicker, drier bite with a more defined front edge; a shorter, tighter note shape; stronger outward throw; Triple Flange hoops preserve more of the line’s native openness."
14x5.0 • 10 lugs • 20 - 12mm • Triple Flange • Black Nickel • Blackened,14|5.0|10|20 - 12mm|Triple Flange|Black Nickel|Blackened,14,5.0,10,20 - 12mm,Triple Flange,Black Nickel,Blackened,5.33,2.27,Focused throw with clean shape,2.46,"Expressive, blooming response",,Shorter note with firm response,4.006,simple:focused-throw-clean-shape > shaped:expressive-blooming-response > complex:shorter-note-firm-response,6.14,5.2,5.56,3.87,4.52,4.19,6.01,1.14,0.2,0.56,-1.13,-0.48,-0.81,1.01,"A compact, TorchTuned Heritage read: still lively from the smaller shell, but darker and more settled than the same build in a lighter finish.","A darker, slightly more modern Heritage presentation with a stronger TorchTuned imprint that favors firmer note control, slightly lower sensitivity, and a more unified shell response under heavier treatment, while keeping the front edge firm and articulate.","Noticeably shifted away from the benchmark Heritage center; a quicker, drier bite with a more defined front edge; a shorter, tighter note shape; the Blackened finish pushes the read toward stronger control and a more disciplined shell response; touch sensitivity is traded for a more locked-in note center."
14x5.0 • 10 lugs • 20 - 12mm • Triple Flange • Brass/Gold • Light Torch,14|5.0|10|20 - 12mm|Triple Flange|Brass/Gold|Light Torch,14,5.0,10,20 - 12mm,Triple Flange,Brass/Gold,Light Torch,4.11,1.42,"Compact, quick, lean response",2.447,"Expressive, blooming response",,Shorter note with firm response,2.548,simple:compact-quick-lean-response > shaped:expressive-blooming-response > complex:shorter-note-firm-response,5.78,5.56,5.78,4.39,4.36,4.67,5.41,0.78,0.56,0.78,-0.61,-0.64,-0.33,0.41,"A compact Heritage read with more bite, quicker sustain, leaner body, and a dry, immediate front edge than the reference build.","A cleaner, richer Heritage presentation with a lighter TorchTuned imprint that preserves more openness, touch response, and a slightly freer shell reaction, while keeping the front edge firm and articulate.","Leaner and more controlled through the center than the benchmark Heritage build; a quicker, drier bite with a more defined front edge; stronger outward throw; Triple Flange hoops preserve more of the line’s native openness."
14x5.0 • 10 lugs • 20 - 12mm • Triple Flange • Brass/Gold • Medium Torch,14|5.0|10|20 - 12mm|Triple Flange|Brass/Gold|Medium Torch,14,5.0,10,20 - 12mm,Triple Flange,Brass/Gold,Medium Torch,4.72,1.83,Focused throw with clean shape,2.314,"Expressive, blooming response",,Shorter note with firm response,3.1915,simple:focused-throw-clean-shape > shaped:expressive-blooming-response > complex:shorter-note-firm-response,5.96,5.38,5.67,4.13,4.44,4.43,5.71,0.96,0.38,0.67,-0.87,-0.56,-0.57,0.71,"A compact Heritage read with more bite, quicker sustain, leaner body, and a dry, immediate front edge than the reference build.","A seasoned, richer Heritage presentation with a balanced TorchTuned posture, while keeping the front edge firm and articulate.","Leaner and more controlled through the center than the benchmark Heritage build; a quicker, drier bite with a more defined front edge; a shorter, tighter note shape; stronger outward throw; Triple Flange hoops preserve more of the line’s native openness."
14x5.0 • 10 lugs • 20 - 12mm • Triple Flange • Brass/Gold • Blackened,14|5.0|10|20 - 12mm|Triple Flange|Brass/Gold|Blackened,14,5.0,10,20 - 12mm,Triple Flange,Brass/Gold,Blackened,5.33,2.27,Focused throw with clean shape,2.46,"Expressive, blooming response",,Shorter note with firm response,4.006,simple:focused-throw-clean-shape > shaped:expressive-blooming-response > complex:shorter-note-firm-response,6.14,5.2,5.56,3.87,4.52,4.19,6.01,1.14,0.2,0.56,-1.13,-0.48,-0.81,1.01,"A compact, TorchTuned Heritage read: still lively from the smaller shell, but darker and more settled than the same build in a lighter finish.","A darker, richer Heritage presentation with a stronger TorchTuned imprint that favors firmer note control, slightly lower sensitivity, and a more unified shell response under heavier treatment, while keeping the front edge firm and articulate.","Noticeably shifted away from the benchmark Heritage center; a quicker, drier bite with a more defined front edge; a shorter, tighter note shape; the Blackened finish pushes the read toward stronger control and a more disciplined shell response; touch sensitivity is traded for a more locked-in note center."
14x5.0 • 10 lugs • 20 - 12mm • Die-Cast • Chrome • Light Torch,14|5.0|10|20 - 12mm|Die-Cast|Chrome|Light Torch,14,5.0,10,20 - 12mm,Die-Cast,Chrome,Light Torch,6.07,2.02,Focused throw with clean shape,3.221,"Fast, disciplined touch response",0.344,Shorter note with firm response,4.2005,simple:focused-throw-clean-shape > shaped:fast-disciplined-touch-response > complex:shorter-note-firm-response,6.11,5.8,5.99,4.09,4.16,4.45,5.87,1.11,0.8,0.99,-0.91,-0.84,-0.55,0.87,"A focused-but-open Heritage read: the die-cast hoops tighten the rim response, while the lighter TorchTune finish keeps more touch, air, and upper-shell liveliness in the voice.","A cleaner, classic Heritage presentation with a lighter TorchTuned imprint that preserves more openness, touch response, and a slightly freer shell reaction, while keeping the front edge firm and articulate.","Leaner and more controlled through the center than the benchmark Heritage build; a quicker, drier bite with a more defined front edge; a shorter, tighter note shape; stronger outward throw; Light Torch keeps more touch and liveliness while the die-cast hoops add rim focus."
14x5.0 • 10 lugs • 20 - 12mm • Die-Cast • Chrome • Medium Torch,14|5.0|10|20 - 12mm|Die-Cast|Chrome|Medium Torch,14,5.0,10,20 - 12mm,Die-Cast,Chrome,Medium Torch,6.68,2.46,Focused throw with clean shape,3.291,"Fast, disciplined touch response",0.117,Shorter note with firm response,4.844,simple:focused-throw-clean-shape > shaped:fast-disciplined-touch-response > complex:shorter-note-firm-response,6.29,5.62,5.88,3.83,4.24,4.21,6.17,1.29,0.62,0.88,-1.17,-0.76,-0.79,1.17,"A more focused Heritage read with firmer note shape, cleaner front edge, and tighter overall behavior.","A seasoned, classic Heritage presentation with a balanced TorchTuned posture, while keeping the front edge firm and articulate.","Leaner and more controlled through the center than the benchmark Heritage build; a quicker, drier bite with a more defined front edge; a shorter, tighter note shape; stronger outward throw; Die-Cast hoops add focus and containment."
14x5.0 • 10 lugs • 20 - 12mm • Die-Cast • Chrome • Blackened,14|5.0|10|20 - 12mm|Die-Cast|Chrome|Blackened,14,5.0,10,20 - 12mm,Die-Cast,Chrome,Blackened,7.29,2.9,Focused throw with clean shape,3.437,"Expressive, blooming response",,Shorter note with firm response,5.6585,simple:focused-throw-clean-shape > shaped:expressive-blooming-response > complex:shorter-note-firm-response,6.47,5.44,5.77,3.57,4.32,3.97,6.47,1.47,0.44,0.77,-1.43,-0.68,-1.03,1.47,"A beefy, high-projection Heritage read with a pronounced crack, firmer die-cast focus, and a drier TorchTuned shell response from the Blackened finish.","A darker, classic Heritage presentation with a stronger TorchTuned imprint that favors firmer note control, slightly lower sensitivity, and a more unified shell response under heavier treatment, while keeping the front edge firm and articulate.","Leaner and more controlled through the center than the benchmark Heritage build; a quicker, drier bite with a more defined front edge; a shorter, tighter note shape; stronger outward throw; the 10-lug 12mm shell adds beef and crack while Die-Cast hoops push projection."
14x5.0 • 10 lugs • 20 - 12mm • Die-Cast • Black Nickel • Light Torch,14|5.0|10|20 - 12mm|Die-Cast|Black Nickel|Light Torch,14,5.0,10,20 - 12mm,Die-Cast,Black Nickel,Light Torch,6.07,2.02,Focused throw with clean shape,3.221,"Fast, disciplined touch response",0.344,Shorter note with firm response,4.2005,simple:focused-throw-clean-shape > shaped:fast-disciplined-touch-response > complex:shorter-note-firm-response,6.11,5.8,5.99,4.09,4.16,4.45,5.87,1.11,0.8,0.99,-0.91,-0.84,-0.55,0.87,"A focused-but-open Heritage read: the die-cast hoops tighten the rim response, while the lighter TorchTune finish keeps more touch, air, and upper-shell liveliness in the voice.","A cleaner, slightly more modern Heritage presentation with a lighter TorchTuned imprint that preserves more openness, touch response, and a slightly freer shell reaction, while keeping the front edge firm and articulate.","Leaner and more controlled through the center than the benchmark Heritage build; a quicker, drier bite with a more defined front edge; a shorter, tighter note shape; stronger outward throw; Light Torch keeps more touch and liveliness while the die-cast hoops add rim focus."
14x5.0 • 10 lugs • 20 - 12mm • Die-Cast • Black Nickel • Medium Torch,14|5.0|10|20 - 12mm|Die-Cast|Black Nickel|Medium Torch,14,5.0,10,20 - 12mm,Die-Cast,Black Nickel,Medium Torch,6.68,2.46,Focused throw with clean shape,3.291,"Fast, disciplined touch response",0.117,Shorter note with firm response,4.844,simple:focused-throw-clean-shape > shaped:fast-disciplined-touch-response > complex:shorter-note-firm-response,6.29,5.62,5.88,3.83,4.24,4.21,6.17,1.29,0.62,0.88,-1.17,-0.76,-0.79,1.17,"A more focused Heritage read with firmer note shape, cleaner front edge, and tighter overall behavior.","A seasoned, slightly more modern Heritage presentation with a balanced TorchTuned posture, while keeping the front edge firm and articulate.","Leaner and more controlled through the center than the benchmark Heritage build; a quicker, drier bite with a more defined front edge; a shorter, tighter note shape; stronger outward throw; Die-Cast hoops add focus and containment."
14x5.0 • 10 lugs • 20 - 12mm • Die-Cast • Black Nickel • Blackened,14|5.0|10|20 - 12mm|Die-Cast|Black Nickel|Blackened,14,5.0,10,20 - 12mm,Die-Cast,Black Nickel,Blackened,7.29,2.9,Focused throw with clean shape,3.437,"Expressive, blooming response",,Shorter note with firm response,5.6585,simple:focused-throw-clean-shape > shaped:expressive-blooming-response > complex:shorter-note-firm-response,6.47,5.44,5.77,3.57,4.32,3.97,6.47,1.47,0.44,0.77,-1.43,-0.68,-1.03,1.47,"A beefy, high-projection Heritage read with a pronounced crack, firmer die-cast focus, and a drier TorchTuned shell response from the Blackened finish.","A darker, slightly more modern Heritage presentation with a stronger TorchTuned imprint that favors firmer note control, slightly lower sensitivity, and a more unified shell response under heavier treatment, while keeping the front edge firm and articulate.","Leaner and more controlled through the center than the benchmark Heritage build; a quicker, drier bite with a more defined front edge; a shorter, tighter note shape; stronger outward throw; the 10-lug 12mm shell adds beef and crack while Die-Cast hoops push projection."
14x5.0 • 10 lugs • 20 - 12mm • Die-Cast • Brass/Gold • Light Torch,14|5.0|10|20 - 12mm|Die-Cast|Brass/Gold|Light Torch,14,5.0,10,20 - 12mm,Die-Cast,Brass/Gold,Light Torch,6.07,2.02,Focused throw with clean shape,3.221,"Fast, disciplined touch response",0.344,Shorter note with firm response,4.2005,simple:focused-throw-clean-shape > shaped:fast-disciplined-touch-response > complex:shorter-note-firm-response,6.11,5.8,5.99,4.09,4.16,4.45,5.87,1.11,0.8,0.99,-0.91,-0.84,-0.55,0.87,"A focused-but-open Heritage read: the die-cast hoops tighten the rim response, while the lighter TorchTune finish keeps more touch, air, and upper-shell liveliness in the voice.","A cleaner, richer Heritage presentation with a lighter TorchTuned imprint that preserves more openness, touch response, and a slightly freer shell reaction, while keeping the front edge firm and articulate.","Leaner and more controlled through the center than the benchmark Heritage build; a quicker, drier bite with a more defined front edge; a shorter, tighter note shape; stronger outward throw; Light Torch keeps more touch and liveliness while the die-cast hoops add rim focus."
14x5.0 • 10 lugs • 20 - 12mm • Die-Cast • Brass/Gold • Medium Torch,14|5.0|10|20 - 12mm|Die-Cast|Brass/Gold|Medium Torch,14,5.0,10,20 - 12mm,Die-Cast,Brass/Gold,Medium Torch,6.68,2.46,Focused throw with clean shape,3.291,"Fast, disciplined touch response",0.117,Shorter note with firm response,4.844,simple:focused-throw-clean-shape > shaped:fast-disciplined-touch-response > complex:shorter-note-firm-response,6.29,5.62,5.88,3.83,4.24,4.21,6.17,1.29,0.62,0.88,-1.17,-0.76,-0.79,1.17,"A more focused Heritage read with firmer note shape, cleaner front edge, and tighter overall behavior.","A seasoned, richer Heritage presentation with a balanced TorchTuned posture, while keeping the front edge firm and articulate.","Leaner and more controlled through the center than the benchmark Heritage build; a quicker, drier bite with a more defined front edge; a shorter, tighter note shape; stronger outward throw; Die-Cast hoops add focus and containment."
14x5.0 • 10 lugs • 20 - 12mm • Die-Cast • Brass/Gold • Blackened,14|5.0|10|20 - 12mm|Die-Cast|Brass/Gold|Blackened,14,5.0,10,20 - 12mm,Die-Cast,Brass/Gold,Blackened,7.29,2.9,Focused throw with clean shape,3.437,"Expressive, blooming response",,Shorter note with firm response,5.6585,simple:focused-throw-clean-shape > shaped:expressive-blooming-response > complex:shorter-note-firm-response,6.47,5.44,5.77,3.57,4.32,3.97,6.47,1.47,0.44,0.77,-1.43,-0.68,-1.03,1.47,"A beefy, high-projection Heritage read with a pronounced crack, firmer die-cast focus, and a drier TorchTuned shell response from the Blackened finish.","A darker, richer Heritage presentation with a stronger TorchTuned imprint that favors firmer note control, slightly lower sensitivity, and a more unified shell response under heavier treatment, while keeping the front edge firm and articulate.","Leaner and more controlled through the center than the benchmark Heritage build; a quicker, drier bite with a more defined front edge; a shorter, tighter note shape; stronger outward throw; the 10-lug 12mm shell adds beef and crack while Die-Cast hoops push projection."
14x5.0 • 10 lugs • 10 - 7mm + $150 (Re-Rings Required) • Triple Flange • Chrome • Light Torch,14|5.0|10|10 - 7mm + $150 (Re-Rings Required)|Triple Flange|Chrome|Light Torch,14,5.0,10,10 - 7mm + $150 (Re-Rings Required),Triple Flange,Chrome,Light Torch,2.09,0.98,Lively touch with open detail,1.0995,"Expressive, blooming response",1.266,"Dark, complex Heritage bloom",1.5585,simple:lively-touch-open-detail > shaped:expressive-blooming-response > complex:dark-complex-heritage-bloom,4.66,5.11,4.78,5.45,4.92,5.36,4.47,-0.34,0.11,-0.22,0.45,-0.08,0.36,-0.53,"A more open Heritage read, where the lighter torch treatment preserves extra liveliness, touch response, and a slightly freer bloom through the shell.","A cleaner, classic Heritage presentation with a lighter TorchTuned imprint that preserves more openness, touch response, and a slightly freer shell reaction, while keeping the shell-first balance intact.",Close to the benchmark Heritage warmth posture; the lighter TorchTune finish preserves more touch response and a freer shell reaction; the thin re-ring shell adds darker complex overtones and longer sustain; Triple Flange hoops preserve more of the line’s native openness.
14x5.0 • 10 lugs • 10 - 7mm + $150 (Re-Rings Required) • Triple Flange • Chrome • Medium Torch,14|5.0|10|10 - 7mm + $150 (Re-Rings Required)|Triple Flange|Chrome|Medium Torch,14,5.0,10,10 - 7mm + $150 (Re-Rings Required),Triple Flange,Chrome,Medium Torch,1.1,0.52,"Compact, quick, lean response",0.665,"Fast, disciplined touch response",0.5426,Balanced Heritage center,2.637,simple:compact-quick-lean-response > shaped:fast-disciplined-touch-response > complex:balanced-heritage-center,4.84,4.93,4.67,5.19,5,5.12,4.77,-0.16,-0.07,-0.33,0.19,0,0.12,-0.23,"A balanced Heritage read with natural openness, grounded body, and classic shell-first response.","A seasoned, classic Heritage presentation with a balanced TorchTuned posture, while keeping the shell-first balance intact.",Close to the benchmark Heritage warmth posture; the Medium Torch benchmark keeps the line centered between openness and control; Triple Flange hoops preserve more of the line’s native openness.
14x5.0 • 10 lugs • 10 - 7mm + $150 (Re-Rings Required) • Triple Flange • Chrome • Blackened,14|5.0|10|10 - 7mm + $150 (Re-Rings Required)|Triple Flange|Chrome|Blackened,14,5.0,10,10 - 7mm + $150 (Re-Rings Required),Triple Flange,Chrome,Blackened,1.05,0.52,"Compact, quick, lean response",0.6826,"Fast, disciplined touch response",0.5083,Balanced Heritage center,2.732,simple:compact-quick-lean-response > shaped:fast-disciplined-touch-response > complex:balanced-heritage-center,5.02,4.75,4.56,4.93,5.08,4.88,5.07,0.02,-0.25,-0.44,-0.07,0.08,-0.12,0.07,"A compact, TorchTuned Heritage read: still lively from the smaller shell, but darker and more settled than the same build in a lighter finish.","A darker, classic Heritage presentation with a stronger TorchTuned imprint that favors firmer note control, slightly lower sensitivity, and a more unified shell response under heavier treatment, while keeping the shell-first balance intact.",Close to the benchmark Heritage warmth posture; Triple Flange hoops preserve more of the line’s native openness.
14x5.0 • 10 lugs • 10 - 7mm + $150 (Re-Rings Required) • Triple Flange • Black Nickel • Light Torch,14|5.0|10|10 - 7mm + $150 (Re-Rings Required)|Triple Flange|Black Nickel|Light Torch,14,5.0,10,10 - 7mm + $150 (Re-Rings Required),Triple Flange,Black Nickel,Light Torch,2.09,0.98,Lively touch with open detail,1.0995,"Expressive, blooming response",1.266,"Dark, complex Heritage bloom",1.5585,simple:lively-touch-open-detail > shaped:expressive-blooming-response > complex:dark-complex-heritage-bloom,4.66,5.11,4.78,5.45,4.92,5.36,4.47,-0.34,0.11,-0.22,0.45,-0.08,0.36,-0.53,"A more open Heritage read, where the lighter torch treatment preserves extra liveliness, touch response, and a slightly freer bloom through the shell.","A cleaner, slightly more modern Heritage presentation with a lighter TorchTuned imprint that preserves more openness, touch response, and a slightly freer shell reaction, while keeping the shell-first balance intact.",Close to the benchmark Heritage warmth posture; the lighter TorchTune finish preserves more touch response and a freer shell reaction; the thin re-ring shell adds darker complex overtones and longer sustain; Triple Flange hoops preserve more of the line’s native openness.
14x5.0 • 10 lugs • 10 - 7mm + $150 (Re-Rings Required) • Triple Flange • Black Nickel • Medium Torch,14|5.0|10|10 - 7mm + $150 (Re-Rings Required)|Triple Flange|Black Nickel|Medium Torch,14,5.0,10,10 - 7mm + $150 (Re-Rings Required),Triple Flange,Black Nickel,Medium Torch,1.1,0.52,"Compact, quick, lean response",0.665,"Fast, disciplined touch response",0.5426,Balanced Heritage center,2.637,simple:compact-quick-lean-response > shaped:fast-disciplined-touch-response > complex:balanced-heritage-center,4.84,4.93,4.67,5.19,5,5.12,4.77,-0.16,-0.07,-0.33,0.19,0,0.12,-0.23,"A balanced Heritage read with natural openness, grounded body, and classic shell-first response.","A seasoned, slightly more modern Heritage presentation with a balanced TorchTuned posture, while keeping the shell-first balance intact.",Close to the benchmark Heritage warmth posture; the Medium Torch benchmark keeps the line centered between openness and control; Triple Flange hoops preserve more of the line’s native openness.
14x5.0 • 10 lugs • 10 - 7mm + $150 (Re-Rings Required) • Triple Flange • Black Nickel • Blackened,14|5.0|10|10 - 7mm + $150 (Re-Rings Required)|Triple Flange|Black Nickel|Blackened,14,5.0,10,10 - 7mm + $150 (Re-Rings Required),Triple Flange,Black Nickel,Blackened,1.05,0.52,"Compact, quick, lean response",0.6826,"Fast, disciplined touch response",0.5083,Balanced Heritage center,2.732,simple:compact-quick-lean-response > shaped:fast-disciplined-touch-response > complex:balanced-heritage-center,5.02,4.75,4.56,4.93,5.08,4.88,5.07,0.02,-0.25,-0.44,-0.07,0.08,-0.12,0.07,"A compact, TorchTuned Heritage read: still lively from the smaller shell, but darker and more settled than the same build in a lighter finish.","A darker, slightly more modern Heritage presentation with a stronger TorchTuned imprint that favors firmer note control, slightly lower sensitivity, and a more unified shell response under heavier treatment, while keeping the shell-first balance intact.",Close to the benchmark Heritage warmth posture; Triple Flange hoops preserve more of the line’s native openness.
14x5.0 • 10 lugs • 10 - 7mm + $150 (Re-Rings Required) • Triple Flange • Brass/Gold • Light Torch,14|5.0|10|10 - 7mm + $150 (Re-Rings Required)|Triple Flange|Brass/Gold|Light Torch,14,5.0,10,10 - 7mm + $150 (Re-Rings Required),Triple Flange,Brass/Gold,Light Torch,2.09,0.98,Lively touch with open detail,1.0995,"Expressive, blooming response",1.266,"Dark, complex Heritage bloom",1.5585,simple:lively-touch-open-detail > shaped:expressive-blooming-response > complex:dark-complex-heritage-bloom,4.66,5.11,4.78,5.45,4.92,5.36,4.47,-0.34,0.11,-0.22,0.45,-0.08,0.36,-0.53,"A more open Heritage read, where the lighter torch treatment preserves extra liveliness, touch response, and a slightly freer bloom through the shell.","A cleaner, richer Heritage presentation with a lighter TorchTuned imprint that preserves more openness, touch response, and a slightly freer shell reaction, while keeping the shell-first balance intact.",Close to the benchmark Heritage warmth posture; the lighter TorchTune finish preserves more touch response and a freer shell reaction; the thin re-ring shell adds darker complex overtones and longer sustain; Triple Flange hoops preserve more of the line’s native openness.
14x5.0 • 10 lugs • 10 - 7mm + $150 (Re-Rings Required) • Triple Flange • Brass/Gold • Medium Torch,14|5.0|10|10 - 7mm + $150 (Re-Rings Required)|Triple Flange|Brass/Gold|Medium Torch,14,5.0,10,10 - 7mm + $150 (Re-Rings Required),Triple Flange,Brass/Gold,Medium Torch,1.1,0.52,"Compact, quick, lean response",0.665,"Fast, disciplined touch response",0.5426,Balanced Heritage center,2.637,simple:compact-quick-lean-response > shaped:fast-disciplined-touch-response > complex:balanced-heritage-center,4.84,4.93,4.67,5.19,5,5.12,4.77,-0.16,-0.07,-0.33,0.19,0,0.12,-0.23,"A balanced Heritage read with natural openness, grounded body, and classic shell-first response.","A seasoned, richer Heritage presentation with a balanced TorchTuned posture, while keeping the shell-first balance intact.",Close to the benchmark Heritage warmth posture; the Medium Torch benchmark keeps the line centered between openness and control; Triple Flange hoops preserve more of the line’s native openness.
14x5.0 • 10 lugs • 10 - 7mm + $150 (Re-Rings Required) • Triple Flange • Brass/Gold • Blackened,14|5.0|10|10 - 7mm + $150 (Re-Rings Required)|Triple Flange|Brass/Gold|Blackened,14,5.0,10,10 - 7mm + $150 (Re-Rings Required),Triple Flange,Brass/Gold,Blackened,1.05,0.52,"Compact, quick, lean response",0.6826,"Fast, disciplined touch response",0.5083,Balanced Heritage center,2.732,simple:compact-quick-lean-response > shaped:fast-disciplined-touch-response > complex:balanced-heritage-center,5.02,4.75,4.56,4.93,5.08,4.88,5.07,0.02,-0.25,-0.44,-0.07,0.08,-0.12,0.07,"A compact, TorchTuned Heritage read: still lively from the smaller shell, but darker and more settled than the same build in a lighter finish.","A darker, richer Heritage presentation with a stronger TorchTuned imprint that favors firmer note control, slightly lower sensitivity, and a more unified shell response under heavier treatment, while keeping the shell-first balance intact.",Close to the benchmark Heritage warmth posture; Triple Flange hoops preserve more of the line’s native openness.
14x5.0 • 10 lugs • 10 - 7mm + $150 (Re-Rings Required) • Die-Cast • Chrome • Light Torch,14|5.0|10|10 - 7mm + $150 (Re-Rings Required)|Die-Cast|Chrome|Light Torch,14,5.0,10,10 - 7mm + $150 (Re-Rings Required),Die-Cast,Chrome,Light Torch,1.03,0.64,"Compact, quick, lean response",1.2459,"Fast, disciplined touch response",1.0088,Balanced Heritage center,2.5685,simple:compact-quick-lean-response > shaped:fast-disciplined-touch-response > complex:balanced-heritage-center,4.99,5.35,4.98,5.15,4.71,5.11,4.9,-0.01,0.35,-0.02,0.15,-0.29,0.11,-0.1,"A focused-but-open Heritage read: the die-cast hoops tighten the rim response, while the lighter TorchTune finish keeps more touch, air, and upper-shell liveliness in the voice.","A cleaner, classic Heritage presentation with a lighter TorchTuned imprint that preserves more openness, touch response, and a slightly freer shell reaction, while keeping the shell-first balance intact.",Close to the benchmark Heritage warmth posture; Light Torch keeps more touch and liveliness while the die-cast hoops add rim focus; the thin re-ring shell adds darker complex overtones and longer sustain; Die-Cast hoops add focus and containment.
14x5.0 • 10 lugs • 10 - 7mm + $150 (Re-Rings Required) • Die-Cast • Chrome • Medium Torch,14|5.0|10|10 - 7mm + $150 (Re-Rings Required)|Die-Cast|Chrome|Medium Torch,14,5.0,10,10 - 7mm + $150 (Re-Rings Required),Die-Cast,Chrome,Medium Torch,1.12,0.41,Focused throw with clean shape,1.1566,"Fast, disciplined touch response",1.11,Balanced Heritage center,2.6355,simple:focused-throw-clean-shape > shaped:fast-disciplined-touch-response > complex:balanced-heritage-center,5.17,5.17,4.87,4.89,4.79,4.87,5.2,0.17,0.17,-0.13,-0.11,-0.21,-0.13,0.2,"A more focused Heritage read with firmer note shape, cleaner front edge, and tighter overall behavior.","A seasoned, classic Heritage presentation with a balanced TorchTuned posture, while keeping the shell-first balance intact.",Close to the benchmark Heritage warmth posture; the Medium Torch benchmark keeps the line centered between openness and control; Die-Cast hoops add focus and containment.
14x5.0 • 10 lugs • 10 - 7mm + $150 (Re-Rings Required) • Die-Cast • Chrome • Blackened,14|5.0|10|10 - 7mm + $150 (Re-Rings Required)|Die-Cast|Chrome|Blackened,14,5.0,10,10 - 7mm + $150 (Re-Rings Required),Die-Cast,Chrome,Blackened,1.97,0.87,Focused throw with clean shape,1.433,Grounded body with directed carry,1.128,Shorter note with firm response,2.593,simple:focused-throw-clean-shape > shaped:grounded-body-directed-carry > complex:shorter-note-firm-response,5.35,4.99,4.76,4.63,4.87,4.63,5.5,0.35,-0.01,-0.24,-0.37,-0.13,-0.37,0.5,"A more TorchTuned-forward Heritage read, where the heavier scorch treatment adds a firmer center, slightly tighter bloom, and a more settled shell response.","A darker, classic Heritage presentation with a stronger TorchTuned imprint that favors firmer note control, slightly lower sensitivity, and a more unified shell response under heavier treatment, while keeping the shell centered and composed.",Close to the benchmark Heritage warmth posture; the Blackened finish pushes the read toward stronger control and a more disciplined shell response; Die-Cast hoops add focus and containment.
14x5.0 • 10 lugs • 10 - 7mm + $150 (Re-Rings Required) • Die-Cast • Black Nickel • Light Torch,14|5.0|10|10 - 7mm + $150 (Re-Rings Required)|Die-Cast|Black Nickel|Light Torch,14,5.0,10,10 - 7mm + $150 (Re-Rings Required),Die-Cast,Black Nickel,Light Torch,1.03,0.64,"Compact, quick, lean response",1.2459,"Fast, disciplined touch response",1.0088,Balanced Heritage center,2.5685,simple:compact-quick-lean-response > shaped:fast-disciplined-touch-response > complex:balanced-heritage-center,4.99,5.35,4.98,5.15,4.71,5.11,4.9,-0.01,0.35,-0.02,0.15,-0.29,0.11,-0.1,"A focused-but-open Heritage read: the die-cast hoops tighten the rim response, while the lighter TorchTune finish keeps more touch, air, and upper-shell liveliness in the voice.","A cleaner, slightly more modern Heritage presentation with a lighter TorchTuned imprint that preserves more openness, touch response, and a slightly freer shell reaction, while keeping the shell-first balance intact.",Close to the benchmark Heritage warmth posture; Light Torch keeps more touch and liveliness while the die-cast hoops add rim focus; the thin re-ring shell adds darker complex overtones and longer sustain; Die-Cast hoops add focus and containment.
14x5.0 • 10 lugs • 10 - 7mm + $150 (Re-Rings Required) • Die-Cast • Black Nickel • Medium Torch,14|5.0|10|10 - 7mm + $150 (Re-Rings Required)|Die-Cast|Black Nickel|Medium Torch,14,5.0,10,10 - 7mm + $150 (Re-Rings Required),Die-Cast,Black Nickel,Medium Torch,1.12,0.41,Focused throw with clean shape,1.1566,"Fast, disciplined touch response",1.11,Balanced Heritage center,2.6355,simple:focused-throw-clean-shape > shaped:fast-disciplined-touch-response > complex:balanced-heritage-center,5.17,5.17,4.87,4.89,4.79,4.87,5.2,0.17,0.17,-0.13,-0.11,-0.21,-0.13,0.2,"A more focused Heritage read with firmer note shape, cleaner front edge, and tighter overall behavior.","A seasoned, slightly more modern Heritage presentation with a balanced TorchTuned posture, while keeping the shell-first balance intact.",Close to the benchmark Heritage warmth posture; the Medium Torch benchmark keeps the line centered between openness and control; Die-Cast hoops add focus and containment.
14x5.0 • 10 lugs • 10 - 7mm + $150 (Re-Rings Required) • Die-Cast • Black Nickel • Blackened,14|5.0|10|10 - 7mm + $150 (Re-Rings Required)|Die-Cast|Black Nickel|Blackened,14,5.0,10,10 - 7mm + $150 (Re-Rings Required),Die-Cast,Black Nickel,Blackened,1.97,0.87,Focused throw with clean shape,1.433,Grounded body with directed carry,1.128,Shorter note with firm response,2.593,simple:focused-throw-clean-shape > shaped:grounded-body-directed-carry > complex:shorter-note-firm-response,5.35,4.99,4.76,4.63,4.87,4.63,5.5,0.35,-0.01,-0.24,-0.37,-0.13,-0.37,0.5,"A more TorchTuned-forward Heritage read, where the heavier scorch treatment adds a firmer center, slightly tighter bloom, and a more settled shell response.","A darker, slightly more modern Heritage presentation with a stronger TorchTuned imprint that favors firmer note control, slightly lower sensitivity, and a more unified shell response under heavier treatment, while keeping the shell centered and composed.",Close to the benchmark Heritage warmth posture; the Blackened finish pushes the read toward stronger control and a more disciplined shell response; Die-Cast hoops add focus and containment.
14x5.0 • 10 lugs • 10 - 7mm + $150 (Re-Rings Required) • Die-Cast • Brass/Gold • Light Torch,14|5.0|10|10 - 7mm + $150 (Re-Rings Required)|Die-Cast|Brass/Gold|Light Torch,14,5.0,10,10 - 7mm + $150 (Re-Rings Required),Die-Cast,Brass/Gold,Light Torch,1.03,0.64,"Compact, quick, lean response",1.2459,"Fast, disciplined touch response",1.0088,Balanced Heritage center,2.5685,simple:compact-quick-lean-response > shaped:fast-disciplined-touch-response > complex:balanced-heritage-center,4.99,5.35,4.98,5.15,4.71,5.11,4.9,-0.01,0.35,-0.02,0.15,-0.29,0.11,-0.1,"A focused-but-open Heritage read: the die-cast hoops tighten the rim response, while the lighter TorchTune finish keeps more touch, air, and upper-shell liveliness in the voice.","A cleaner, richer Heritage presentation with a lighter TorchTuned imprint that preserves more openness, touch response, and a slightly freer shell reaction, while keeping the shell-first balance intact.",Close to the benchmark Heritage warmth posture; Light Torch keeps more touch and liveliness while the die-cast hoops add rim focus; the thin re-ring shell adds darker complex overtones and longer sustain; Die-Cast hoops add focus and containment.
14x5.0 • 10 lugs • 10 - 7mm + $150 (Re-Rings Required) • Die-Cast • Brass/Gold • Medium Torch,14|5.0|10|10 - 7mm + $150 (Re-Rings Required)|Die-Cast|Brass/Gold|Medium Torch,14,5.0,10,10 - 7mm + $150 (Re-Rings Required),Die-Cast,Brass/Gold,Medium Torch,1.12,0.41,Focused throw with clean shape,1.1566,"Fast, disciplined touch response",1.11,Balanced Heritage center,2.6355,simple:focused-throw-clean-shape > shaped:fast-disciplined-touch-response > complex:balanced-heritage-center,5.17,5.17,4.87,4.89,4.79,4.87,5.2,0.17,0.17,-0.13,-0.11,-0.21,-0.13,0.2,"A more focused Heritage read with firmer note shape, cleaner front edge, and tighter overall behavior.","A seasoned, richer Heritage presentation with a balanced TorchTuned posture, while keeping the shell-first balance intact.",Close to the benchmark Heritage warmth posture; the Medium Torch benchmark keeps the line centered between openness and control; Die-Cast hoops add focus and containment.
14x5.0 • 10 lugs • 10 - 7mm + $150 (Re-Rings Required) • Die-Cast • Brass/Gold • Blackened,14|5.0|10|10 - 7mm + $150 (Re-Rings Required)|Die-Cast|Brass/Gold|Blackened,14,5.0,10,10 - 7mm + $150 (Re-Rings Required),Die-Cast,Brass/Gold,Blackened,1.97,0.87,Focused throw with clean shape,1.433,Grounded body with directed carry,1.128,Shorter note with firm response,2.593,simple:focused-throw-clean-shape > shaped:grounded-body-directed-carry > complex:shorter-note-firm-response,5.35,4.99,4.76,4.63,4.87,4.63,5.5,0.35,-0.01,-0.24,-0.37,-0.13,-0.37,0.5,"A more TorchTuned-forward Heritage read, where the heavier scorch treatment adds a firmer center, slightly tighter bloom, and a more settled shell response.","A darker, richer Heritage presentation with a stronger TorchTuned imprint that favors firmer note control, slightly lower sensitivity, and a more unified shell response under heavier treatment, while keeping the shell centered and composed.",Close to the benchmark Heritage warmth posture; the Blackened finish pushes the read toward stronger control and a more disciplined shell response; Die-Cast hoops add focus and containment.
14x5.5 • 8 lugs • 16 - 10mm • Triple Flange • Chrome • Light Torch,14|5.5|8|16 - 10mm|Triple Flange|Chrome|Light Torch,14,5.5,8,16 - 10mm,Triple Flange,Chrome,Light Torch,1.35,0.56,Lively touch with open detail,1.2198,"Expressive, blooming response",0.896,Balanced Heritage center,2.022,simple:lively-touch-open-detail > shaped:expressive-blooming-response > complex:balanced-heritage-center,4.82,5.18,5.11,5.26,4.92,5.24,4.7,-0.18,0.18,0.11,0.26,-0.08,0.24,-0.3,"A more open Heritage read, where the lighter torch treatment preserves extra liveliness, touch response, and a slightly freer bloom through the shell.","A cleaner, classic Heritage presentation with a lighter TorchTuned imprint that preserves more openness, touch response, and a slightly freer shell reaction, while keeping the shell-first balance intact.",Close to the benchmark Heritage warmth posture; the lighter TorchTune finish preserves more touch response and a freer shell reaction; Triple Flange hoops preserve more of the line’s native openness.
14x5.5 • 8 lugs • 16 - 10mm • Triple Flange • Chrome • Medium Torch,14|5.5|8|16 - 10mm|Triple Flange|Chrome|Medium Torch,14,5.5,8,16 - 10mm,Triple Flange,Chrome,Medium Torch,0,0,Lively touch with open detail,0.399,Rounded body with a clear start,0.399,Balanced Heritage center,3.285,simple:lively-touch-open-detail > shaped:rounded-body-clear-start > complex:balanced-heritage-center,5,5,5,5,5,5,5,0,0,0,0,0,0,0,"A balanced Heritage read with natural openness, grounded body, and classic shell-first response.","A seasoned, classic Heritage presentation with a balanced TorchTuned posture, while keeping the shell-first balance intact.","A balanced all-round Heritage voice with warm body, crisp attack, even projection, and usable control; the Medium Torch benchmark keeps the line centered between openness and control; Triple Flange hoops preserve more of the line’s native openness."
14x5.5 • 8 lugs • 16 - 10mm • Triple Flange • Chrome • Blackened,14|5.5|8|16 - 10mm|Triple Flange|Chrome|Blackened,14,5.5,8,16 - 10mm,Triple Flange,Chrome,Blackened,1.35,0.56,"Compact, quick, lean response",0.5384,Grounded body with directed carry,0.5798,Balanced Heritage center,2.022,simple:compact-quick-lean-response > shaped:grounded-body-directed-carry > complex:balanced-heritage-center,5.18,4.82,4.89,4.74,5.08,4.76,5.3,0.18,-0.18,-0.11,-0.26,0.08,-0.24,0.3,"A compact, TorchTuned Heritage read: still lively from the smaller shell, but darker and more settled than the same build in a lighter finish.","A darker, classic Heritage presentation with a stronger TorchTuned imprint that favors firmer note control, slightly lower sensitivity, and a more unified shell response under heavier treatment, while keeping the shell-first balance intact.",Close to the benchmark Heritage warmth posture; the Blackened finish adds a more contained center and slightly firmer shell behavior; Triple Flange hoops preserve more of the line’s native openness.
14x5.5 • 8 lugs • 16 - 10mm • Triple Flange • Black Nickel • Light Torch,14|5.5|8|16 - 10mm|Triple Flange|Black Nickel|Light Torch,14,5.5,8,16 - 10mm,Triple Flange,Black Nickel,Light Torch,1.35,0.56,Lively touch with open detail,1.2198,"Expressive, blooming response",0.896,Balanced Heritage center,2.022,simple:lively-touch-open-detail > shaped:expressive-blooming-response > complex:balanced-heritage-center,4.82,5.18,5.11,5.26,4.92,5.24,4.7,-0.18,0.18,0.11,0.26,-0.08,0.24,-0.3,"A more open Heritage read, where the lighter torch treatment preserves extra liveliness, touch response, and a slightly freer bloom through the shell.","A cleaner, slightly more modern Heritage presentation with a lighter TorchTuned imprint that preserves more openness, touch response, and a slightly freer shell reaction, while keeping the shell-first balance intact.",Close to the benchmark Heritage warmth posture; the lighter TorchTune finish preserves more touch response and a freer shell reaction; Triple Flange hoops preserve more of the line’s native openness.
14x5.5 • 8 lugs • 16 - 10mm • Triple Flange • Black Nickel • Medium Torch,14|5.5|8|16 - 10mm|Triple Flange|Black Nickel|Medium Torch,14,5.5,8,16 - 10mm,Triple Flange,Black Nickel,Medium Torch,0,0,Lively touch with open detail,0.399,Rounded body with a clear start,0.399,Balanced Heritage center,3.285,simple:lively-touch-open-detail > shaped:rounded-body-clear-start > complex:balanced-heritage-center,5,5,5,5,5,5,5,0,0,0,0,0,0,0,"A balanced Heritage read with natural openness, grounded body, and classic shell-first response.","A seasoned, slightly more modern Heritage presentation with a balanced TorchTuned posture, while keeping the shell-first balance intact.","A balanced all-round Heritage voice with warm body, crisp attack, even projection, and usable control; the Medium Torch benchmark keeps the line centered between openness and control; Triple Flange hoops preserve more of the line’s native openness."
14x5.5 • 8 lugs • 16 - 10mm • Triple Flange • Black Nickel • Blackened,14|5.5|8|16 - 10mm|Triple Flange|Black Nickel|Blackened,14,5.5,8,16 - 10mm,Triple Flange,Black Nickel,Blackened,1.35,0.56,"Compact, quick, lean response",0.5384,Grounded body with directed carry,0.5798,Balanced Heritage center,2.022,simple:compact-quick-lean-response > shaped:grounded-body-directed-carry > complex:balanced-heritage-center,5.18,4.82,4.89,4.74,5.08,4.76,5.3,0.18,-0.18,-0.11,-0.26,0.08,-0.24,0.3,"A compact, TorchTuned Heritage read: still lively from the smaller shell, but darker and more settled than the same build in a lighter finish.","A darker, slightly more modern Heritage presentation with a stronger TorchTuned imprint that favors firmer note control, slightly lower sensitivity, and a more unified shell response under heavier treatment, while keeping the shell-first balance intact.",Close to the benchmark Heritage warmth posture; the Blackened finish adds a more contained center and slightly firmer shell behavior; Triple Flange hoops preserve more of the line’s native openness.
14x5.5 • 8 lugs • 16 - 10mm • Triple Flange • Brass/Gold • Light Torch,14|5.5|8|16 - 10mm|Triple Flange|Brass/Gold|Light Torch,14,5.5,8,16 - 10mm,Triple Flange,Brass/Gold,Light Torch,1.35,0.56,Lively touch with open detail,1.2198,"Expressive, blooming response",0.896,Balanced Heritage center,2.022,simple:lively-touch-open-detail > shaped:expressive-blooming-response > complex:balanced-heritage-center,4.82,5.18,5.11,5.26,4.92,5.24,4.7,-0.18,0.18,0.11,0.26,-0.08,0.24,-0.3,"A more open Heritage read, where the lighter torch treatment preserves extra liveliness, touch response, and a slightly freer bloom through the shell.","A cleaner, richer Heritage presentation with a lighter TorchTuned imprint that preserves more openness, touch response, and a slightly freer shell reaction, while keeping the shell-first balance intact.",Close to the benchmark Heritage warmth posture; the lighter TorchTune finish preserves more touch response and a freer shell reaction; Triple Flange hoops preserve more of the line’s native openness.
14x5.5 • 8 lugs • 16 - 10mm • Triple Flange • Brass/Gold • Medium Torch,14|5.5|8|16 - 10mm|Triple Flange|Brass/Gold|Medium Torch,14,5.5,8,16 - 10mm,Triple Flange,Brass/Gold,Medium Torch,0,0,Lively touch with open detail,0.399,Rounded body with a clear start,0.399,Balanced Heritage center,3.285,simple:lively-touch-open-detail > shaped:rounded-body-clear-start > complex:balanced-heritage-center,5,5,5,5,5,5,5,0,0,0,0,0,0,0,"A balanced Heritage read with natural openness, grounded body, and classic shell-first response.","A seasoned, richer Heritage presentation with a balanced TorchTuned posture, while keeping the shell-first balance intact.","A balanced all-round Heritage voice with warm body, crisp attack, even projection, and usable control; the Medium Torch benchmark keeps the line centered between openness and control; Triple Flange hoops preserve more of the line’s native openness."
14x5.5 • 8 lugs • 16 - 10mm • Triple Flange • Brass/Gold • Blackened,14|5.5|8|16 - 10mm|Triple Flange|Brass/Gold|Blackened,14,5.5,8,16 - 10mm,Triple Flange,Brass/Gold,Blackened,1.35,0.56,"Compact, quick, lean response",0.5384,Grounded body with directed carry,0.5798,Balanced Heritage center,2.022,simple:compact-quick-lean-response > shaped:grounded-body-directed-carry > complex:balanced-heritage-center,5.18,4.82,4.89,4.74,5.08,4.76,5.3,0.18,-0.18,-0.11,-0.26,0.08,-0.24,0.3,"A compact, TorchTuned Heritage read: still lively from the smaller shell, but darker and more settled than the same build in a lighter finish.","A darker, richer Heritage presentation with a stronger TorchTuned imprint that favors firmer note control, slightly lower sensitivity, and a more unified shell response under heavier treatment, while keeping the shell-first balance intact.",Close to the benchmark Heritage warmth posture; the Blackened finish adds a more contained center and slightly firmer shell behavior; Triple Flange hoops preserve more of the line’s native openness.
14x5.5 • 8 lugs • 16 - 10mm • Die-Cast • Chrome • Light Torch,14|5.5|8|16 - 10mm|Die-Cast|Chrome|Light Torch,14,5.5,8,16 - 10mm,Die-Cast,Chrome,Light Torch,1.4,0.7,"Compact, quick, lean response",1.1404,"Fast, disciplined touch response",0.925,Balanced Heritage center,1.119,simple:compact-quick-lean-response > shaped:fast-disciplined-touch-response > complex:balanced-heritage-center,5.16,5.42,5.32,4.97,4.72,5.02,5.17,0.16,0.42,0.32,-0.03,-0.28,0.02,0.17,"A focused-but-open Heritage read: the die-cast hoops tighten the rim response, while the lighter TorchTune finish keeps more touch, air, and upper-shell liveliness in the voice.","A cleaner, classic Heritage presentation with a lighter TorchTuned imprint that preserves more openness, touch response, and a slightly freer shell reaction, while keeping the shell-first balance intact.",Close to the benchmark Heritage warmth posture; Light Torch keeps more touch and liveliness while the die-cast hoops add rim focus; Die-Cast hoops add focus and containment.
14x5.5 • 8 lugs • 16 - 10mm • Die-Cast • Chrome • Medium Torch,14|5.5|8|16 - 10mm|Die-Cast|Chrome|Medium Torch,14,5.5,8,16 - 10mm,Die-Cast,Chrome,Medium Torch,1.97,0.76,Focused throw with clean shape,1.12,"Fast, disciplined touch response",1.28,Shorter note with firm response,1.6605,simple:focused-throw-clean-shape > shaped:fast-disciplined-touch-response > complex:shorter-note-firm-response,5.34,5.24,5.21,4.71,4.8,4.78,5.47,0.34,0.24,0.21,-0.29,-0.2,-0.22,0.47,"A more focused Heritage read with firmer note shape, cleaner front edge, and tighter overall behavior.","A seasoned, classic Heritage presentation with a balanced TorchTuned posture, while keeping the shell-first balance intact.",Close to the benchmark Heritage warmth posture; the Medium Torch benchmark keeps the line centered between openness and control; Die-Cast hoops add focus and containment.
14x5.5 • 8 lugs • 16 - 10mm • Die-Cast • Chrome • Blackened,14|5.5|8|16 - 10mm|Die-Cast|Chrome|Blackened,14,5.5,8,16 - 10mm,Die-Cast,Chrome,Blackened,2.58,1.32,Focused throw with clean shape,1.266,Grounded body with directed carry,1.2715,"Dark, contained shell shape",2.539,simple:focused-throw-clean-shape > shaped:grounded-body-directed-carry > complex:dark-contained-shell-shape,5.52,5.06,5.1,4.45,4.88,4.54,5.77,0.52,0.06,0.1,-0.55,-0.12,-0.46,0.77,"A more TorchTuned-forward Heritage read, where the heavier scorch treatment adds a firmer center, slightly tighter bloom, and a more settled shell response.","A darker, classic Heritage presentation with a stronger TorchTuned imprint that favors firmer note control, slightly lower sensitivity, and a more unified shell response under heavier treatment, while keeping the shell centered and composed.",Noticeably shifted away from the benchmark Heritage center; the Blackened finish pushes the read toward stronger control and a more disciplined shell response; touch sensitivity is traded for a more locked-in note center; Die-Cast hoops add focus and containment.
14x5.5 • 8 lugs • 16 - 10mm • Die-Cast • Black Nickel • Light Torch,14|5.5|8|16 - 10mm|Die-Cast|Black Nickel|Light Torch,14,5.5,8,16 - 10mm,Die-Cast,Black Nickel,Light Torch,1.4,0.7,"Compact, quick, lean response",1.1404,"Fast, disciplined touch response",0.925,Balanced Heritage center,1.119,simple:compact-quick-lean-response > shaped:fast-disciplined-touch-response > complex:balanced-heritage-center,5.16,5.42,5.32,4.97,4.72,5.02,5.17,0.16,0.42,0.32,-0.03,-0.28,0.02,0.17,"A focused-but-open Heritage read: the die-cast hoops tighten the rim response, while the lighter TorchTune finish keeps more touch, air, and upper-shell liveliness in the voice.","A cleaner, slightly more modern Heritage presentation with a lighter TorchTuned imprint that preserves more openness, touch response, and a slightly freer shell reaction, while keeping the shell-first balance intact.",Close to the benchmark Heritage warmth posture; Light Torch keeps more touch and liveliness while the die-cast hoops add rim focus; Die-Cast hoops add focus and containment.
14x5.5 • 8 lugs • 16 - 10mm • Die-Cast • Black Nickel • Medium Torch,14|5.5|8|16 - 10mm|Die-Cast|Black Nickel|Medium Torch,14,5.5,8,16 - 10mm,Die-Cast,Black Nickel,Medium Torch,1.97,0.76,Focused throw with clean shape,1.12,"Fast, disciplined touch response",1.28,Shorter note with firm response,1.6605,simple:focused-throw-clean-shape > shaped:fast-disciplined-touch-response > complex:shorter-note-firm-response,5.34,5.24,5.21,4.71,4.8,4.78,5.47,0.34,0.24,0.21,-0.29,-0.2,-0.22,0.47,"A more focused Heritage read with firmer note shape, cleaner front edge, and tighter overall behavior.","A seasoned, slightly more modern Heritage presentation with a balanced TorchTuned posture, while keeping the shell-first balance intact.",Close to the benchmark Heritage warmth posture; the Medium Torch benchmark keeps the line centered between openness and control; Die-Cast hoops add focus and containment.
14x5.5 • 8 lugs • 16 - 10mm • Die-Cast • Black Nickel • Blackened,14|5.5|8|16 - 10mm|Die-Cast|Black Nickel|Blackened,14,5.5,8,16 - 10mm,Die-Cast,Black Nickel,Blackened,2.58,1.32,Focused throw with clean shape,1.266,Grounded body with directed carry,1.2715,"Dark, contained shell shape",2.539,simple:focused-throw-clean-shape > shaped:grounded-body-directed-carry > complex:dark-contained-shell-shape,5.52,5.06,5.1,4.45,4.88,4.54,5.77,0.52,0.06,0.1,-0.55,-0.12,-0.46,0.77,"A more TorchTuned-forward Heritage read, where the heavier scorch treatment adds a firmer center, slightly tighter bloom, and a more settled shell response.","A darker, slightly more modern Heritage presentation with a stronger TorchTuned imprint that favors firmer note control, slightly lower sensitivity, and a more unified shell response under heavier treatment, while keeping the shell centered and composed.",Noticeably shifted away from the benchmark Heritage center; the Blackened finish pushes the read toward stronger control and a more disciplined shell response; touch sensitivity is traded for a more locked-in note center; Die-Cast hoops add focus and containment.
14x5.5 • 8 lugs • 16 - 10mm • Die-Cast • Brass/Gold • Light Torch,14|5.5|8|16 - 10mm|Die-Cast|Brass/Gold|Light Torch,14,5.5,8,16 - 10mm,Die-Cast,Brass/Gold,Light Torch,1.4,0.7,"Compact, quick, lean response",1.1404,"Fast, disciplined touch response",0.925,Balanced Heritage center,1.119,simple:compact-quick-lean-response > shaped:fast-disciplined-touch-response > complex:balanced-heritage-center,5.16,5.42,5.32,4.97,4.72,5.02,5.17,0.16,0.42,0.32,-0.03,-0.28,0.02,0.17,"A focused-but-open Heritage read: the die-cast hoops tighten the rim response, while the lighter TorchTune finish keeps more touch, air, and upper-shell liveliness in the voice.","A cleaner, richer Heritage presentation with a lighter TorchTuned imprint that preserves more openness, touch response, and a slightly freer shell reaction, while keeping the shell-first balance intact.",Close to the benchmark Heritage warmth posture; Light Torch keeps more touch and liveliness while the die-cast hoops add rim focus; Die-Cast hoops add focus and containment.
14x5.5 • 8 lugs • 16 - 10mm • Die-Cast • Brass/Gold • Medium Torch,14|5.5|8|16 - 10mm|Die-Cast|Brass/Gold|Medium Torch,14,5.5,8,16 - 10mm,Die-Cast,Brass/Gold,Medium Torch,1.97,0.76,Focused throw with clean shape,1.12,"Fast, disciplined touch response",1.28,Shorter note with firm response,1.6605,simple:focused-throw-clean-shape > shaped:fast-disciplined-touch-response > complex:shorter-note-firm-response,5.34,5.24,5.21,4.71,4.8,4.78,5.47,0.34,0.24,0.21,-0.29,-0.2,-0.22,0.47,"A more focused Heritage read with firmer note shape, cleaner front edge, and tighter overall behavior.","A seasoned, richer Heritage presentation with a balanced TorchTuned posture, while keeping the shell-first balance intact.",Close to the benchmark Heritage warmth posture; the Medium Torch benchmark keeps the line centered between openness and control; Die-Cast hoops add focus and containment.
14x5.5 • 8 lugs • 16 - 10mm • Die-Cast • Brass/Gold • Blackened,14|5.5|8|16 - 10mm|Die-Cast|Brass/Gold|Blackened,14,5.5,8,16 - 10mm,Die-Cast,Brass/Gold,Blackened,2.58,1.32,Focused throw with clean shape,1.266,Grounded body with directed carry,1.2715,"Dark, contained shell shape",2.539,simple:focused-throw-clean-shape > shaped:grounded-body-directed-carry > complex:dark-contained-shell-shape,5.52,5.06,5.1,4.45,4.88,4.54,5.77,0.52,0.06,0.1,-0.55,-0.12,-0.46,0.77,"A more TorchTuned-forward Heritage read, where the heavier scorch treatment adds a firmer center, slightly tighter bloom, and a more settled shell response.","A darker, richer Heritage presentation with a stronger TorchTuned imprint that favors firmer note control, slightly lower sensitivity, and a more unified shell response under heavier treatment, while keeping the shell centered and composed.",Noticeably shifted away from the benchmark Heritage center; the Blackened finish pushes the read toward stronger control and a more disciplined shell response; touch sensitivity is traded for a more locked-in note center; Die-Cast hoops add focus and containment.
14x5.5 • 10 lugs • 20 - 12mm • Triple Flange • Chrome • Light Torch,14|5.5|10|20 - 12mm|Triple Flange|Chrome|Light Torch,14,5.5,10,20 - 12mm,Triple Flange,Chrome,Light Torch,3.66,1.33,Focused throw with clean shape,2.234,"Expressive, blooming response",,Shorter note with firm response,2.3275,simple:focused-throw-clean-shape > shaped:expressive-blooming-response > complex:shorter-note-firm-response,5.68,5.46,5.87,4.55,4.54,4.64,5.38,0.68,0.46,0.87,-0.45,-0.46,-0.36,0.38,"A compact Heritage read with more bite, quicker sustain, leaner body, and a dry, immediate front edge than the reference build.","A cleaner, classic Heritage presentation with a lighter TorchTuned imprint that preserves more openness, touch response, and a slightly freer shell reaction, while keeping the front edge firm and articulate.","Noticeably shifted away from the benchmark Heritage center; a quicker, drier bite with a more defined front edge; stronger outward throw; Triple Flange hoops preserve more of the line’s native openness."
14x5.5 • 10 lugs • 20 - 12mm • Triple Flange • Chrome • Medium Torch,14|5.5|10|20 - 12mm|Triple Flange|Chrome|Medium Torch,14,5.5,10,20 - 12mm,Triple Flange,Chrome,Medium Torch,4.27,1.57,Focused throw with clean shape,2.304,"Expressive, blooming response",,Shorter note with firm response,2.971,simple:focused-throw-clean-shape > shaped:expressive-blooming-response > complex:shorter-note-firm-response,5.86,5.28,5.76,4.29,4.62,4.4,5.68,0.86,0.28,0.76,-0.71,-0.38,-0.6,0.68,"A compact Heritage read with more bite, quicker sustain, leaner body, and a dry, immediate front edge than the reference build.","A seasoned, classic Heritage presentation with a balanced TorchTuned posture, while keeping the front edge firm and articulate.","Noticeably shifted away from the benchmark Heritage center; a quicker, drier bite with a more defined front edge; a shorter, tighter note shape; stronger outward throw; Triple Flange hoops preserve more of the line’s native openness."
14x5.5 • 10 lugs • 20 - 12mm • Triple Flange • Chrome • Blackened,14|5.5|10|20 - 12mm|Triple Flange|Chrome|Blackened,14,5.5,10,20 - 12mm,Triple Flange,Chrome,Blackened,4.88,2.01,Focused throw with clean shape,2.45,Grounded body with directed carry,0.079,Shorter note with firm response,3.7855,simple:focused-throw-clean-shape > shaped:grounded-body-directed-carry > complex:shorter-note-firm-response,6.04,5.1,5.65,4.03,4.7,4.16,5.98,1.04,0.1,0.65,-0.97,-0.3,-0.84,0.98,"A compact, TorchTuned Heritage read: still lively from the smaller shell, but darker and more settled than the same build in a lighter finish.","A darker, classic Heritage presentation with a stronger TorchTuned imprint that favors firmer note control, slightly lower sensitivity, and a more unified shell response under heavier treatment, while keeping the front edge firm and articulate.","Noticeably shifted away from the benchmark Heritage center; a quicker, drier bite with a more defined front edge; a shorter, tighter note shape; stronger outward throw; the Blackened finish pushes the read toward stronger control and a more disciplined shell response."
14x5.5 • 10 lugs • 20 - 12mm • Triple Flange • Black Nickel • Light Torch,14|5.5|10|20 - 12mm|Triple Flange|Black Nickel|Light Torch,14,5.5,10,20 - 12mm,Triple Flange,Black Nickel,Light Torch,3.66,1.33,Focused throw with clean shape,2.234,"Expressive, blooming response",,Shorter note with firm response,2.3275,simple:focused-throw-clean-shape > shaped:expressive-blooming-response > complex:shorter-note-firm-response,5.68,5.46,5.87,4.55,4.54,4.64,5.38,0.68,0.46,0.87,-0.45,-0.46,-0.36,0.38,"A compact Heritage read with more bite, quicker sustain, leaner body, and a dry, immediate front edge than the reference build.","A cleaner, slightly more modern Heritage presentation with a lighter TorchTuned imprint that preserves more openness, touch response, and a slightly freer shell reaction, while keeping the front edge firm and articulate.","Noticeably shifted away from the benchmark Heritage center; a quicker, drier bite with a more defined front edge; stronger outward throw; Triple Flange hoops preserve more of the line’s native openness."
14x5.5 • 10 lugs • 20 - 12mm • Triple Flange • Black Nickel • Medium Torch,14|5.5|10|20 - 12mm|Triple Flange|Black Nickel|Medium Torch,14,5.5,10,20 - 12mm,Triple Flange,Black Nickel,Medium Torch,4.27,1.57,Focused throw with clean shape,2.304,"Expressive, blooming response",,Shorter note with firm response,2.971,simple:focused-throw-clean-shape > shaped:expressive-blooming-response > complex:shorter-note-firm-response,5.86,5.28,5.76,4.29,4.62,4.4,5.68,0.86,0.28,0.76,-0.71,-0.38,-0.6,0.68,"A compact Heritage read with more bite, quicker sustain, leaner body, and a dry, immediate front edge than the reference build.","A seasoned, slightly more modern Heritage presentation with a balanced TorchTuned posture, while keeping the front edge firm and articulate.","Noticeably shifted away from the benchmark Heritage center; a quicker, drier bite with a more defined front edge; a shorter, tighter note shape; stronger outward throw; Triple Flange hoops preserve more of the line’s native openness."
14x5.5 • 10 lugs • 20 - 12mm • Triple Flange • Black Nickel • Blackened,14|5.5|10|20 - 12mm|Triple Flange|Black Nickel|Blackened,14,5.5,10,20 - 12mm,Triple Flange,Black Nickel,Blackened,4.88,2.01,Focused throw with clean shape,2.45,Grounded body with directed carry,0.079,Shorter note with firm response,3.7855,simple:focused-throw-clean-shape > shaped:grounded-body-directed-carry > complex:shorter-note-firm-response,6.04,5.1,5.65,4.03,4.7,4.16,5.98,1.04,0.1,0.65,-0.97,-0.3,-0.84,0.98,"A compact, TorchTuned Heritage read: still lively from the smaller shell, but darker and more settled than the same build in a lighter finish.","A darker, slightly more modern Heritage presentation with a stronger TorchTuned imprint that favors firmer note control, slightly lower sensitivity, and a more unified shell response under heavier treatment, while keeping the front edge firm and articulate.","Noticeably shifted away from the benchmark Heritage center; a quicker, drier bite with a more defined front edge; a shorter, tighter note shape; stronger outward throw; the Blackened finish pushes the read toward stronger control and a more disciplined shell response."
14x5.5 • 10 lugs • 20 - 12mm • Triple Flange • Brass/Gold • Light Torch,14|5.5|10|20 - 12mm|Triple Flange|Brass/Gold|Light Torch,14,5.5,10,20 - 12mm,Triple Flange,Brass/Gold,Light Torch,3.66,1.33,Focused throw with clean shape,2.234,"Expressive, blooming response",,Shorter note with firm response,2.3275,simple:focused-throw-clean-shape > shaped:expressive-blooming-response > complex:shorter-note-firm-response,5.68,5.46,5.87,4.55,4.54,4.64,5.38,0.68,0.46,0.87,-0.45,-0.46,-0.36,0.38,"A compact Heritage read with more bite, quicker sustain, leaner body, and a dry, immediate front edge than the reference build.","A cleaner, richer Heritage presentation with a lighter TorchTuned imprint that preserves more openness, touch response, and a slightly freer shell reaction, while keeping the front edge firm and articulate.","Noticeably shifted away from the benchmark Heritage center; a quicker, drier bite with a more defined front edge; stronger outward throw; Triple Flange hoops preserve more of the line’s native openness."
14x5.5 • 10 lugs • 20 - 12mm • Triple Flange • Brass/Gold • Medium Torch,14|5.5|10|20 - 12mm|Triple Flange|Brass/Gold|Medium Torch,14,5.5,10,20 - 12mm,Triple Flange,Brass/Gold,Medium Torch,4.27,1.57,Focused throw with clean shape,2.304,"Expressive, blooming response",,Shorter note with firm response,2.971,simple:focused-throw-clean-shape > shaped:expressive-blooming-response > complex:shorter-note-firm-response,5.86,5.28,5.76,4.29,4.62,4.4,5.68,0.86,0.28,0.76,-0.71,-0.38,-0.6,0.68,"A compact Heritage read with more bite, quicker sustain, leaner body, and a dry, immediate front edge than the reference build.","A seasoned, richer Heritage presentation with a balanced TorchTuned posture, while keeping the front edge firm and articulate.","Noticeably shifted away from the benchmark Heritage center; a quicker, drier bite with a more defined front edge; a shorter, tighter note shape; stronger outward throw; Triple Flange hoops preserve more of the line’s native openness."
14x5.5 • 10 lugs • 20 - 12mm • Triple Flange • Brass/Gold • Blackened,14|5.5|10|20 - 12mm|Triple Flange|Brass/Gold|Blackened,14,5.5,10,20 - 12mm,Triple Flange,Brass/Gold,Blackened,4.88,2.01,Focused throw with clean shape,2.45,Grounded body with directed carry,0.079,Shorter note with firm response,3.7855,simple:focused-throw-clean-shape > shaped:grounded-body-directed-carry > complex:shorter-note-firm-response,6.04,5.1,5.65,4.03,4.7,4.16,5.98,1.04,0.1,0.65,-0.97,-0.3,-0.84,0.98,"A compact, TorchTuned Heritage read: still lively from the smaller shell, but darker and more settled than the same build in a lighter finish.","A darker, richer Heritage presentation with a stronger TorchTuned imprint that favors firmer note control, slightly lower sensitivity, and a more unified shell response under heavier treatment, while keeping the front edge firm and articulate.","Noticeably shifted away from the benchmark Heritage center; a quicker, drier bite with a more defined front edge; a shorter, tighter note shape; stronger outward throw; the Blackened finish pushes the read toward stronger control and a more disciplined shell response."
14x5.5 • 10 lugs • 20 - 12mm • Die-Cast • Chrome • Light Torch,14|5.5|10|20 - 12mm|Die-Cast|Chrome|Light Torch,14,5.5,10,20 - 12mm,Die-Cast,Chrome,Light Torch,5.62,1.82,Focused throw with clean shape,3.201,"Fast, disciplined touch response",0.1655,Shorter note with firm response,3.9845,simple:focused-throw-clean-shape > shaped:fast-disciplined-touch-response > complex:shorter-note-firm-response,6.01,5.7,6.07,4.25,4.34,4.42,5.85,1.01,0.7,1.07,-0.75,-0.66,-0.58,0.85,"A focused-but-open Heritage read: the die-cast hoops tighten the rim response, while the lighter TorchTune finish keeps more touch, air, and upper-shell liveliness in the voice.","A cleaner, classic Heritage presentation with a lighter TorchTuned imprint that preserves more openness, touch response, and a slightly freer shell reaction, while keeping the front edge firm and articulate.","Leaner and more controlled through the center than the benchmark Heritage build; a quicker, drier bite with a more defined front edge; a shorter, tighter note shape; stronger outward throw; Light Torch keeps more touch and liveliness while the die-cast hoops add rim focus."
14x5.5 • 10 lugs • 20 - 12mm • Die-Cast • Chrome • Medium Torch,14|5.5|10|20 - 12mm|Die-Cast|Chrome|Medium Torch,14,5.5,10,20 - 12mm,Die-Cast,Chrome,Medium Torch,6.23,2.2,Focused throw with clean shape,3.271,Grounded body with directed carry,0.076,Shorter note with firm response,4.628,simple:focused-throw-clean-shape > shaped:grounded-body-directed-carry > complex:shorter-note-firm-response,6.19,5.52,5.96,3.99,4.42,4.18,6.15,1.19,0.52,0.96,-1.01,-0.58,-0.82,1.15,"A more focused Heritage read with firmer note shape, cleaner front edge, and tighter overall behavior.","A seasoned, classic Heritage presentation with a balanced TorchTuned posture, while keeping the front edge firm and articulate.","Leaner and more controlled through the center than the benchmark Heritage build; a quicker, drier bite with a more defined front edge; a shorter, tighter note shape; stronger outward throw; Die-Cast hoops add focus and containment."
14x5.5 • 10 lugs • 20 - 12mm • Die-Cast • Chrome • Blackened,14|5.5|10|20 - 12mm|Die-Cast|Chrome|Blackened,14,5.5,10,20 - 12mm,Die-Cast,Chrome,Blackened,6.84,2.72,Focused throw with clean shape,3.417,Grounded body with directed carry,0.4255,Shorter note with firm response,5.4425,simple:focused-throw-clean-shape > shaped:grounded-body-directed-carry > complex:shorter-note-firm-response,6.37,5.34,5.85,3.73,4.5,3.94,6.45,1.37,0.34,0.85,-1.27,-0.5,-1.06,1.45,"A beefy, high-projection Heritage read with a pronounced crack, firmer die-cast focus, and a drier TorchTuned shell response from the Blackened finish.","A darker, classic Heritage presentation with a stronger TorchTuned imprint that favors firmer note control, slightly lower sensitivity, and a more unified shell response under heavier treatment, while keeping the front edge firm and articulate.","Leaner and more controlled through the center than the benchmark Heritage build; a quicker, drier bite with a more defined front edge; a shorter, tighter note shape; stronger outward throw; the 10-lug 12mm shell adds beef and crack while Die-Cast hoops push projection."
14x5.5 • 10 lugs • 20 - 12mm • Die-Cast • Black Nickel • Light Torch,14|5.5|10|20 - 12mm|Die-Cast|Black Nickel|Light Torch,14,5.5,10,20 - 12mm,Die-Cast,Black Nickel,Light Torch,5.62,1.82,Focused throw with clean shape,3.201,"Fast, disciplined touch response",0.1655,Shorter note with firm response,3.9845,simple:focused-throw-clean-shape > shaped:fast-disciplined-touch-response > complex:shorter-note-firm-response,6.01,5.7,6.07,4.25,4.34,4.42,5.85,1.01,0.7,1.07,-0.75,-0.66,-0.58,0.85,"A focused-but-open Heritage read: the die-cast hoops tighten the rim response, while the lighter TorchTune finish keeps more touch, air, and upper-shell liveliness in the voice.","A cleaner, slightly more modern Heritage presentation with a lighter TorchTuned imprint that preserves more openness, touch response, and a slightly freer shell reaction, while keeping the front edge firm and articulate.","Leaner and more controlled through the center than the benchmark Heritage build; a quicker, drier bite with a more defined front edge; a shorter, tighter note shape; stronger outward throw; Light Torch keeps more touch and liveliness while the die-cast hoops add rim focus."
14x5.5 • 10 lugs • 20 - 12mm • Die-Cast • Black Nickel • Medium Torch,14|5.5|10|20 - 12mm|Die-Cast|Black Nickel|Medium Torch,14,5.5,10,20 - 12mm,Die-Cast,Black Nickel,Medium Torch,6.23,2.2,Focused throw with clean shape,3.271,Grounded body with directed carry,0.076,Shorter note with firm response,4.628,simple:focused-throw-clean-shape > shaped:grounded-body-directed-carry > complex:shorter-note-firm-response,6.19,5.52,5.96,3.99,4.42,4.18,6.15,1.19,0.52,0.96,-1.01,-0.58,-0.82,1.15,"A more focused Heritage read with firmer note shape, cleaner front edge, and tighter overall behavior.","A seasoned, slightly more modern Heritage presentation with a balanced TorchTuned posture, while keeping the front edge firm and articulate.","Leaner and more controlled through the center than the benchmark Heritage build; a quicker, drier bite with a more defined front edge; a shorter, tighter note shape; stronger outward throw; Die-Cast hoops add focus and containment."
14x5.5 • 10 lugs • 20 - 12mm • Die-Cast • Black Nickel • Blackened,14|5.5|10|20 - 12mm|Die-Cast|Black Nickel|Blackened,14,5.5,10,20 - 12mm,Die-Cast,Black Nickel,Blackened,6.84,2.72,Focused throw with clean shape,3.417,Grounded body with directed carry,0.4255,Shorter note with firm response,5.4425,simple:focused-throw-clean-shape > shaped:grounded-body-directed-carry > complex:shorter-note-firm-response,6.37,5.34,5.85,3.73,4.5,3.94,6.45,1.37,0.34,0.85,-1.27,-0.5,-1.06,1.45,"A beefy, high-projection Heritage read with a pronounced crack, firmer die-cast focus, and a drier TorchTuned shell response from the Blackened finish.","A darker, slightly more modern Heritage presentation with a stronger TorchTuned imprint that favors firmer note control, slightly lower sensitivity, and a more unified shell response under heavier treatment, while keeping the front edge firm and articulate.","Leaner and more controlled through the center than the benchmark Heritage build; a quicker, drier bite with a more defined front edge; a shorter, tighter note shape; stronger outward throw; the 10-lug 12mm shell adds beef and crack while Die-Cast hoops push projection."
14x5.5 • 10 lugs • 20 - 12mm • Die-Cast • Brass/Gold • Light Torch,14|5.5|10|20 - 12mm|Die-Cast|Brass/Gold|Light Torch,14,5.5,10,20 - 12mm,Die-Cast,Brass/Gold,Light Torch,5.62,1.82,Focused throw with clean shape,3.201,"Fast, disciplined touch response",0.1655,Shorter note with firm response,3.9845,simple:focused-throw-clean-shape > shaped:fast-disciplined-touch-response > complex:shorter-note-firm-response,6.01,5.7,6.07,4.25,4.34,4.42,5.85,1.01,0.7,1.07,-0.75,-0.66,-0.58,0.85,"A focused-but-open Heritage read: the die-cast hoops tighten the rim response, while the lighter TorchTune finish keeps more touch, air, and upper-shell liveliness in the voice.","A cleaner, richer Heritage presentation with a lighter TorchTuned imprint that preserves more openness, touch response, and a slightly freer shell reaction, while keeping the front edge firm and articulate.","Leaner and more controlled through the center than the benchmark Heritage build; a quicker, drier bite with a more defined front edge; a shorter, tighter note shape; stronger outward throw; Light Torch keeps more touch and liveliness while the die-cast hoops add rim focus."
14x5.5 • 10 lugs • 20 - 12mm • Die-Cast • Brass/Gold • Medium Torch,14|5.5|10|20 - 12mm|Die-Cast|Brass/Gold|Medium Torch,14,5.5,10,20 - 12mm,Die-Cast,Brass/Gold,Medium Torch,6.23,2.2,Focused throw with clean shape,3.271,Grounded body with directed carry,0.076,Shorter note with firm response,4.628,simple:focused-throw-clean-shape > shaped:grounded-body-directed-carry > complex:shorter-note-firm-response,6.19,5.52,5.96,3.99,4.42,4.18,6.15,1.19,0.52,0.96,-1.01,-0.58,-0.82,1.15,"A more focused Heritage read with firmer note shape, cleaner front edge, and tighter overall behavior.","A seasoned, richer Heritage presentation with a balanced TorchTuned posture, while keeping the front edge firm and articulate.","Leaner and more controlled through the center than the benchmark Heritage build; a quicker, drier bite with a more defined front edge; a shorter, tighter note shape; stronger outward throw; Die-Cast hoops add focus and containment."
14x5.5 • 10 lugs • 20 - 12mm • Die-Cast • Brass/Gold • Blackened,14|5.5|10|20 - 12mm|Die-Cast|Brass/Gold|Blackened,14,5.5,10,20 - 12mm,Die-Cast,Brass/Gold,Blackened,6.84,2.72,Focused throw with clean shape,3.417,Grounded body with directed carry,0.4255,Shorter note with firm response,5.4425,simple:focused-throw-clean-shape > shaped:grounded-body-directed-carry > complex:shorter-note-firm-response,6.37,5.34,5.85,3.73,4.5,3.94,6.45,1.37,0.34,0.85,-1.27,-0.5,-1.06,1.45,"A beefy, high-projection Heritage read with a pronounced crack, firmer die-cast focus, and a drier TorchTuned shell response from the Blackened finish.","A darker, richer Heritage presentation with a stronger TorchTuned imprint that favors firmer note control, slightly lower sensitivity, and a more unified shell response under heavier treatment, while keeping the front edge firm and articulate.","Leaner and more controlled through the center than the benchmark Heritage build; a quicker, drier bite with a more defined front edge; a shorter, tighter note shape; stronger outward throw; the 10-lug 12mm shell adds beef and crack while Die-Cast hoops push projection."
14x5.5 • 10 lugs • 10 - 7mm + $150 (Re-Rings Required) • Triple Flange • Chrome • Light Torch,14|5.5|10|10 - 7mm + $150 (Re-Rings Required)|Triple Flange|Chrome|Light Torch,14,5.5,10,10 - 7mm + $150 (Re-Rings Required),Triple Flange,Chrome,Light Torch,2.21,1.18,Lively touch with open detail,1.1175,"Expressive, blooming response",1.518,"Dark, complex Heritage bloom",1.8455,simple:lively-touch-open-detail > shaped:expressive-blooming-response > complex:dark-complex-heritage-bloom,4.57,5.01,4.86,5.63,5.12,5.33,4.45,-0.43,0.01,-0.14,0.63,0.12,0.33,-0.55,"A more open Heritage read, where the lighter torch treatment preserves extra liveliness, touch response, and a slightly freer bloom through the shell.","A cleaner, classic Heritage presentation with a lighter TorchTuned imprint that preserves more openness, touch response, and a slightly freer shell reaction, while keeping the shell-first balance intact.",Noticeably shifted away from the benchmark Heritage center; the lighter TorchTune finish preserves more touch response and a freer shell reaction; the thin re-ring shell adds darker complex overtones and longer sustain; Triple Flange hoops preserve more of the line’s native openness.
14x5.5 • 10 lugs • 10 - 7mm + $150 (Re-Rings Required) • Triple Flange • Chrome • Medium Torch,14|5.5|10|10 - 7mm + $150 (Re-Rings Required)|Triple Flange|Chrome|Medium Torch,14,5.5,10,10 - 7mm + $150 (Re-Rings Required),Triple Flange,Chrome,Medium Torch,1.58,0.62,"Warm, deep settled center",0.7534,Rounded body with a clear start,0.8095,"Dark, complex Heritage bloom",1.4705,simple:warm-deep-settled-center > shaped:rounded-body-clear-start > complex:dark-complex-heritage-bloom,4.75,4.83,4.75,5.37,5.2,5.09,4.75,-0.25,-0.17,-0.25,0.37,0.2,0.09,-0.25,"A balanced Heritage read with natural openness, grounded body, and classic shell-first response.","A seasoned, classic Heritage presentation with a balanced TorchTuned posture, while keeping the shell-first balance intact.",Close to the benchmark Heritage warmth posture; the Medium Torch benchmark keeps the line centered between openness and control; Triple Flange hoops preserve more of the line’s native openness.
14x5.5 • 10 lugs • 10 - 7mm + $150 (Re-Rings Required) • Triple Flange • Chrome • Blackened,14|5.5|10|10 - 7mm + $150 (Re-Rings Required)|Triple Flange|Chrome|Blackened,14,5.5,10,10 - 7mm + $150 (Re-Rings Required),Triple Flange,Chrome,Blackened,1.37,0.64,"Warm, deep settled center",0.4779,"Fast, disciplined touch response",0.4766,Balanced Heritage center,1.581,simple:warm-deep-settled-center > shaped:fast-disciplined-touch-response > complex:balanced-heritage-center,4.93,4.65,4.64,5.11,5.28,4.85,5.05,-0.07,-0.35,-0.36,0.11,0.28,-0.15,0.05,"A compact, TorchTuned Heritage read: still lively from the smaller shell, but darker and more settled than the same build in a lighter finish.","A darker, classic Heritage presentation with a stronger TorchTuned imprint that favors firmer note control, slightly lower sensitivity, and a more unified shell response under heavier treatment, while keeping the shell-first balance intact.",Close to the benchmark Heritage warmth posture; Triple Flange hoops preserve more of the line’s native openness.
14x5.5 • 10 lugs • 10 - 7mm + $150 (Re-Rings Required) • Triple Flange • Black Nickel • Light Torch,14|5.5|10|10 - 7mm + $150 (Re-Rings Required)|Triple Flange|Black Nickel|Light Torch,14,5.5,10,10 - 7mm + $150 (Re-Rings Required),Triple Flange,Black Nickel,Light Torch,2.21,1.18,Lively touch with open detail,1.1175,"Expressive, blooming response",1.518,"Dark, complex Heritage bloom",1.8455,simple:lively-touch-open-detail > shaped:expressive-blooming-response > complex:dark-complex-heritage-bloom,4.57,5.01,4.86,5.63,5.12,5.33,4.45,-0.43,0.01,-0.14,0.63,0.12,0.33,-0.55,"A more open Heritage read, where the lighter torch treatment preserves extra liveliness, touch response, and a slightly freer bloom through the shell.","A cleaner, slightly more modern Heritage presentation with a lighter TorchTuned imprint that preserves more openness, touch response, and a slightly freer shell reaction, while keeping the shell-first balance intact.",Noticeably shifted away from the benchmark Heritage center; the lighter TorchTune finish preserves more touch response and a freer shell reaction; the thin re-ring shell adds darker complex overtones and longer sustain; Triple Flange hoops preserve more of the line’s native openness.
14x5.5 • 10 lugs • 10 - 7mm + $150 (Re-Rings Required) • Triple Flange • Black Nickel • Medium Torch,14|5.5|10|10 - 7mm + $150 (Re-Rings Required)|Triple Flange|Black Nickel|Medium Torch,14,5.5,10,10 - 7mm + $150 (Re-Rings Required),Triple Flange,Black Nickel,Medium Torch,1.58,0.62,"Warm, deep settled center",0.7534,Rounded body with a clear start,0.8095,"Dark, complex Heritage bloom",1.4705,simple:warm-deep-settled-center > shaped:rounded-body-clear-start > complex:dark-complex-heritage-bloom,4.75,4.83,4.75,5.37,5.2,5.09,4.75,-0.25,-0.17,-0.25,0.37,0.2,0.09,-0.25,"A balanced Heritage read with natural openness, grounded body, and classic shell-first response.","A seasoned, slightly more modern Heritage presentation with a balanced TorchTuned posture, while keeping the shell-first balance intact.",Close to the benchmark Heritage warmth posture; the Medium Torch benchmark keeps the line centered between openness and control; Triple Flange hoops preserve more of the line’s native openness.
14x5.5 • 10 lugs • 10 - 7mm + $150 (Re-Rings Required) • Triple Flange • Black Nickel • Blackened,14|5.5|10|10 - 7mm + $150 (Re-Rings Required)|Triple Flange|Black Nickel|Blackened,14,5.5,10,10 - 7mm + $150 (Re-Rings Required),Triple Flange,Black Nickel,Blackened,1.37,0.64,"Warm, deep settled center",0.4779,"Fast, disciplined touch response",0.4766,Balanced Heritage center,1.581,simple:warm-deep-settled-center > shaped:fast-disciplined-touch-response > complex:balanced-heritage-center,4.93,4.65,4.64,5.11,5.28,4.85,5.05,-0.07,-0.35,-0.36,0.11,0.28,-0.15,0.05,"A compact, TorchTuned Heritage read: still lively from the smaller shell, but darker and more settled than the same build in a lighter finish.","A darker, slightly more modern Heritage presentation with a stronger TorchTuned imprint that favors firmer note control, slightly lower sensitivity, and a more unified shell response under heavier treatment, while keeping the shell-first balance intact.",Close to the benchmark Heritage warmth posture; Triple Flange hoops preserve more of the line’s native openness.
14x5.5 • 10 lugs • 10 - 7mm + $150 (Re-Rings Required) • Triple Flange • Brass/Gold • Light Torch,14|5.5|10|10 - 7mm + $150 (Re-Rings Required)|Triple Flange|Brass/Gold|Light Torch,14,5.5,10,10 - 7mm + $150 (Re-Rings Required),Triple Flange,Brass/Gold,Light Torch,2.21,1.18,Lively touch with open detail,1.1175,"Expressive, blooming response",1.518,"Dark, complex Heritage bloom",1.8455,simple:lively-touch-open-detail > shaped:expressive-blooming-response > complex:dark-complex-heritage-bloom,4.57,5.01,4.86,5.63,5.12,5.33,4.45,-0.43,0.01,-0.14,0.63,0.12,0.33,-0.55,"A more open Heritage read, where the lighter torch treatment preserves extra liveliness, touch response, and a slightly freer bloom through the shell.","A cleaner, richer Heritage presentation with a lighter TorchTuned imprint that preserves more openness, touch response, and a slightly freer shell reaction, while keeping the shell-first balance intact.",Noticeably shifted away from the benchmark Heritage center; the lighter TorchTune finish preserves more touch response and a freer shell reaction; the thin re-ring shell adds darker complex overtones and longer sustain; Triple Flange hoops preserve more of the line’s native openness.
14x5.5 • 10 lugs • 10 - 7mm + $150 (Re-Rings Required) • Triple Flange • Brass/Gold • Medium Torch,14|5.5|10|10 - 7mm + $150 (Re-Rings Required)|Triple Flange|Brass/Gold|Medium Torch,14,5.5,10,10 - 7mm + $150 (Re-Rings Required),Triple Flange,Brass/Gold,Medium Torch,1.58,0.62,"Warm, deep settled center",0.7534,Rounded body with a clear start,0.8095,"Dark, complex Heritage bloom",1.4705,simple:warm-deep-settled-center > shaped:rounded-body-clear-start > complex:dark-complex-heritage-bloom,4.75,4.83,4.75,5.37,5.2,5.09,4.75,-0.25,-0.17,-0.25,0.37,0.2,0.09,-0.25,"A balanced Heritage read with natural openness, grounded body, and classic shell-first response.","A seasoned, richer Heritage presentation with a balanced TorchTuned posture, while keeping the shell-first balance intact.",Close to the benchmark Heritage warmth posture; the Medium Torch benchmark keeps the line centered between openness and control; Triple Flange hoops preserve more of the line’s native openness.
14x5.5 • 10 lugs • 10 - 7mm + $150 (Re-Rings Required) • Triple Flange • Brass/Gold • Blackened,14|5.5|10|10 - 7mm + $150 (Re-Rings Required)|Triple Flange|Brass/Gold|Blackened,14,5.5,10,10 - 7mm + $150 (Re-Rings Required),Triple Flange,Brass/Gold,Blackened,1.37,0.64,"Warm, deep settled center",0.4779,"Fast, disciplined touch response",0.4766,Balanced Heritage center,1.581,simple:warm-deep-settled-center > shaped:fast-disciplined-touch-response > complex:balanced-heritage-center,4.93,4.65,4.64,5.11,5.28,4.85,5.05,-0.07,-0.35,-0.36,0.11,0.28,-0.15,0.05,"A compact, TorchTuned Heritage read: still lively from the smaller shell, but darker and more settled than the same build in a lighter finish.","A darker, richer Heritage presentation with a stronger TorchTuned imprint that favors firmer note control, slightly lower sensitivity, and a more unified shell response under heavier treatment, while keeping the shell-first balance intact.",Close to the benchmark Heritage warmth posture; Triple Flange hoops preserve more of the line’s native openness.
14x5.5 • 10 lugs • 10 - 7mm + $150 (Re-Rings Required) • Die-Cast • Chrome • Light Torch,14|5.5|10|10 - 7mm + $150 (Re-Rings Required)|Die-Cast|Chrome|Light Torch,14,5.5,10,10 - 7mm + $150 (Re-Rings Required),Die-Cast,Chrome,Light Torch,1.03,0.44,Focused throw with clean shape,1.0598,"Fast, disciplined touch response",0.9824,Balanced Heritage center,2.9385,simple:focused-throw-clean-shape > shaped:fast-disciplined-touch-response > complex:balanced-heritage-center,4.89,5.25,5.06,5.32,4.91,5.08,4.88,-0.11,0.25,0.06,0.32,-0.09,0.08,-0.12,"A focused-but-open Heritage read: the die-cast hoops tighten the rim response, while the lighter TorchTune finish keeps more touch, air, and upper-shell liveliness in the voice.","A cleaner, classic Heritage presentation with a lighter TorchTuned imprint that preserves more openness, touch response, and a slightly freer shell reaction, while keeping the shell-first balance intact.",Close to the benchmark Heritage warmth posture; Light Torch keeps more touch and liveliness while the die-cast hoops add rim focus; the thin re-ring shell adds darker complex overtones and longer sustain; Die-Cast hoops add focus and containment.
14x5.5 • 10 lugs • 10 - 7mm + $150 (Re-Rings Required) • Die-Cast • Chrome • Medium Torch,14|5.5|10|10 - 7mm + $150 (Re-Rings Required)|Die-Cast|Chrome|Medium Torch,14,5.5,10,10 - 7mm + $150 (Re-Rings Required),Die-Cast,Chrome,Medium Torch,0.6,0.34,Focused throw with clean shape,1.0574,"Fast, disciplined touch response",0.979,Balanced Heritage center,3.0055,simple:focused-throw-clean-shape > shaped:fast-disciplined-touch-response > complex:balanced-heritage-center,5.07,5.07,4.95,5.06,4.99,4.84,5.18,0.07,0.07,-0.05,0.06,-0.01,-0.16,0.18,"A more focused Heritage read with firmer note shape, cleaner front edge, and tighter overall behavior.","A seasoned, classic Heritage presentation with a balanced TorchTuned posture, while keeping the shell-first balance intact.",Close to the benchmark Heritage warmth posture; the Medium Torch benchmark keeps the line centered between openness and control; Die-Cast hoops add focus and containment.
14x5.5 • 10 lugs • 10 - 7mm + $150 (Re-Rings Required) • Die-Cast • Chrome • Blackened,14|5.5|10|10 - 7mm + $150 (Re-Rings Required)|Die-Cast|Chrome|Blackened,14,5.5,10,10 - 7mm + $150 (Re-Rings Required),Die-Cast,Chrome,Blackened,1.67,0.88,Focused throw with clean shape,1.333,Grounded body with directed carry,1.181,"Dark, contained shell shape",2.3025,simple:focused-throw-clean-shape > shaped:grounded-body-directed-carry > complex:dark-contained-shell-shape,5.25,4.89,4.84,4.8,5.07,4.6,5.48,0.25,-0.11,-0.16,-0.2,0.07,-0.4,0.48,"A more TorchTuned-forward Heritage read, where the heavier scorch treatment adds a firmer center, slightly tighter bloom, and a more settled shell response.","A darker, classic Heritage presentation with a stronger TorchTuned imprint that favors firmer note control, slightly lower sensitivity, and a more unified shell response under heavier treatment, while keeping the shell-first balance intact.",Close to the benchmark Heritage warmth posture; the Blackened finish pushes the read toward stronger control and a more disciplined shell response; Die-Cast hoops add focus and containment.
14x5.5 • 10 lugs • 10 - 7mm + $150 (Re-Rings Required) • Die-Cast • Black Nickel • Light Torch,14|5.5|10|10 - 7mm + $150 (Re-Rings Required)|Die-Cast|Black Nickel|Light Torch,14,5.5,10,10 - 7mm + $150 (Re-Rings Required),Die-Cast,Black Nickel,Light Torch,1.03,0.44,Focused throw with clean shape,1.0598,"Fast, disciplined touch response",0.9824,Balanced Heritage center,2.9385,simple:focused-throw-clean-shape > shaped:fast-disciplined-touch-response > complex:balanced-heritage-center,4.89,5.25,5.06,5.32,4.91,5.08,4.88,-0.11,0.25,0.06,0.32,-0.09,0.08,-0.12,"A focused-but-open Heritage read: the die-cast hoops tighten the rim response, while the lighter TorchTune finish keeps more touch, air, and upper-shell liveliness in the voice.","A cleaner, slightly more modern Heritage presentation with a lighter TorchTuned imprint that preserves more openness, touch response, and a slightly freer shell reaction, while keeping the shell-first balance intact.",Close to the benchmark Heritage warmth posture; Light Torch keeps more touch and liveliness while the die-cast hoops add rim focus; the thin re-ring shell adds darker complex overtones and longer sustain; Die-Cast hoops add focus and containment.
14x5.5 • 10 lugs • 10 - 7mm + $150 (Re-Rings Required) • Die-Cast • Black Nickel • Medium Torch,14|5.5|10|10 - 7mm + $150 (Re-Rings Required)|Die-Cast|Black Nickel|Medium Torch,14,5.5,10,10 - 7mm + $150 (Re-Rings Required),Die-Cast,Black Nickel,Medium Torch,0.6,0.34,Focused throw with clean shape,1.0574,"Fast, disciplined touch response",0.979,Balanced Heritage center,3.0055,simple:focused-throw-clean-shape > shaped:fast-disciplined-touch-response > complex:balanced-heritage-center,5.07,5.07,4.95,5.06,4.99,4.84,5.18,0.07,0.07,-0.05,0.06,-0.01,-0.16,0.18,"A more focused Heritage read with firmer note shape, cleaner front edge, and tighter overall behavior.","A seasoned, slightly more modern Heritage presentation with a balanced TorchTuned posture, while keeping the shell-first balance intact.",Close to the benchmark Heritage warmth posture; the Medium Torch benchmark keeps the line centered between openness and control; Die-Cast hoops add focus and containment.
14x5.5 • 10 lugs • 10 - 7mm + $150 (Re-Rings Required) • Die-Cast • Black Nickel • Blackened,14|5.5|10|10 - 7mm + $150 (Re-Rings Required)|Die-Cast|Black Nickel|Blackened,14,5.5,10,10 - 7mm + $150 (Re-Rings Required),Die-Cast,Black Nickel,Blackened,1.67,0.88,Focused throw with clean shape,1.333,Grounded body with directed carry,1.181,"Dark, contained shell shape",2.3025,simple:focused-throw-clean-shape > shaped:grounded-body-directed-carry > complex:dark-contained-shell-shape,5.25,4.89,4.84,4.8,5.07,4.6,5.48,0.25,-0.11,-0.16,-0.2,0.07,-0.4,0.48,"A more TorchTuned-forward Heritage read, where the heavier scorch treatment adds a firmer center, slightly tighter bloom, and a more settled shell response.","A darker, slightly more modern Heritage presentation with a stronger TorchTuned imprint that favors firmer note control, slightly lower sensitivity, and a more unified shell response under heavier treatment, while keeping the shell-first balance intact.",Close to the benchmark Heritage warmth posture; the Blackened finish pushes the read toward stronger control and a more disciplined shell response; Die-Cast hoops add focus and containment.
14x5.5 • 10 lugs • 10 - 7mm + $150 (Re-Rings Required) • Die-Cast • Brass/Gold • Light Torch,14|5.5|10|10 - 7mm + $150 (Re-Rings Required)|Die-Cast|Brass/Gold|Light Torch,14,5.5,10,10 - 7mm + $150 (Re-Rings Required),Die-Cast,Brass/Gold,Light Torch,1.03,0.44,Focused throw with clean shape,1.0598,"Fast, disciplined touch response",0.9824,Balanced Heritage center,2.9385,simple:focused-throw-clean-shape > shaped:fast-disciplined-touch-response > complex:balanced-heritage-center,4.89,5.25,5.06,5.32,4.91,5.08,4.88,-0.11,0.25,0.06,0.32,-0.09,0.08,-0.12,"A focused-but-open Heritage read: the die-cast hoops tighten the rim response, while the lighter TorchTune finish keeps more touch, air, and upper-shell liveliness in the voice.","A cleaner, richer Heritage presentation with a lighter TorchTuned imprint that preserves more openness, touch response, and a slightly freer shell reaction, while keeping the shell-first balance intact.",Close to the benchmark Heritage warmth posture; Light Torch keeps more touch and liveliness while the die-cast hoops add rim focus; the thin re-ring shell adds darker complex overtones and longer sustain; Die-Cast hoops add focus and containment.
14x5.5 • 10 lugs • 10 - 7mm + $150 (Re-Rings Required) • Die-Cast • Brass/Gold • Medium Torch,14|5.5|10|10 - 7mm + $150 (Re-Rings Required)|Die-Cast|Brass/Gold|Medium Torch,14,5.5,10,10 - 7mm + $150 (Re-Rings Required),Die-Cast,Brass/Gold,Medium Torch,0.6,0.34,Focused throw with clean shape,1.0574,"Fast, disciplined touch response",0.979,Balanced Heritage center,3.0055,simple:focused-throw-clean-shape > shaped:fast-disciplined-touch-response > complex:balanced-heritage-center,5.07,5.07,4.95,5.06,4.99,4.84,5.18,0.07,0.07,-0.05,0.06,-0.01,-0.16,0.18,"A more focused Heritage read with firmer note shape, cleaner front edge, and tighter overall behavior.","A seasoned, richer Heritage presentation with a balanced TorchTuned posture, while keeping the shell-first balance intact.",Close to the benchmark Heritage warmth posture; the Medium Torch benchmark keeps the line centered between openness and control; Die-Cast hoops add focus and containment.
14x5.5 • 10 lugs • 10 - 7mm + $150 (Re-Rings Required) • Die-Cast • Brass/Gold • Blackened,14|5.5|10|10 - 7mm + $150 (Re-Rings Required)|Die-Cast|Brass/Gold|Blackened,14,5.5,10,10 - 7mm + $150 (Re-Rings Required),Die-Cast,Brass/Gold,Blackened,1.67,0.88,Focused throw with clean shape,1.333,Grounded body with directed carry,1.181,"Dark, contained shell shape",2.3025,simple:focused-throw-clean-shape > shaped:grounded-body-directed-carry > complex:dark-contained-shell-shape,5.25,4.89,4.84,4.8,5.07,4.6,5.48,0.25,-0.11,-0.16,-0.2,0.07,-0.4,0.48,"A more TorchTuned-forward Heritage read, where the heavier scorch treatment adds a firmer center, slightly tighter bloom, and a more settled shell response.","A darker, richer Heritage presentation with a stronger TorchTuned imprint that favors firmer note control, slightly lower sensitivity, and a more unified shell response under heavier treatment, while keeping the shell-first balance intact.",Close to the benchmark Heritage warmth posture; the Blackened finish pushes the read toward stronger control and a more disciplined shell response; Die-Cast hoops add focus and containment.
14x6.0 • 8 lugs • 16 - 10mm • Triple Flange • Chrome • Light Torch,14|6.0|8|16 - 10mm|Triple Flange|Chrome|Light Torch,14,6.0,8,16 - 10mm,Triple Flange,Chrome,Light Torch,1.65,0.77,Lively touch with open detail,1.0275,Rounded body with a clear start,1.4065,"Wide, open Heritage bloom",1.1215,simple:lively-touch-open-detail > shaped:rounded-body-clear-start > complex:wide-open-heritage-bloom,4.71,5.09,5.18,5.45,5.11,5.21,4.68,-0.29,0.09,0.18,0.45,0.11,0.21,-0.32,"A more open Heritage read, where the lighter torch treatment preserves extra liveliness, touch response, and a slightly freer bloom through the shell.","A cleaner, classic Heritage presentation with a lighter TorchTuned imprint that preserves more openness, touch response, and a slightly freer shell reaction, while keeping the shell-first balance intact.",Close to the benchmark Heritage warmth posture; the lighter TorchTune finish preserves more touch response and a freer shell reaction; Triple Flange hoops preserve more of the line’s native openness.
14x6.0 • 8 lugs • 16 - 10mm • Triple Flange • Chrome • Medium Torch,14|6.0|8|16 - 10mm|Triple Flange|Chrome|Medium Torch,14,6.0,8,16 - 10mm,Triple Flange,Chrome,Medium Torch,0.7,0.3,"Warm, deep settled center",0.4803,Rounded body with a clear start,1.1854,Balanced Heritage center,2.9245,simple:warm-deep-settled-center > shaped:rounded-body-clear-start > complex:balanced-heritage-center,4.89,4.91,5.07,5.19,5.19,4.97,4.98,-0.11,-0.09,0.07,0.19,0.19,-0.03,-0.02,"A balanced Heritage read with natural openness, grounded body, and classic shell-first response.","A seasoned, classic Heritage presentation with a balanced TorchTuned posture, while keeping the shell-first balance intact.",Close to the benchmark Heritage warmth posture; the Medium Torch benchmark keeps the line centered between openness and control; Triple Flange hoops preserve more of the line’s native openness.
14x6.0 • 8 lugs • 16 - 10mm • Triple Flange • Chrome • Blackened,14|6.0|8|16 - 10mm|Triple Flange|Chrome|Blackened,14,6.0,8,16 - 10mm,Triple Flange,Chrome,Blackened,1.27,0.55,Focused throw with clean shape,0.4416,Rounded body with a clear start,0.9806,Balanced Heritage center,2.3055,simple:focused-throw-clean-shape > shaped:rounded-body-clear-start > complex:balanced-heritage-center,5.07,4.73,4.96,4.93,5.27,4.73,5.28,0.07,-0.27,-0.04,-0.07,0.27,-0.27,0.28,"A more TorchTuned-forward Heritage read, where the heavier scorch treatment adds a firmer center, slightly tighter bloom, and a more settled shell response.","A darker, classic Heritage presentation with a stronger TorchTuned imprint that favors firmer note control, slightly lower sensitivity, and a more unified shell response under heavier treatment, while keeping the shell-first balance intact.",Close to the benchmark Heritage warmth posture; the Blackened finish adds a more contained center and slightly firmer shell behavior; Triple Flange hoops preserve more of the line’s native openness.
14x6.0 • 8 lugs • 16 - 10mm • Triple Flange • Black Nickel • Light Torch,14|6.0|8|16 - 10mm|Triple Flange|Black Nickel|Light Torch,14,6.0,8,16 - 10mm,Triple Flange,Black Nickel,Light Torch,1.65,0.77,Lively touch with open detail,1.0275,Rounded body with a clear start,1.4065,"Wide, open Heritage bloom",1.1215,simple:lively-touch-open-detail > shaped:rounded-body-clear-start > complex:wide-open-heritage-bloom,4.71,5.09,5.18,5.45,5.11,5.21,4.68,-0.29,0.09,0.18,0.45,0.11,0.21,-0.32,"A more open Heritage read, where the lighter torch treatment preserves extra liveliness, touch response, and a slightly freer bloom through the shell.","A cleaner, slightly more modern Heritage presentation with a lighter TorchTuned imprint that preserves more openness, touch response, and a slightly freer shell reaction, while keeping the shell-first balance intact.",Close to the benchmark Heritage warmth posture; the lighter TorchTune finish preserves more touch response and a freer shell reaction; Triple Flange hoops preserve more of the line’s native openness.
14x6.0 • 8 lugs • 16 - 10mm • Triple Flange • Black Nickel • Medium Torch,14|6.0|8|16 - 10mm|Triple Flange|Black Nickel|Medium Torch,14,6.0,8,16 - 10mm,Triple Flange,Black Nickel,Medium Torch,0.7,0.3,"Warm, deep settled center",0.4803,Rounded body with a clear start,1.1854,Balanced Heritage center,2.9245,simple:warm-deep-settled-center > shaped:rounded-body-clear-start > complex:balanced-heritage-center,4.89,4.91,5.07,5.19,5.19,4.97,4.98,-0.11,-0.09,0.07,0.19,0.19,-0.03,-0.02,"A balanced Heritage read with natural openness, grounded body, and classic shell-first response.","A seasoned, slightly more modern Heritage presentation with a balanced TorchTuned posture, while keeping the shell-first balance intact.",Close to the benchmark Heritage warmth posture; the Medium Torch benchmark keeps the line centered between openness and control; Triple Flange hoops preserve more of the line’s native openness.
14x6.0 • 8 lugs • 16 - 10mm • Triple Flange • Black Nickel • Blackened,14|6.0|8|16 - 10mm|Triple Flange|Black Nickel|Blackened,14,6.0,8,16 - 10mm,Triple Flange,Black Nickel,Blackened,1.27,0.55,Focused throw with clean shape,0.4416,Rounded body with a clear start,0.9806,Balanced Heritage center,2.3055,simple:focused-throw-clean-shape > shaped:rounded-body-clear-start > complex:balanced-heritage-center,5.07,4.73,4.96,4.93,5.27,4.73,5.28,0.07,-0.27,-0.04,-0.07,0.27,-0.27,0.28,"A more TorchTuned-forward Heritage read, where the heavier scorch treatment adds a firmer center, slightly tighter bloom, and a more settled shell response.","A darker, slightly more modern Heritage presentation with a stronger TorchTuned imprint that favors firmer note control, slightly lower sensitivity, and a more unified shell response under heavier treatment, while keeping the shell-first balance intact.",Close to the benchmark Heritage warmth posture; the Blackened finish adds a more contained center and slightly firmer shell behavior; Triple Flange hoops preserve more of the line’s native openness.
14x6.0 • 8 lugs • 16 - 10mm • Triple Flange • Brass/Gold • Light Torch,14|6.0|8|16 - 10mm|Triple Flange|Brass/Gold|Light Torch,14,6.0,8,16 - 10mm,Triple Flange,Brass/Gold,Light Torch,1.65,0.77,Lively touch with open detail,1.0275,Rounded body with a clear start,1.4065,"Wide, open Heritage bloom",1.1215,simple:lively-touch-open-detail > shaped:rounded-body-clear-start > complex:wide-open-heritage-bloom,4.71,5.09,5.18,5.45,5.11,5.21,4.68,-0.29,0.09,0.18,0.45,0.11,0.21,-0.32,"A more open Heritage read, where the lighter torch treatment preserves extra liveliness, touch response, and a slightly freer bloom through the shell.","A cleaner, richer Heritage presentation with a lighter TorchTuned imprint that preserves more openness, touch response, and a slightly freer shell reaction, while keeping the shell-first balance intact.",Close to the benchmark Heritage warmth posture; the lighter TorchTune finish preserves more touch response and a freer shell reaction; Triple Flange hoops preserve more of the line’s native openness.
14x6.0 • 8 lugs • 16 - 10mm • Triple Flange • Brass/Gold • Medium Torch,14|6.0|8|16 - 10mm|Triple Flange|Brass/Gold|Medium Torch,14,6.0,8,16 - 10mm,Triple Flange,Brass/Gold,Medium Torch,0.7,0.3,"Warm, deep settled center",0.4803,Rounded body with a clear start,1.1854,Balanced Heritage center,2.9245,simple:warm-deep-settled-center > shaped:rounded-body-clear-start > complex:balanced-heritage-center,4.89,4.91,5.07,5.19,5.19,4.97,4.98,-0.11,-0.09,0.07,0.19,0.19,-0.03,-0.02,"A balanced Heritage read with natural openness, grounded body, and classic shell-first response.","A seasoned, richer Heritage presentation with a balanced TorchTuned posture, while keeping the shell-first balance intact.",Close to the benchmark Heritage warmth posture; the Medium Torch benchmark keeps the line centered between openness and control; Triple Flange hoops preserve more of the line’s native openness.
14x6.0 • 8 lugs • 16 - 10mm • Triple Flange • Brass/Gold • Blackened,14|6.0|8|16 - 10mm|Triple Flange|Brass/Gold|Blackened,14,6.0,8,16 - 10mm,Triple Flange,Brass/Gold,Blackened,1.27,0.55,Focused throw with clean shape,0.4416,Rounded body with a clear start,0.9806,Balanced Heritage center,2.3055,simple:focused-throw-clean-shape > shaped:rounded-body-clear-start > complex:balanced-heritage-center,5.07,4.73,4.96,4.93,5.27,4.73,5.28,0.07,-0.27,-0.04,-0.07,0.27,-0.27,0.28,"A more TorchTuned-forward Heritage read, where the heavier scorch treatment adds a firmer center, slightly tighter bloom, and a more settled shell response.","A darker, richer Heritage presentation with a stronger TorchTuned imprint that favors firmer note control, slightly lower sensitivity, and a more unified shell response under heavier treatment, while keeping the shell-first balance intact.",Close to the benchmark Heritage warmth posture; the Blackened finish adds a more contained center and slightly firmer shell behavior; Triple Flange hoops preserve more of the line’s native openness.
14x6.0 • 8 lugs • 16 - 10mm • Die-Cast • Chrome • Light Torch,14|6.0|8|16 - 10mm|Die-Cast|Chrome|Light Torch,14,6.0,8,16 - 10mm,Die-Cast,Chrome,Light Torch,1.14,0.48,Focused throw with clean shape,1.1194,Grounded body with directed carry,0.9359,Balanced Heritage center,2.6775,simple:focused-throw-clean-shape > shaped:grounded-body-directed-carry > complex:balanced-heritage-center,5.04,5.32,5.39,5.14,4.91,4.99,5.15,0.04,0.32,0.39,0.14,-0.09,-0.01,0.15,"A focused-but-open Heritage read: the die-cast hoops tighten the rim response, while the lighter TorchTune finish keeps more touch, air, and upper-shell liveliness in the voice.","A cleaner, classic Heritage presentation with a lighter TorchTuned imprint that preserves more openness, touch response, and a slightly freer shell reaction, while keeping the shell-first balance intact.",Close to the benchmark Heritage warmth posture; Light Torch keeps more touch and liveliness while the die-cast hoops add rim focus; Die-Cast hoops add focus and containment.
14x6.0 • 8 lugs • 16 - 10mm • Die-Cast • Chrome • Medium Torch,14|6.0|8|16 - 10mm|Die-Cast|Chrome|Medium Torch,14,6.0,8,16 - 10mm,Die-Cast,Chrome,Medium Torch,1.47,0.7,Focused throw with clean shape,1.241,Grounded body with directed carry,1.1525,Shorter note with firm response,1.413,simple:focused-throw-clean-shape > shaped:grounded-body-directed-carry > complex:shorter-note-firm-response,5.22,5.14,5.28,4.88,4.99,4.75,5.45,0.22,0.14,0.28,-0.12,-0.01,-0.25,0.45,"A more focused Heritage read with firmer note shape, cleaner front edge, and tighter overall behavior.","A seasoned, classic Heritage presentation with a balanced TorchTuned posture, while keeping the shell-first balance intact.",Close to the benchmark Heritage warmth posture; the Medium Torch benchmark keeps the line centered between openness and control; Die-Cast hoops add focus and containment.
14x6.0 • 8 lugs • 16 - 10mm • Die-Cast • Chrome • Blackened,14|6.0|8|16 - 10mm|Die-Cast|Chrome|Blackened,14,6.0,8,16 - 10mm,Die-Cast,Chrome,Blackened,2.3,1.24,Focused throw with clean shape,1.387,Grounded body with directed carry,1.384,"Dark, contained shell shape",2.4565,simple:focused-throw-clean-shape > shaped:grounded-body-directed-carry > complex:dark-contained-shell-shape,5.4,4.96,5.17,4.62,5.07,4.51,5.75,0.4,-0.04,0.17,-0.38,0.07,-0.49,0.75,"A more TorchTuned-forward Heritage read, where the heavier scorch treatment adds a firmer center, slightly tighter bloom, and a more settled shell response.","A darker, classic Heritage presentation with a stronger TorchTuned imprint that favors firmer note control, slightly lower sensitivity, and a more unified shell response under heavier treatment, while keeping the shell centered and composed.",Noticeably shifted away from the benchmark Heritage center; the Blackened finish pushes the read toward stronger control and a more disciplined shell response; touch sensitivity is traded for a more locked-in note center; Die-Cast hoops add focus and containment.
14x6.0 • 8 lugs • 16 - 10mm • Die-Cast • Black Nickel • Light Torch,14|6.0|8|16 - 10mm|Die-Cast|Black Nickel|Light Torch,14,6.0,8,16 - 10mm,Die-Cast,Black Nickel,Light Torch,1.14,0.48,Focused throw with clean shape,1.1194,Grounded body with directed carry,0.9359,Balanced Heritage center,2.6775,simple:focused-throw-clean-shape > shaped:grounded-body-directed-carry > complex:balanced-heritage-center,5.04,5.32,5.39,5.14,4.91,4.99,5.15,0.04,0.32,0.39,0.14,-0.09,-0.01,0.15,"A focused-but-open Heritage read: the die-cast hoops tighten the rim response, while the lighter TorchTune finish keeps more touch, air, and upper-shell liveliness in the voice.","A cleaner, slightly more modern Heritage presentation with a lighter TorchTuned imprint that preserves more openness, touch response, and a slightly freer shell reaction, while keeping the shell-first balance intact.",Close to the benchmark Heritage warmth posture; Light Torch keeps more touch and liveliness while the die-cast hoops add rim focus; Die-Cast hoops add focus and containment.
14x6.0 • 8 lugs • 16 - 10mm • Die-Cast • Black Nickel • Medium Torch,14|6.0|8|16 - 10mm|Die-Cast|Black Nickel|Medium Torch,14,6.0,8,16 - 10mm,Die-Cast,Black Nickel,Medium Torch,1.47,0.7,Focused throw with clean shape,1.241,Grounded body with directed carry,1.1525,Shorter note with firm response,1.413,simple:focused-throw-clean-shape > shaped:grounded-body-directed-carry > complex:shorter-note-firm-response,5.22,5.14,5.28,4.88,4.99,4.75,5.45,0.22,0.14,0.28,-0.12,-0.01,-0.25,0.45,"A more focused Heritage read with firmer note shape, cleaner front edge, and tighter overall behavior.","A seasoned, slightly more modern Heritage presentation with a balanced TorchTuned posture, while keeping the shell-first balance intact.",Close to the benchmark Heritage warmth posture; the Medium Torch benchmark keeps the line centered between openness and control; Die-Cast hoops add focus and containment.
14x6.0 • 8 lugs • 16 - 10mm • Die-Cast • Black Nickel • Blackened,14|6.0|8|16 - 10mm|Die-Cast|Black Nickel|Blackened,14,6.0,8,16 - 10mm,Die-Cast,Black Nickel,Blackened,2.3,1.24,Focused throw with clean shape,1.387,Grounded body with directed carry,1.384,"Dark, contained shell shape",2.4565,simple:focused-throw-clean-shape > shaped:grounded-body-directed-carry > complex:dark-contained-shell-shape,5.4,4.96,5.17,4.62,5.07,4.51,5.75,0.4,-0.04,0.17,-0.38,0.07,-0.49,0.75,"A more TorchTuned-forward Heritage read, where the heavier scorch treatment adds a firmer center, slightly tighter bloom, and a more settled shell response.","A darker, slightly more modern Heritage presentation with a stronger TorchTuned imprint that favors firmer note control, slightly lower sensitivity, and a more unified shell response under heavier treatment, while keeping the shell centered and composed.",Noticeably shifted away from the benchmark Heritage center; the Blackened finish pushes the read toward stronger control and a more disciplined shell response; touch sensitivity is traded for a more locked-in note center; Die-Cast hoops add focus and containment.
14x6.0 • 8 lugs • 16 - 10mm • Die-Cast • Brass/Gold • Light Torch,14|6.0|8|16 - 10mm|Die-Cast|Brass/Gold|Light Torch,14,6.0,8,16 - 10mm,Die-Cast,Brass/Gold,Light Torch,1.14,0.48,Focused throw with clean shape,1.1194,Grounded body with directed carry,0.9359,Balanced Heritage center,2.6775,simple:focused-throw-clean-shape > shaped:grounded-body-directed-carry > complex:balanced-heritage-center,5.04,5.32,5.39,5.14,4.91,4.99,5.15,0.04,0.32,0.39,0.14,-0.09,-0.01,0.15,"A focused-but-open Heritage read: the die-cast hoops tighten the rim response, while the lighter TorchTune finish keeps more touch, air, and upper-shell liveliness in the voice.","A cleaner, richer Heritage presentation with a lighter TorchTuned imprint that preserves more openness, touch response, and a slightly freer shell reaction, while keeping the shell-first balance intact.",Close to the benchmark Heritage warmth posture; Light Torch keeps more touch and liveliness while the die-cast hoops add rim focus; Die-Cast hoops add focus and containment.
14x6.0 • 8 lugs • 16 - 10mm • Die-Cast • Brass/Gold • Medium Torch,14|6.0|8|16 - 10mm|Die-Cast|Brass/Gold|Medium Torch,14,6.0,8,16 - 10mm,Die-Cast,Brass/Gold,Medium Torch,1.47,0.7,Focused throw with clean shape,1.241,Grounded body with directed carry,1.1525,Shorter note with firm response,1.413,simple:focused-throw-clean-shape > shaped:grounded-body-directed-carry > complex:shorter-note-firm-response,5.22,5.14,5.28,4.88,4.99,4.75,5.45,0.22,0.14,0.28,-0.12,-0.01,-0.25,0.45,"A more focused Heritage read with firmer note shape, cleaner front edge, and tighter overall behavior.","A seasoned, richer Heritage presentation with a balanced TorchTuned posture, while keeping the shell-first balance intact.",Close to the benchmark Heritage warmth posture; the Medium Torch benchmark keeps the line centered between openness and control; Die-Cast hoops add focus and containment.
14x6.0 • 8 lugs • 16 - 10mm • Die-Cast • Brass/Gold • Blackened,14|6.0|8|16 - 10mm|Die-Cast|Brass/Gold|Blackened,14,6.0,8,16 - 10mm,Die-Cast,Brass/Gold,Blackened,2.3,1.24,Focused throw with clean shape,1.387,Grounded body with directed carry,1.384,"Dark, contained shell shape",2.4565,simple:focused-throw-clean-shape > shaped:grounded-body-directed-carry > complex:dark-contained-shell-shape,5.4,4.96,5.17,4.62,5.07,4.51,5.75,0.4,-0.04,0.17,-0.38,0.07,-0.49,0.75,"A more TorchTuned-forward Heritage read, where the heavier scorch treatment adds a firmer center, slightly tighter bloom, and a more settled shell response.","A darker, richer Heritage presentation with a stronger TorchTuned imprint that favors firmer note control, slightly lower sensitivity, and a more unified shell response under heavier treatment, while keeping the shell centered and composed.",Noticeably shifted away from the benchmark Heritage center; the Blackened finish pushes the read toward stronger control and a more disciplined shell response; touch sensitivity is traded for a more locked-in note center; Die-Cast hoops add focus and containment.
14x6.0 • 10 lugs • 20 - 12mm • Triple Flange • Chrome • Light Torch,14|6.0|10|20 - 12mm|Triple Flange|Chrome|Light Torch,14,6.0,10,20 - 12mm,Triple Flange,Chrome,Light Torch,3.17,1.33,Focused throw with clean shape,2.355,"Expressive, blooming response",,Shorter note with firm response,2.08,simple:focused-throw-clean-shape > shaped:expressive-blooming-response > complex:shorter-note-firm-response,5.56,5.37,5.94,4.72,4.73,4.61,5.36,0.56,0.37,0.94,-0.28,-0.27,-0.39,0.36,A shifted Heritage read with a noticeable personality move away from the reference center while still keeping the line’s shell-first character.,"A cleaner, classic Heritage presentation with a lighter TorchTuned imprint that preserves more openness, touch response, and a slightly freer shell reaction, while keeping the shell-first balance intact.",Noticeably shifted away from the benchmark Heritage center; stronger outward throw; Triple Flange hoops preserve more of the line’s native openness.
14x6.0 • 10 lugs • 20 - 12mm • Triple Flange • Chrome • Medium Torch,14|6.0|10|20 - 12mm|Triple Flange|Chrome|Medium Torch,14,6.0,10,20 - 12mm,Triple Flange,Chrome,Medium Torch,3.78,1.46,Focused throw with clean shape,2.425,Grounded body with directed carry,1.7225,Shorter note with firm response,2.7235,simple:focused-throw-clean-shape > shaped:grounded-body-directed-carry > complex:shorter-note-firm-response,5.74,5.19,5.83,4.46,4.81,4.37,5.66,0.74,0.19,0.83,-0.54,-0.19,-0.63,0.66,A shifted Heritage read with a noticeable personality move away from the reference center while still keeping the line’s shell-first character.,"A seasoned, classic Heritage presentation with a balanced TorchTuned posture, while keeping the front edge firm and articulate.","Noticeably shifted away from the benchmark Heritage center; a quicker, drier bite with a more defined front edge; stronger outward throw; Triple Flange hoops preserve more of the line’s native openness."
14x6.0 • 10 lugs • 20 - 12mm • Triple Flange • Chrome • Blackened,14|6.0|10|20 - 12mm|Triple Flange|Chrome|Blackened,14,6.0,10,20 - 12mm,Triple Flange,Chrome,Blackened,4.39,1.83,Focused throw with clean shape,2.571,Grounded body with directed carry,1.884,Shorter note with firm response,3.538,simple:focused-throw-clean-shape > shaped:grounded-body-directed-carry > complex:shorter-note-firm-response,5.92,5.01,5.72,4.2,4.89,4.13,5.96,0.92,0.01,0.72,-0.8,-0.11,-0.87,0.96,"A more TorchTuned-forward Heritage read, where the heavier scorch treatment adds a firmer center, slightly tighter bloom, and a more settled shell response.","A darker, classic Heritage presentation with a stronger TorchTuned imprint that favors firmer note control, slightly lower sensitivity, and a more unified shell response under heavier treatment, while keeping the front edge firm and articulate.","Noticeably shifted away from the benchmark Heritage center; a quicker, drier bite with a more defined front edge; a shorter, tighter note shape; stronger outward throw; the Blackened finish pushes the read toward stronger control and a more disciplined shell response."
14x6.0 • 10 lugs • 20 - 12mm • Triple Flange • Black Nickel • Light Torch,14|6.0|10|20 - 12mm|Triple Flange|Black Nickel|Light Torch,14,6.0,10,20 - 12mm,Triple Flange,Black Nickel,Light Torch,3.17,1.33,Focused throw with clean shape,2.355,"Expressive, blooming response",,Shorter note with firm response,2.08,simple:focused-throw-clean-shape > shaped:expressive-blooming-response > complex:shorter-note-firm-response,5.56,5.37,5.94,4.72,4.73,4.61,5.36,0.56,0.37,0.94,-0.28,-0.27,-0.39,0.36,A shifted Heritage read with a noticeable personality move away from the reference center while still keeping the line’s shell-first character.,"A cleaner, slightly more modern Heritage presentation with a lighter TorchTuned imprint that preserves more openness, touch response, and a slightly freer shell reaction, while keeping the shell-first balance intact.",Noticeably shifted away from the benchmark Heritage center; stronger outward throw; Triple Flange hoops preserve more of the line’s native openness.
14x6.0 • 10 lugs • 20 - 12mm • Triple Flange • Black Nickel • Medium Torch,14|6.0|10|20 - 12mm|Triple Flange|Black Nickel|Medium Torch,14,6.0,10,20 - 12mm,Triple Flange,Black Nickel,Medium Torch,3.78,1.46,Focused throw with clean shape,2.425,Grounded body with directed carry,1.7225,Shorter note with firm response,2.7235,simple:focused-throw-clean-shape > shaped:grounded-body-directed-carry > complex:shorter-note-firm-response,5.74,5.19,5.83,4.46,4.81,4.37,5.66,0.74,0.19,0.83,-0.54,-0.19,-0.63,0.66,A shifted Heritage read with a noticeable personality move away from the reference center while still keeping the line’s shell-first character.,"A seasoned, slightly more modern Heritage presentation with a balanced TorchTuned posture, while keeping the front edge firm and articulate.","Noticeably shifted away from the benchmark Heritage center; a quicker, drier bite with a more defined front edge; stronger outward throw; Triple Flange hoops preserve more of the line’s native openness."
14x6.0 • 10 lugs • 20 - 12mm • Triple Flange • Black Nickel • Blackened,14|6.0|10|20 - 12mm|Triple Flange|Black Nickel|Blackened,14,6.0,10,20 - 12mm,Triple Flange,Black Nickel,Blackened,4.39,1.83,Focused throw with clean shape,2.571,Grounded body with directed carry,1.884,Shorter note with firm response,3.538,simple:focused-throw-clean-shape > shaped:grounded-body-directed-carry > complex:shorter-note-firm-response,5.92,5.01,5.72,4.2,4.89,4.13,5.96,0.92,0.01,0.72,-0.8,-0.11,-0.87,0.96,"A more TorchTuned-forward Heritage read, where the heavier scorch treatment adds a firmer center, slightly tighter bloom, and a more settled shell response.","A darker, slightly more modern Heritage presentation with a stronger TorchTuned imprint that favors firmer note control, slightly lower sensitivity, and a more unified shell response under heavier treatment, while keeping the front edge firm and articulate.","Noticeably shifted away from the benchmark Heritage center; a quicker, drier bite with a more defined front edge; a shorter, tighter note shape; stronger outward throw; the Blackened finish pushes the read toward stronger control and a more disciplined shell response."
14x6.0 • 10 lugs • 20 - 12mm • Triple Flange • Brass/Gold • Light Torch,14|6.0|10|20 - 12mm|Triple Flange|Brass/Gold|Light Torch,14,6.0,10,20 - 12mm,Triple Flange,Brass/Gold,Light Torch,3.17,1.33,Focused throw with clean shape,2.355,"Expressive, blooming response",,Shorter note with firm response,2.08,simple:focused-throw-clean-shape > shaped:expressive-blooming-response > complex:shorter-note-firm-response,5.56,5.37,5.94,4.72,4.73,4.61,5.36,0.56,0.37,0.94,-0.28,-0.27,-0.39,0.36,A shifted Heritage read with a noticeable personality move away from the reference center while still keeping the line’s shell-first character.,"A cleaner, richer Heritage presentation with a lighter TorchTuned imprint that preserves more openness, touch response, and a slightly freer shell reaction, while keeping the shell-first balance intact.",Noticeably shifted away from the benchmark Heritage center; stronger outward throw; Triple Flange hoops preserve more of the line’s native openness.
14x6.0 • 10 lugs • 20 - 12mm • Triple Flange • Brass/Gold • Medium Torch,14|6.0|10|20 - 12mm|Triple Flange|Brass/Gold|Medium Torch,14,6.0,10,20 - 12mm,Triple Flange,Brass/Gold,Medium Torch,3.78,1.46,Focused throw with clean shape,2.425,Grounded body with directed carry,1.7225,Shorter note with firm response,2.7235,simple:focused-throw-clean-shape > shaped:grounded-body-directed-carry > complex:shorter-note-firm-response,5.74,5.19,5.83,4.46,4.81,4.37,5.66,0.74,0.19,0.83,-0.54,-0.19,-0.63,0.66,A shifted Heritage read with a noticeable personality move away from the reference center while still keeping the line’s shell-first character.,"A seasoned, richer Heritage presentation with a balanced TorchTuned posture, while keeping the front edge firm and articulate.","Noticeably shifted away from the benchmark Heritage center; a quicker, drier bite with a more defined front edge; stronger outward throw; Triple Flange hoops preserve more of the line’s native openness."
14x6.0 • 10 lugs • 20 - 12mm • Triple Flange • Brass/Gold • Blackened,14|6.0|10|20 - 12mm|Triple Flange|Brass/Gold|Blackened,14,6.0,10,20 - 12mm,Triple Flange,Brass/Gold,Blackened,4.39,1.83,Focused throw with clean shape,2.571,Grounded body with directed carry,1.884,Shorter note with firm response,3.538,simple:focused-throw-clean-shape > shaped:grounded-body-directed-carry > complex:shorter-note-firm-response,5.92,5.01,5.72,4.2,4.89,4.13,5.96,0.92,0.01,0.72,-0.8,-0.11,-0.87,0.96,"A more TorchTuned-forward Heritage read, where the heavier scorch treatment adds a firmer center, slightly tighter bloom, and a more settled shell response.","A darker, richer Heritage presentation with a stronger TorchTuned imprint that favors firmer note control, slightly lower sensitivity, and a more unified shell response under heavier treatment, while keeping the front edge firm and articulate.","Noticeably shifted away from the benchmark Heritage center; a quicker, drier bite with a more defined front edge; a shorter, tighter note shape; stronger outward throw; the Blackened finish pushes the read toward stronger control and a more disciplined shell response."
14x6.0 • 10 lugs • 20 - 12mm • Die-Cast • Chrome • Light Torch,14|6.0|10|20 - 12mm|Die-Cast|Chrome|Light Torch,14,6.0,10,20 - 12mm,Die-Cast,Chrome,Light Torch,5.13,1.75,Focused throw with clean shape,3.332,Grounded body with directed carry,0.2155,Shorter note with firm response,3.745,simple:focused-throw-clean-shape > shaped:grounded-body-directed-carry > complex:shorter-note-firm-response,5.9,5.6,6.14,4.42,4.53,4.39,5.83,0.9,0.6,1.14,-0.58,-0.47,-0.61,0.83,"A focused-but-open Heritage read: the die-cast hoops tighten the rim response, while the lighter TorchTune finish keeps more touch, air, and upper-shell liveliness in the voice.","A cleaner, classic Heritage presentation with a lighter TorchTuned imprint that preserves more openness, touch response, and a slightly freer shell reaction, while keeping the front edge firm and articulate.","Noticeably shifted away from the benchmark Heritage center; a quicker, drier bite with a more defined front edge; stronger outward throw; Light Torch keeps more touch and liveliness while the die-cast hoops add rim focus; Die-Cast hoops add focus and containment."
14x6.0 • 10 lugs • 20 - 12mm • Die-Cast • Chrome • Medium Torch,14|6.0|10|20 - 12mm|Die-Cast|Chrome|Medium Torch,14,6.0,10,20 - 12mm,Die-Cast,Chrome,Medium Torch,5.74,1.98,Focused throw with clean shape,3.402,Grounded body with directed carry,0.565,Shorter note with firm response,4.3885,simple:focused-throw-clean-shape > shaped:grounded-body-directed-carry > complex:shorter-note-firm-response,6.08,5.42,6.03,4.16,4.61,4.15,6.13,1.08,0.42,1.03,-0.84,-0.39,-0.85,1.13,"A more focused Heritage read with firmer note shape, cleaner front edge, and tighter overall behavior.","A seasoned, classic Heritage presentation with a balanced TorchTuned posture, while keeping the front edge firm and articulate.","Noticeably shifted away from the benchmark Heritage center; a quicker, drier bite with a more defined front edge; a shorter, tighter note shape; stronger outward throw; Die-Cast hoops add focus and containment."
14x6.0 • 10 lugs • 20 - 12mm • Die-Cast • Chrome • Blackened,14|6.0|10|20 - 12mm|Die-Cast|Chrome|Blackened,14,6.0,10,20 - 12mm,Die-Cast,Chrome,Blackened,6.35,2.53,Focused throw with clean shape,3.548,Grounded body with directed carry,0.9145,Shorter note with firm response,5.203,simple:focused-throw-clean-shape > shaped:grounded-body-directed-carry > complex:shorter-note-firm-response,6.26,5.24,5.92,3.9,4.69,3.91,6.43,1.26,0.24,0.92,-1.1,-0.31,-1.09,1.43,"A beefy, high-projection Heritage read with a pronounced crack, firmer die-cast focus, and a drier TorchTuned shell response from the Blackened finish.","A darker, classic Heritage presentation with a stronger TorchTuned imprint that favors firmer note control, slightly lower sensitivity, and a more unified shell response under heavier treatment, while keeping the front edge firm and articulate.","Noticeably shifted away from the benchmark Heritage center; a quicker, drier bite with a more defined front edge; a shorter, tighter note shape; stronger outward throw; the 10-lug 12mm shell adds beef and crack while Die-Cast hoops push projection."
14x6.0 • 10 lugs • 20 - 12mm • Die-Cast • Black Nickel • Light Torch,14|6.0|10|20 - 12mm|Die-Cast|Black Nickel|Light Torch,14,6.0,10,20 - 12mm,Die-Cast,Black Nickel,Light Torch,5.13,1.75,Focused throw with clean shape,3.332,Grounded body with directed carry,0.2155,Shorter note with firm response,3.745,simple:focused-throw-clean-shape > shaped:grounded-body-directed-carry > complex:shorter-note-firm-response,5.9,5.6,6.14,4.42,4.53,4.39,5.83,0.9,0.6,1.14,-0.58,-0.47,-0.61,0.83,"A focused-but-open Heritage read: the die-cast hoops tighten the rim response, while the lighter TorchTune finish keeps more touch, air, and upper-shell liveliness in the voice.","A cleaner, slightly more modern Heritage presentation with a lighter TorchTuned imprint that preserves more openness, touch response, and a slightly freer shell reaction, while keeping the front edge firm and articulate.","Noticeably shifted away from the benchmark Heritage center; a quicker, drier bite with a more defined front edge; stronger outward throw; Light Torch keeps more touch and liveliness while the die-cast hoops add rim focus; Die-Cast hoops add focus and containment."
14x6.0 • 10 lugs • 20 - 12mm • Die-Cast • Black Nickel • Medium Torch,14|6.0|10|20 - 12mm|Die-Cast|Black Nickel|Medium Torch,14,6.0,10,20 - 12mm,Die-Cast,Black Nickel,Medium Torch,5.74,1.98,Focused throw with clean shape,3.402,Grounded body with directed carry,0.565,Shorter note with firm response,4.3885,simple:focused-throw-clean-shape > shaped:grounded-body-directed-carry > complex:shorter-note-firm-response,6.08,5.42,6.03,4.16,4.61,4.15,6.13,1.08,0.42,1.03,-0.84,-0.39,-0.85,1.13,"A more focused Heritage read with firmer note shape, cleaner front edge, and tighter overall behavior.","A seasoned, slightly more modern Heritage presentation with a balanced TorchTuned posture, while keeping the front edge firm and articulate.","Noticeably shifted away from the benchmark Heritage center; a quicker, drier bite with a more defined front edge; a shorter, tighter note shape; stronger outward throw; Die-Cast hoops add focus and containment."
14x6.0 • 10 lugs • 20 - 12mm • Die-Cast • Black Nickel • Blackened,14|6.0|10|20 - 12mm|Die-Cast|Black Nickel|Blackened,14,6.0,10,20 - 12mm,Die-Cast,Black Nickel,Blackened,6.35,2.53,Focused throw with clean shape,3.548,Grounded body with directed carry,0.9145,Shorter note with firm response,5.203,simple:focused-throw-clean-shape > shaped:grounded-body-directed-carry > complex:shorter-note-firm-response,6.26,5.24,5.92,3.9,4.69,3.91,6.43,1.26,0.24,0.92,-1.1,-0.31,-1.09,1.43,"A beefy, high-projection Heritage read with a pronounced crack, firmer die-cast focus, and a drier TorchTuned shell response from the Blackened finish.","A darker, slightly more modern Heritage presentation with a stronger TorchTuned imprint that favors firmer note control, slightly lower sensitivity, and a more unified shell response under heavier treatment, while keeping the front edge firm and articulate.","Noticeably shifted away from the benchmark Heritage center; a quicker, drier bite with a more defined front edge; a shorter, tighter note shape; stronger outward throw; the 10-lug 12mm shell adds beef and crack while Die-Cast hoops push projection."
14x6.0 • 10 lugs • 20 - 12mm • Die-Cast • Brass/Gold • Light Torch,14|6.0|10|20 - 12mm|Die-Cast|Brass/Gold|Light Torch,14,6.0,10,20 - 12mm,Die-Cast,Brass/Gold,Light Torch,5.13,1.75,Focused throw with clean shape,3.332,Grounded body with directed carry,0.2155,Shorter note with firm response,3.745,simple:focused-throw-clean-shape > shaped:grounded-body-directed-carry > complex:shorter-note-firm-response,5.9,5.6,6.14,4.42,4.53,4.39,5.83,0.9,0.6,1.14,-0.58,-0.47,-0.61,0.83,"A focused-but-open Heritage read: the die-cast hoops tighten the rim response, while the lighter TorchTune finish keeps more touch, air, and upper-shell liveliness in the voice.","A cleaner, richer Heritage presentation with a lighter TorchTuned imprint that preserves more openness, touch response, and a slightly freer shell reaction, while keeping the front edge firm and articulate.","Noticeably shifted away from the benchmark Heritage center; a quicker, drier bite with a more defined front edge; stronger outward throw; Light Torch keeps more touch and liveliness while the die-cast hoops add rim focus; Die-Cast hoops add focus and containment."
14x6.0 • 10 lugs • 20 - 12mm • Die-Cast • Brass/Gold • Medium Torch,14|6.0|10|20 - 12mm|Die-Cast|Brass/Gold|Medium Torch,14,6.0,10,20 - 12mm,Die-Cast,Brass/Gold,Medium Torch,5.74,1.98,Focused throw with clean shape,3.402,Grounded body with directed carry,0.565,Shorter note with firm response,4.3885,simple:focused-throw-clean-shape > shaped:grounded-body-directed-carry > complex:shorter-note-firm-response,6.08,5.42,6.03,4.16,4.61,4.15,6.13,1.08,0.42,1.03,-0.84,-0.39,-0.85,1.13,"A more focused Heritage read with firmer note shape, cleaner front edge, and tighter overall behavior.","A seasoned, richer Heritage presentation with a balanced TorchTuned posture, while keeping the front edge firm and articulate.","Noticeably shifted away from the benchmark Heritage center; a quicker, drier bite with a more defined front edge; a shorter, tighter note shape; stronger outward throw; Die-Cast hoops add focus and containment."
14x6.0 • 10 lugs • 20 - 12mm • Die-Cast • Brass/Gold • Blackened,14|6.0|10|20 - 12mm|Die-Cast|Brass/Gold|Blackened,14,6.0,10,20 - 12mm,Die-Cast,Brass/Gold,Blackened,6.35,2.53,Focused throw with clean shape,3.548,Grounded body with directed carry,0.9145,Shorter note with firm response,5.203,simple:focused-throw-clean-shape > shaped:grounded-body-directed-carry > complex:shorter-note-firm-response,6.26,5.24,5.92,3.9,4.69,3.91,6.43,1.26,0.24,0.92,-1.1,-0.31,-1.09,1.43,"A beefy, high-projection Heritage read with a pronounced crack, firmer die-cast focus, and a drier TorchTuned shell response from the Blackened finish.","A darker, richer Heritage presentation with a stronger TorchTuned imprint that favors firmer note control, slightly lower sensitivity, and a more unified shell response under heavier treatment, while keeping the front edge firm and articulate.","Noticeably shifted away from the benchmark Heritage center; a quicker, drier bite with a more defined front edge; a shorter, tighter note shape; stronger outward throw; the 10-lug 12mm shell adds beef and crack while Die-Cast hoops push projection."
14x6.0 • 10 lugs • 10 - 7mm + $150 (Re-Rings Required) • Triple Flange • Chrome • Light Torch,14|6.0|10|10 - 7mm + $150 (Re-Rings Required)|Triple Flange|Chrome|Light Torch,14,6.0,10,10 - 7mm + $150 (Re-Rings Required),Triple Flange,Chrome,Light Torch,2.7,1.38,"Warm, deep settled center",1.1934,"Expressive, blooming response",1.838,"Dark, complex Heritage bloom",2.2595,simple:warm-deep-settled-center > shaped:expressive-blooming-response > complex:dark-complex-heritage-bloom,4.46,4.91,4.93,5.81,5.32,5.3,4.43,-0.54,-0.09,-0.07,0.81,0.32,0.3,-0.57,"A more open Heritage read, where the lighter torch treatment preserves extra liveliness, touch response, and a slightly freer bloom through the shell.","A cleaner, classic Heritage presentation with a lighter TorchTuned imprint that preserves more openness, touch response, and a slightly freer shell reaction, while keeping the shell-first balance intact.","Noticeably shifted away from the benchmark Heritage center; a longer, broader note bloom; the lighter TorchTune finish preserves more touch response and a freer shell reaction; the thin re-ring shell adds darker complex overtones and longer sustain; Triple Flange hoops preserve more of the line’s native openness."
14x6.0 • 10 lugs • 10 - 7mm + $150 (Re-Rings Required) • Triple Flange • Chrome • Medium Torch,14|6.0|10|10 - 7mm + $150 (Re-Rings Required)|Triple Flange|Chrome|Medium Torch,14,6.0,10,10 - 7mm + $150 (Re-Rings Required),Triple Flange,Chrome,Medium Torch,2.09,0.91,"Warm, deep settled center",1.1154,Rounded body with a clear start,1.718,"Dark, complex Heritage bloom",1.8915,simple:warm-deep-settled-center > shaped:rounded-body-clear-start > complex:dark-complex-heritage-bloom,4.64,4.73,4.82,5.55,5.4,5.06,4.73,-0.36,-0.27,-0.18,0.55,0.4,0.06,-0.27,"A balanced Heritage read with natural openness, grounded body, and classic shell-first response.","A seasoned, classic Heritage presentation with a balanced TorchTuned posture, while keeping the shell-first balance intact.",Close to the benchmark Heritage warmth posture; the Medium Torch benchmark keeps the line centered between openness and control; Triple Flange hoops preserve more of the line’s native openness.
14x6.0 • 10 lugs • 10 - 7mm + $150 (Re-Rings Required) • Triple Flange • Chrome • Blackened,14|6.0|10|10 - 7mm + $150 (Re-Rings Required)|Triple Flange|Chrome|Blackened,14,6.0,10,10 - 7mm + $150 (Re-Rings Required),Triple Flange,Chrome,Blackened,1.9,0.93,"Warm, deep settled center",0.8854,Rounded body with a clear start,1.276,"Dark, complex Heritage bloom",1.673,simple:warm-deep-settled-center > shaped:rounded-body-clear-start > complex:dark-complex-heritage-bloom,4.82,4.55,4.71,5.29,5.48,4.82,5.03,-0.18,-0.45,-0.29,0.29,0.48,-0.18,0.03,"A balanced Heritage read with natural openness, grounded body, and classic shell-first response.","A darker, classic Heritage presentation with a stronger TorchTuned imprint that favors firmer note control, slightly lower sensitivity, and a more unified shell response under heavier treatment, while keeping the shell-first balance intact.",Close to the benchmark Heritage warmth posture; Triple Flange hoops preserve more of the line’s native openness.
14x6.0 • 10 lugs • 10 - 7mm + $150 (Re-Rings Required) • Triple Flange • Black Nickel • Light Torch,14|6.0|10|10 - 7mm + $150 (Re-Rings Required)|Triple Flange|Black Nickel|Light Torch,14,6.0,10,10 - 7mm + $150 (Re-Rings Required),Triple Flange,Black Nickel,Light Torch,2.7,1.38,"Warm, deep settled center",1.1934,"Expressive, blooming response",1.838,"Dark, complex Heritage bloom",2.2595,simple:warm-deep-settled-center > shaped:expressive-blooming-response > complex:dark-complex-heritage-bloom,4.46,4.91,4.93,5.81,5.32,5.3,4.43,-0.54,-0.09,-0.07,0.81,0.32,0.3,-0.57,"A more open Heritage read, where the lighter torch treatment preserves extra liveliness, touch response, and a slightly freer bloom through the shell.","A cleaner, slightly more modern Heritage presentation with a lighter TorchTuned imprint that preserves more openness, touch response, and a slightly freer shell reaction, while keeping the shell-first balance intact.","Noticeably shifted away from the benchmark Heritage center; a longer, broader note bloom; the lighter TorchTune finish preserves more touch response and a freer shell reaction; the thin re-ring shell adds darker complex overtones and longer sustain; Triple Flange hoops preserve more of the line’s native openness."
14x6.0 • 10 lugs • 10 - 7mm + $150 (Re-Rings Required) • Triple Flange • Black Nickel • Medium Torch,14|6.0|10|10 - 7mm + $150 (Re-Rings Required)|Triple Flange|Black Nickel|Medium Torch,14,6.0,10,10 - 7mm + $150 (Re-Rings Required),Triple Flange,Black Nickel,Medium Torch,2.09,0.91,"Warm, deep settled center",1.1154,Rounded body with a clear start,1.718,"Dark, complex Heritage bloom",1.8915,simple:warm-deep-settled-center > shaped:rounded-body-clear-start > complex:dark-complex-heritage-bloom,4.64,4.73,4.82,5.55,5.4,5.06,4.73,-0.36,-0.27,-0.18,0.55,0.4,0.06,-0.27,"A balanced Heritage read with natural openness, grounded body, and classic shell-first response.","A seasoned, slightly more modern Heritage presentation with a balanced TorchTuned posture, while keeping the shell-first balance intact.",Close to the benchmark Heritage warmth posture; the Medium Torch benchmark keeps the line centered between openness and control; Triple Flange hoops preserve more of the line’s native openness.
14x6.0 • 10 lugs • 10 - 7mm + $150 (Re-Rings Required) • Triple Flange • Black Nickel • Blackened,14|6.0|10|10 - 7mm + $150 (Re-Rings Required)|Triple Flange|Black Nickel|Blackened,14,6.0,10,10 - 7mm + $150 (Re-Rings Required),Triple Flange,Black Nickel,Blackened,1.9,0.93,"Warm, deep settled center",0.8854,Rounded body with a clear start,1.276,"Dark, complex Heritage bloom",1.673,simple:warm-deep-settled-center > shaped:rounded-body-clear-start > complex:dark-complex-heritage-bloom,4.82,4.55,4.71,5.29,5.48,4.82,5.03,-0.18,-0.45,-0.29,0.29,0.48,-0.18,0.03,"A balanced Heritage read with natural openness, grounded body, and classic shell-first response.","A darker, slightly more modern Heritage presentation with a stronger TorchTuned imprint that favors firmer note control, slightly lower sensitivity, and a more unified shell response under heavier treatment, while keeping the shell-first balance intact.",Close to the benchmark Heritage warmth posture; Triple Flange hoops preserve more of the line’s native openness.
14x6.0 • 10 lugs • 10 - 7mm + $150 (Re-Rings Required) • Triple Flange • Brass/Gold • Light Torch,14|6.0|10|10 - 7mm + $150 (Re-Rings Required)|Triple Flange|Brass/Gold|Light Torch,14,6.0,10,10 - 7mm + $150 (Re-Rings Required),Triple Flange,Brass/Gold,Light Torch,2.7,1.38,"Warm, deep settled center",1.1934,"Expressive, blooming response",1.838,"Dark, complex Heritage bloom",2.2595,simple:warm-deep-settled-center > shaped:expressive-blooming-response > complex:dark-complex-heritage-bloom,4.46,4.91,4.93,5.81,5.32,5.3,4.43,-0.54,-0.09,-0.07,0.81,0.32,0.3,-0.57,"A more open Heritage read, where the lighter torch treatment preserves extra liveliness, touch response, and a slightly freer bloom through the shell.","A cleaner, richer Heritage presentation with a lighter TorchTuned imprint that preserves more openness, touch response, and a slightly freer shell reaction, while keeping the shell-first balance intact.","Noticeably shifted away from the benchmark Heritage center; a longer, broader note bloom; the lighter TorchTune finish preserves more touch response and a freer shell reaction; the thin re-ring shell adds darker complex overtones and longer sustain; Triple Flange hoops preserve more of the line’s native openness."
14x6.0 • 10 lugs • 10 - 7mm + $150 (Re-Rings Required) • Triple Flange • Brass/Gold • Medium Torch,14|6.0|10|10 - 7mm + $150 (Re-Rings Required)|Triple Flange|Brass/Gold|Medium Torch,14,6.0,10,10 - 7mm + $150 (Re-Rings Required),Triple Flange,Brass/Gold,Medium Torch,2.09,0.91,"Warm, deep settled center",1.1154,Rounded body with a clear start,1.718,"Dark, complex Heritage bloom",1.8915,simple:warm-deep-settled-center > shaped:rounded-body-clear-start > complex:dark-complex-heritage-bloom,4.64,4.73,4.82,5.55,5.4,5.06,4.73,-0.36,-0.27,-0.18,0.55,0.4,0.06,-0.27,"A balanced Heritage read with natural openness, grounded body, and classic shell-first response.","A seasoned, richer Heritage presentation with a balanced TorchTuned posture, while keeping the shell-first balance intact.",Close to the benchmark Heritage warmth posture; the Medium Torch benchmark keeps the line centered between openness and control; Triple Flange hoops preserve more of the line’s native openness.
14x6.0 • 10 lugs • 10 - 7mm + $150 (Re-Rings Required) • Triple Flange • Brass/Gold • Blackened,14|6.0|10|10 - 7mm + $150 (Re-Rings Required)|Triple Flange|Brass/Gold|Blackened,14,6.0,10,10 - 7mm + $150 (Re-Rings Required),Triple Flange,Brass/Gold,Blackened,1.9,0.93,"Warm, deep settled center",0.8854,Rounded body with a clear start,1.276,"Dark, complex Heritage bloom",1.673,simple:warm-deep-settled-center > shaped:rounded-body-clear-start > complex:dark-complex-heritage-bloom,4.82,4.55,4.71,5.29,5.48,4.82,5.03,-0.18,-0.45,-0.29,0.29,0.48,-0.18,0.03,"A balanced Heritage read with natural openness, grounded body, and classic shell-first response.","A darker, richer Heritage presentation with a stronger TorchTuned imprint that favors firmer note control, slightly lower sensitivity, and a more unified shell response under heavier treatment, while keeping the shell-first balance intact.",Close to the benchmark Heritage warmth posture; Triple Flange hoops preserve more of the line’s native openness.
14x6.0 • 10 lugs • 10 - 7mm + $150 (Re-Rings Required) • Die-Cast • Chrome • Light Torch,14|6.0|10|10 - 7mm + $150 (Re-Rings Required)|Die-Cast|Chrome|Light Torch,14,6.0,10,10 - 7mm + $150 (Re-Rings Required),Die-Cast,Chrome,Light Torch,1.31,0.73,Focused throw with clean shape,1.2924,Rounded body with a clear start,0.9116,Balanced Heritage center,1.5955,simple:focused-throw-clean-shape > shaped:rounded-body-clear-start > complex:balanced-heritage-center,4.78,5.15,5.13,5.51,5.11,5.05,4.86,-0.22,0.15,0.13,0.51,0.11,0.05,-0.14,"A focused-but-open Heritage read: the die-cast hoops tighten the rim response, while the lighter TorchTune finish keeps more touch, air, and upper-shell liveliness in the voice.","A cleaner, classic Heritage presentation with a lighter TorchTuned imprint that preserves more openness, touch response, and a slightly freer shell reaction, while keeping the shell-first balance intact.",Close to the benchmark Heritage warmth posture; Light Torch keeps more touch and liveliness while the die-cast hoops add rim focus; the thin re-ring shell adds darker complex overtones and longer sustain; Die-Cast hoops add focus and containment.
14x6.0 • 10 lugs • 10 - 7mm + $150 (Re-Rings Required) • Die-Cast • Chrome • Medium Torch,14|6.0|10|10 - 7mm + $150 (Re-Rings Required)|Die-Cast|Chrome|Medium Torch,14,6.0,10,10 - 7mm + $150 (Re-Rings Required),Die-Cast,Chrome,Medium Torch,0.88,0.44,Focused throw with clean shape,1.1924,Grounded body with directed carry,0.95,Balanced Heritage center,2.9065,simple:focused-throw-clean-shape > shaped:grounded-body-directed-carry > complex:balanced-heritage-center,4.96,4.97,5.02,5.25,5.19,4.81,5.16,-0.04,-0.03,0.02,0.25,0.19,-0.19,0.16,"A more focused Heritage read with firmer note shape, cleaner front edge, and tighter overall behavior.","A seasoned, classic Heritage presentation with a balanced TorchTuned posture, while keeping the shell-first balance intact.",Close to the benchmark Heritage warmth posture; the Medium Torch benchmark keeps the line centered between openness and control; Die-Cast hoops add focus and containment.
14x6.0 • 10 lugs • 10 - 7mm + $150 (Re-Rings Required) • Die-Cast • Chrome • Blackened,14|6.0|10|10 - 7mm + $150 (Re-Rings Required)|Die-Cast|Chrome|Blackened,14,6.0,10,10 - 7mm + $150 (Re-Rings Required),Die-Cast,Chrome,Blackened,1.61,0.89,Focused throw with clean shape,1.394,Grounded body with directed carry,1.364,"Dark, contained shell shape",2.3015,simple:focused-throw-clean-shape > shaped:grounded-body-directed-carry > complex:dark-contained-shell-shape,5.14,4.79,4.91,4.99,5.27,4.57,5.46,0.14,-0.21,-0.09,-0.01,0.27,-0.43,0.46,"A more TorchTuned-forward Heritage read, where the heavier scorch treatment adds a firmer center, slightly tighter bloom, and a more settled shell response.","A darker, classic Heritage presentation with a stronger TorchTuned imprint that favors firmer note control, slightly lower sensitivity, and a more unified shell response under heavier treatment, while keeping the shell-first balance intact.",Close to the benchmark Heritage warmth posture; the Blackened finish pushes the read toward stronger control and a more disciplined shell response; Die-Cast hoops add focus and containment.
14x6.0 • 10 lugs • 10 - 7mm + $150 (Re-Rings Required) • Die-Cast • Black Nickel • Light Torch,14|6.0|10|10 - 7mm + $150 (Re-Rings Required)|Die-Cast|Black Nickel|Light Torch,14,6.0,10,10 - 7mm + $150 (Re-Rings Required),Die-Cast,Black Nickel,Light Torch,1.31,0.73,Focused throw with clean shape,1.2924,Rounded body with a clear start,0.9116,Balanced Heritage center,1.5955,simple:focused-throw-clean-shape > shaped:rounded-body-clear-start > complex:balanced-heritage-center,4.78,5.15,5.13,5.51,5.11,5.05,4.86,-0.22,0.15,0.13,0.51,0.11,0.05,-0.14,"A focused-but-open Heritage read: the die-cast hoops tighten the rim response, while the lighter TorchTune finish keeps more touch, air, and upper-shell liveliness in the voice.","A cleaner, slightly more modern Heritage presentation with a lighter TorchTuned imprint that preserves more openness, touch response, and a slightly freer shell reaction, while keeping the shell-first balance intact.",Close to the benchmark Heritage warmth posture; Light Torch keeps more touch and liveliness while the die-cast hoops add rim focus; the thin re-ring shell adds darker complex overtones and longer sustain; Die-Cast hoops add focus and containment.
14x6.0 • 10 lugs • 10 - 7mm + $150 (Re-Rings Required) • Die-Cast • Black Nickel • Medium Torch,14|6.0|10|10 - 7mm + $150 (Re-Rings Required)|Die-Cast|Black Nickel|Medium Torch,14,6.0,10,10 - 7mm + $150 (Re-Rings Required),Die-Cast,Black Nickel,Medium Torch,0.88,0.44,Focused throw with clean shape,1.1924,Grounded body with directed carry,0.95,Balanced Heritage center,2.9065,simple:focused-throw-clean-shape > shaped:grounded-body-directed-carry > complex:balanced-heritage-center,4.96,4.97,5.02,5.25,5.19,4.81,5.16,-0.04,-0.03,0.02,0.25,0.19,-0.19,0.16,"A more focused Heritage read with firmer note shape, cleaner front edge, and tighter overall behavior.","A seasoned, slightly more modern Heritage presentation with a balanced TorchTuned posture, while keeping the shell-first balance intact.",Close to the benchmark Heritage warmth posture; the Medium Torch benchmark keeps the line centered between openness and control; Die-Cast hoops add focus and containment.
14x6.0 • 10 lugs • 10 - 7mm + $150 (Re-Rings Required) • Die-Cast • Black Nickel • Blackened,14|6.0|10|10 - 7mm + $150 (Re-Rings Required)|Die-Cast|Black Nickel|Blackened,14,6.0,10,10 - 7mm + $150 (Re-Rings Required),Die-Cast,Black Nickel,Blackened,1.61,0.89,Focused throw with clean shape,1.394,Grounded body with directed carry,1.364,"Dark, contained shell shape",2.3015,simple:focused-throw-clean-shape > shaped:grounded-body-directed-carry > complex:dark-contained-shell-shape,5.14,4.79,4.91,4.99,5.27,4.57,5.46,0.14,-0.21,-0.09,-0.01,0.27,-0.43,0.46,"A more TorchTuned-forward Heritage read, where the heavier scorch treatment adds a firmer center, slightly tighter bloom, and a more settled shell response.","A darker, slightly more modern Heritage presentation with a stronger TorchTuned imprint that favors firmer note control, slightly lower sensitivity, and a more unified shell response under heavier treatment, while keeping the shell-first balance intact.",Close to the benchmark Heritage warmth posture; the Blackened finish pushes the read toward stronger control and a more disciplined shell response; Die-Cast hoops add focus and containment.
14x6.0 • 10 lugs • 10 - 7mm + $150 (Re-Rings Required) • Die-Cast • Brass/Gold • Light Torch,14|6.0|10|10 - 7mm + $150 (Re-Rings Required)|Die-Cast|Brass/Gold|Light Torch,14,6.0,10,10 - 7mm + $150 (Re-Rings Required),Die-Cast,Brass/Gold,Light Torch,1.31,0.73,Focused throw with clean shape,1.2924,Rounded body with a clear start,0.9116,Balanced Heritage center,1.5955,simple:focused-throw-clean-shape > shaped:rounded-body-clear-start > complex:balanced-heritage-center,4.78,5.15,5.13,5.51,5.11,5.05,4.86,-0.22,0.15,0.13,0.51,0.11,0.05,-0.14,"A focused-but-open Heritage read: the die-cast hoops tighten the rim response, while the lighter TorchTune finish keeps more touch, air, and upper-shell liveliness in the voice.","A cleaner, richer Heritage presentation with a lighter TorchTuned imprint that preserves more openness, touch response, and a slightly freer shell reaction, while keeping the shell-first balance intact.",Close to the benchmark Heritage warmth posture; Light Torch keeps more touch and liveliness while the die-cast hoops add rim focus; the thin re-ring shell adds darker complex overtones and longer sustain; Die-Cast hoops add focus and containment.
14x6.0 • 10 lugs • 10 - 7mm + $150 (Re-Rings Required) • Die-Cast • Brass/Gold • Medium Torch,14|6.0|10|10 - 7mm + $150 (Re-Rings Required)|Die-Cast|Brass/Gold|Medium Torch,14,6.0,10,10 - 7mm + $150 (Re-Rings Required),Die-Cast,Brass/Gold,Medium Torch,0.88,0.44,Focused throw with clean shape,1.1924,Grounded body with directed carry,0.95,Balanced Heritage center,2.9065,simple:focused-throw-clean-shape > shaped:grounded-body-directed-carry > complex:balanced-heritage-center,4.96,4.97,5.02,5.25,5.19,4.81,5.16,-0.04,-0.03,0.02,0.25,0.19,-0.19,0.16,"A more focused Heritage read with firmer note shape, cleaner front edge, and tighter overall behavior.","A seasoned, richer Heritage presentation with a balanced TorchTuned posture, while keeping the shell-first balance intact.",Close to the benchmark Heritage warmth posture; the Medium Torch benchmark keeps the line centered between openness and control; Die-Cast hoops add focus and containment.
14x6.0 • 10 lugs • 10 - 7mm + $150 (Re-Rings Required) • Die-Cast • Brass/Gold • Blackened,14|6.0|10|10 - 7mm + $150 (Re-Rings Required)|Die-Cast|Brass/Gold|Blackened,14,6.0,10,10 - 7mm + $150 (Re-Rings Required),Die-Cast,Brass/Gold,Blackened,1.61,0.89,Focused throw with clean shape,1.394,Grounded body with directed carry,1.364,"Dark, contained shell shape",2.3015,simple:focused-throw-clean-shape > shaped:grounded-body-directed-carry > complex:dark-contained-shell-shape,5.14,4.79,4.91,4.99,5.27,4.57,5.46,0.14,-0.21,-0.09,-0.01,0.27,-0.43,0.46,"A more TorchTuned-forward Heritage read, where the heavier scorch treatment adds a firmer center, slightly tighter bloom, and a more settled shell response.","A darker, richer Heritage presentation with a stronger TorchTuned imprint that favors firmer note control, slightly lower sensitivity, and a more unified shell response under heavier treatment, while keeping the shell-first balance intact.",Close to the benchmark Heritage warmth posture; the Blackened finish pushes the read toward stronger control and a more disciplined shell response; Die-Cast hoops add focus and containment.
14x6.5 • 8 lugs • 16 - 10mm • Triple Flange • Chrome • Light Torch,14|6.5|8|16 - 10mm|Triple Flange|Chrome|Light Torch,14,6.5,8,16 - 10mm,Triple Flange,Chrome,Light Torch,2.32,1.14,"Warm, deep settled center",1.1644,Rounded body with a clear start,2.313,"Dark, complex Heritage bloom",1.6385,simple:warm-deep-settled-center > shaped:rounded-body-clear-start > complex:dark-complex-heritage-bloom,4.56,4.95,5.22,5.7,5.39,5.17,4.65,-0.44,-0.05,0.22,0.7,0.39,0.17,-0.35,"A more open Heritage read, where the lighter torch treatment preserves extra liveliness, touch response, and a slightly freer bloom through the shell.","A cleaner, classic Heritage presentation with a lighter TorchTuned imprint that preserves more openness, touch response, and a slightly freer shell reaction, while keeping the shell-first balance intact.","Noticeably shifted away from the benchmark Heritage center; a longer, broader note bloom; the lighter TorchTune finish preserves more touch response and a freer shell reaction; Triple Flange hoops preserve more of the line’s native openness."
14x6.5 • 8 lugs • 16 - 10mm • Triple Flange • Chrome • Medium Torch,14|6.5|8|16 - 10mm|Triple Flange|Chrome|Medium Torch,14,6.5,8,16 - 10mm,Triple Flange,Chrome,Medium Torch,1.63,0.73,"Warm, deep settled center",1.0864,Rounded body with a clear start,2.213,"Dark, complex Heritage bloom",1.2705,simple:warm-deep-settled-center > shaped:rounded-body-clear-start > complex:dark-complex-heritage-bloom,4.74,4.77,5.11,5.44,5.47,4.93,4.95,-0.26,-0.23,0.11,0.44,0.47,-0.07,-0.05,"A balanced Heritage read with natural openness, grounded body, and classic shell-first response.","A seasoned, classic Heritage presentation with a balanced TorchTuned posture, while keeping the shell-first balance intact.",Close to the benchmark Heritage warmth posture; the Medium Torch benchmark keeps the line centered between openness and control; Triple Flange hoops preserve more of the line’s native openness.
14x6.5 • 8 lugs • 16 - 10mm • Triple Flange • Chrome • Blackened,14|6.5|8|16 - 10mm|Triple Flange|Chrome|Blackened,14,6.5,8,16 - 10mm,Triple Flange,Chrome,Blackened,1.78,0.96,"Warm, deep settled center",0.8564,Rounded body with a clear start,1.771,"Dark, contained shell shape",1.6395,simple:warm-deep-settled-center > shaped:rounded-body-clear-start > complex:dark-contained-shell-shape,4.92,4.59,5,5.18,5.55,4.69,5.25,-0.08,-0.41,0,0.18,0.55,-0.31,0.25,"A more TorchTuned-forward Heritage read, where the heavier scorch treatment adds a firmer center, slightly tighter bloom, and a more settled shell response.","A darker, classic Heritage presentation with a stronger TorchTuned imprint that favors firmer note control, slightly lower sensitivity, and a more unified shell response under heavier treatment, while keeping the shell-first balance intact.",Close to the benchmark Heritage warmth posture; the Blackened finish adds a more contained center and slightly firmer shell behavior; Triple Flange hoops preserve more of the line’s native openness.
14x6.5 • 8 lugs • 16 - 10mm • Triple Flange • Black Nickel • Light Torch,14|6.5|8|16 - 10mm|Triple Flange|Black Nickel|Light Torch,14,6.5,8,16 - 10mm,Triple Flange,Black Nickel,Light Torch,2.32,1.14,"Warm, deep settled center",1.1644,Rounded body with a clear start,2.313,"Dark, complex Heritage bloom",1.6385,simple:warm-deep-settled-center > shaped:rounded-body-clear-start > complex:dark-complex-heritage-bloom,4.56,4.95,5.22,5.7,5.39,5.17,4.65,-0.44,-0.05,0.22,0.7,0.39,0.17,-0.35,"A more open Heritage read, where the lighter torch treatment preserves extra liveliness, touch response, and a slightly freer bloom through the shell.","A cleaner, slightly more modern Heritage presentation with a lighter TorchTuned imprint that preserves more openness, touch response, and a slightly freer shell reaction, while keeping the shell-first balance intact.","Noticeably shifted away from the benchmark Heritage center; a longer, broader note bloom; the lighter TorchTune finish preserves more touch response and a freer shell reaction; Triple Flange hoops preserve more of the line’s native openness."
14x6.5 • 8 lugs • 16 - 10mm • Triple Flange • Black Nickel • Medium Torch,14|6.5|8|16 - 10mm|Triple Flange|Black Nickel|Medium Torch,14,6.5,8,16 - 10mm,Triple Flange,Black Nickel,Medium Torch,1.63,0.73,"Warm, deep settled center",1.0864,Rounded body with a clear start,2.213,"Dark, complex Heritage bloom",1.2705,simple:warm-deep-settled-center > shaped:rounded-body-clear-start > complex:dark-complex-heritage-bloom,4.74,4.77,5.11,5.44,5.47,4.93,4.95,-0.26,-0.23,0.11,0.44,0.47,-0.07,-0.05,"A balanced Heritage read with natural openness, grounded body, and classic shell-first response.","A seasoned, slightly more modern Heritage presentation with a balanced TorchTuned posture, while keeping the shell-first balance intact.",Close to the benchmark Heritage warmth posture; the Medium Torch benchmark keeps the line centered between openness and control; Triple Flange hoops preserve more of the line’s native openness.
14x6.5 • 8 lugs • 16 - 10mm • Triple Flange • Black Nickel • Blackened,14|6.5|8|16 - 10mm|Triple Flange|Black Nickel|Blackened,14,6.5,8,16 - 10mm,Triple Flange,Black Nickel,Blackened,1.78,0.96,"Warm, deep settled center",0.8564,Rounded body with a clear start,1.771,"Dark, contained shell shape",1.6395,simple:warm-deep-settled-center > shaped:rounded-body-clear-start > complex:dark-contained-shell-shape,4.92,4.59,5,5.18,5.55,4.69,5.25,-0.08,-0.41,0,0.18,0.55,-0.31,0.25,"A more TorchTuned-forward Heritage read, where the heavier scorch treatment adds a firmer center, slightly tighter bloom, and a more settled shell response.","A darker, slightly more modern Heritage presentation with a stronger TorchTuned imprint that favors firmer note control, slightly lower sensitivity, and a more unified shell response under heavier treatment, while keeping the shell-first balance intact.",Close to the benchmark Heritage warmth posture; the Blackened finish adds a more contained center and slightly firmer shell behavior; Triple Flange hoops preserve more of the line’s native openness.
14x6.5 • 8 lugs • 16 - 10mm • Triple Flange • Brass/Gold • Light Torch,14|6.5|8|16 - 10mm|Triple Flange|Brass/Gold|Light Torch,14,6.5,8,16 - 10mm,Triple Flange,Brass/Gold,Light Torch,2.32,1.14,"Warm, deep settled center",1.1644,Rounded body with a clear start,2.313,"Dark, complex Heritage bloom",1.6385,simple:warm-deep-settled-center > shaped:rounded-body-clear-start > complex:dark-complex-heritage-bloom,4.56,4.95,5.22,5.7,5.39,5.17,4.65,-0.44,-0.05,0.22,0.7,0.39,0.17,-0.35,"A more open Heritage read, where the lighter torch treatment preserves extra liveliness, touch response, and a slightly freer bloom through the shell.","A cleaner, richer Heritage presentation with a lighter TorchTuned imprint that preserves more openness, touch response, and a slightly freer shell reaction, while keeping the shell-first balance intact.","Noticeably shifted away from the benchmark Heritage center; a longer, broader note bloom; the lighter TorchTune finish preserves more touch response and a freer shell reaction; Triple Flange hoops preserve more of the line’s native openness."
14x6.5 • 8 lugs • 16 - 10mm • Triple Flange • Brass/Gold • Medium Torch,14|6.5|8|16 - 10mm|Triple Flange|Brass/Gold|Medium Torch,14,6.5,8,16 - 10mm,Triple Flange,Brass/Gold,Medium Torch,1.63,0.73,"Warm, deep settled center",1.0864,Rounded body with a clear start,2.213,"Dark, complex Heritage bloom",1.2705,simple:warm-deep-settled-center > shaped:rounded-body-clear-start > complex:dark-complex-heritage-bloom,4.74,4.77,5.11,5.44,5.47,4.93,4.95,-0.26,-0.23,0.11,0.44,0.47,-0.07,-0.05,"A balanced Heritage read with natural openness, grounded body, and classic shell-first response.","A seasoned, richer Heritage presentation with a balanced TorchTuned posture, while keeping the shell-first balance intact.",Close to the benchmark Heritage warmth posture; the Medium Torch benchmark keeps the line centered between openness and control; Triple Flange hoops preserve more of the line’s native openness.
14x6.5 • 8 lugs • 16 - 10mm • Triple Flange • Brass/Gold • Blackened,14|6.5|8|16 - 10mm|Triple Flange|Brass/Gold|Blackened,14,6.5,8,16 - 10mm,Triple Flange,Brass/Gold,Blackened,1.78,0.96,"Warm, deep settled center",0.8564,Rounded body with a clear start,1.771,"Dark, contained shell shape",1.6395,simple:warm-deep-settled-center > shaped:rounded-body-clear-start > complex:dark-contained-shell-shape,4.92,4.59,5,5.18,5.55,4.69,5.25,-0.08,-0.41,0,0.18,0.55,-0.31,0.25,"A more TorchTuned-forward Heritage read, where the heavier scorch treatment adds a firmer center, slightly tighter bloom, and a more settled shell response.","A darker, richer Heritage presentation with a stronger TorchTuned imprint that favors firmer note control, slightly lower sensitivity, and a more unified shell response under heavier treatment, while keeping the shell-first balance intact.",Close to the benchmark Heritage warmth posture; the Blackened finish adds a more contained center and slightly firmer shell behavior; Triple Flange hoops preserve more of the line’s native openness.
14x6.5 • 8 lugs • 16 - 10mm • Die-Cast • Chrome • Light Torch,14|6.5|8|16 - 10mm|Die-Cast|Chrome|Light Torch,14,6.5,8,16 - 10mm,Die-Cast,Chrome,Light Torch,1.47,0.55,Focused throw with clean shape,1.285,Rounded body with a clear start,1.493,Balanced Heritage center,1.5185,simple:focused-throw-clean-shape > shaped:rounded-body-clear-start > complex:balanced-heritage-center,4.88,5.18,5.43,5.39,5.19,4.95,5.11,-0.12,0.18,0.43,0.39,0.19,-0.05,0.11,"A focused-but-open Heritage read: the die-cast hoops tighten the rim response, while the lighter TorchTune finish keeps more touch, air, and upper-shell liveliness in the voice.","A cleaner, classic Heritage presentation with a lighter TorchTuned imprint that preserves more openness, touch response, and a slightly freer shell reaction, while keeping the shell-first balance intact.",Close to the benchmark Heritage warmth posture; Light Torch keeps more touch and liveliness while the die-cast hoops add rim focus; Die-Cast hoops add focus and containment.
14x6.5 • 8 lugs • 16 - 10mm • Die-Cast • Chrome • Medium Torch,14|6.5|8|16 - 10mm|Die-Cast|Chrome|Medium Torch,14,6.5,8,16 - 10mm,Die-Cast,Chrome,Medium Torch,1.48,0.7,Focused throw with clean shape,1.235,Rounded body with a clear start,1.471,Shorter note with firm response,1.147,simple:focused-throw-clean-shape > shaped:rounded-body-clear-start > complex:shorter-note-firm-response,5.06,5,5.32,5.13,5.27,4.71,5.41,0.06,0,0.32,0.13,0.27,-0.29,0.41,"A more focused Heritage read with firmer note shape, cleaner front edge, and tighter overall behavior.","A seasoned, classic Heritage presentation with a balanced TorchTuned posture, while keeping the shell-first balance intact.",Close to the benchmark Heritage warmth posture; the Medium Torch benchmark keeps the line centered between openness and control; Die-Cast hoops add focus and containment.
14x6.5 • 8 lugs • 16 - 10mm • Die-Cast • Chrome • Blackened,14|6.5|8|16 - 10mm|Die-Cast|Chrome|Blackened,14,6.5,8,16 - 10mm,Die-Cast,Chrome,Blackened,2.35,1.24,Focused throw with clean shape,1.381,Grounded body with directed carry,1.664,"Dark, contained shell shape",2.4545,simple:focused-throw-clean-shape > shaped:grounded-body-directed-carry > complex:dark-contained-shell-shape,5.24,4.82,5.21,4.87,5.35,4.47,5.71,0.24,-0.18,0.21,-0.13,0.35,-0.53,0.71,"A more TorchTuned-forward Heritage read, where the heavier scorch treatment adds a firmer center, slightly tighter bloom, and a more settled shell response.","A darker, classic Heritage presentation with a stronger TorchTuned imprint that favors firmer note control, slightly lower sensitivity, and a more unified shell response under heavier treatment, while keeping the shell centered and composed.",Noticeably shifted away from the benchmark Heritage center; the Blackened finish pushes the read toward stronger control and a more disciplined shell response; touch sensitivity is traded for a more locked-in note center; Die-Cast hoops add focus and containment.
14x6.5 • 8 lugs • 16 - 10mm • Die-Cast • Black Nickel • Light Torch,14|6.5|8|16 - 10mm|Die-Cast|Black Nickel|Light Torch,14,6.5,8,16 - 10mm,Die-Cast,Black Nickel,Light Torch,1.47,0.55,Focused throw with clean shape,1.285,Rounded body with a clear start,1.493,Balanced Heritage center,1.5185,simple:focused-throw-clean-shape > shaped:rounded-body-clear-start > complex:balanced-heritage-center,4.88,5.18,5.43,5.39,5.19,4.95,5.11,-0.12,0.18,0.43,0.39,0.19,-0.05,0.11,"A focused-but-open Heritage read: the die-cast hoops tighten the rim response, while the lighter TorchTune finish keeps more touch, air, and upper-shell liveliness in the voice.","A cleaner, slightly more modern Heritage presentation with a lighter TorchTuned imprint that preserves more openness, touch response, and a slightly freer shell reaction, while keeping the shell-first balance intact.",Close to the benchmark Heritage warmth posture; Light Torch keeps more touch and liveliness while the die-cast hoops add rim focus; Die-Cast hoops add focus and containment.
14x6.5 • 8 lugs • 16 - 10mm • Die-Cast • Black Nickel • Medium Torch,14|6.5|8|16 - 10mm|Die-Cast|Black Nickel|Medium Torch,14,6.5,8,16 - 10mm,Die-Cast,Black Nickel,Medium Torch,1.48,0.7,Focused throw with clean shape,1.235,Rounded body with a clear start,1.471,Shorter note with firm response,1.147,simple:focused-throw-clean-shape > shaped:rounded-body-clear-start > complex:shorter-note-firm-response,5.06,5,5.32,5.13,5.27,4.71,5.41,0.06,0,0.32,0.13,0.27,-0.29,0.41,"A more focused Heritage read with firmer note shape, cleaner front edge, and tighter overall behavior.","A seasoned, slightly more modern Heritage presentation with a balanced TorchTuned posture, while keeping the shell-first balance intact.",Close to the benchmark Heritage warmth posture; the Medium Torch benchmark keeps the line centered between openness and control; Die-Cast hoops add focus and containment.
14x6.5 • 8 lugs • 16 - 10mm • Die-Cast • Black Nickel • Blackened,14|6.5|8|16 - 10mm|Die-Cast|Black Nickel|Blackened,14,6.5,8,16 - 10mm,Die-Cast,Black Nickel,Blackened,2.35,1.24,Focused throw with clean shape,1.381,Grounded body with directed carry,1.664,"Dark, contained shell shape",2.4545,simple:focused-throw-clean-shape > shaped:grounded-body-directed-carry > complex:dark-contained-shell-shape,5.24,4.82,5.21,4.87,5.35,4.47,5.71,0.24,-0.18,0.21,-0.13,0.35,-0.53,0.71,"A more TorchTuned-forward Heritage read, where the heavier scorch treatment adds a firmer center, slightly tighter bloom, and a more settled shell response.","A darker, slightly more modern Heritage presentation with a stronger TorchTuned imprint that favors firmer note control, slightly lower sensitivity, and a more unified shell response under heavier treatment, while keeping the shell centered and composed.",Noticeably shifted away from the benchmark Heritage center; the Blackened finish pushes the read toward stronger control and a more disciplined shell response; touch sensitivity is traded for a more locked-in note center; Die-Cast hoops add focus and containment.
14x6.5 • 8 lugs • 16 - 10mm • Die-Cast • Brass/Gold • Light Torch,14|6.5|8|16 - 10mm|Die-Cast|Brass/Gold|Light Torch,14,6.5,8,16 - 10mm,Die-Cast,Brass/Gold,Light Torch,1.47,0.55,Focused throw with clean shape,1.285,Rounded body with a clear start,1.493,Balanced Heritage center,1.5185,simple:focused-throw-clean-shape > shaped:rounded-body-clear-start > complex:balanced-heritage-center,4.88,5.18,5.43,5.39,5.19,4.95,5.11,-0.12,0.18,0.43,0.39,0.19,-0.05,0.11,"A focused-but-open Heritage read: the die-cast hoops tighten the rim response, while the lighter TorchTune finish keeps more touch, air, and upper-shell liveliness in the voice.","A cleaner, richer Heritage presentation with a lighter TorchTuned imprint that preserves more openness, touch response, and a slightly freer shell reaction, while keeping the shell-first balance intact.",Close to the benchmark Heritage warmth posture; Light Torch keeps more touch and liveliness while the die-cast hoops add rim focus; Die-Cast hoops add focus and containment.
14x6.5 • 8 lugs • 16 - 10mm • Die-Cast • Brass/Gold • Medium Torch,14|6.5|8|16 - 10mm|Die-Cast|Brass/Gold|Medium Torch,14,6.5,8,16 - 10mm,Die-Cast,Brass/Gold,Medium Torch,1.48,0.7,Focused throw with clean shape,1.235,Rounded body with a clear start,1.471,Shorter note with firm response,1.147,simple:focused-throw-clean-shape > shaped:rounded-body-clear-start > complex:shorter-note-firm-response,5.06,5,5.32,5.13,5.27,4.71,5.41,0.06,0,0.32,0.13,0.27,-0.29,0.41,"A more focused Heritage read with firmer note shape, cleaner front edge, and tighter overall behavior.","A seasoned, richer Heritage presentation with a balanced TorchTuned posture, while keeping the shell-first balance intact.",Close to the benchmark Heritage warmth posture; the Medium Torch benchmark keeps the line centered between openness and control; Die-Cast hoops add focus and containment.
14x6.5 • 8 lugs • 16 - 10mm • Die-Cast • Brass/Gold • Blackened,14|6.5|8|16 - 10mm|Die-Cast|Brass/Gold|Blackened,14,6.5,8,16 - 10mm,Die-Cast,Brass/Gold,Blackened,2.35,1.24,Focused throw with clean shape,1.381,Grounded body with directed carry,1.664,"Dark, contained shell shape",2.4545,simple:focused-throw-clean-shape > shaped:grounded-body-directed-carry > complex:dark-contained-shell-shape,5.24,4.82,5.21,4.87,5.35,4.47,5.71,0.24,-0.18,0.21,-0.13,0.35,-0.53,0.71,"A more TorchTuned-forward Heritage read, where the heavier scorch treatment adds a firmer center, slightly tighter bloom, and a more settled shell response.","A darker, richer Heritage presentation with a stronger TorchTuned imprint that favors firmer note control, slightly lower sensitivity, and a more unified shell response under heavier treatment, while keeping the shell centered and composed.",Noticeably shifted away from the benchmark Heritage center; the Blackened finish pushes the read toward stronger control and a more disciplined shell response; touch sensitivity is traded for a more locked-in note center; Die-Cast hoops add focus and containment.
14x6.5 • 10 lugs • 20 - 12mm • Triple Flange • Chrome • Light Torch,14|6.5|10|20 - 12mm|Triple Flange|Chrome|Light Torch,14,6.5,10,20 - 12mm,Triple Flange,Chrome,Light Torch,2.4,1.41,Focused throw with clean shape,2.339,Grounded body with directed carry,1.561,Shorter note with firm response,1.696,simple:focused-throw-clean-shape > shaped:grounded-body-directed-carry > complex:shorter-note-firm-response,5.39,5.23,5.98,4.95,5,4.57,5.32,0.39,0.23,0.98,-0.05,0,-0.43,0.32,A shifted Heritage read with a noticeable personality move away from the reference center while still keeping the line’s shell-first character.,"A cleaner, classic Heritage presentation with a lighter TorchTuned imprint that preserves more openness, touch response, and a slightly freer shell reaction, while keeping the shell-first balance intact.",Noticeably shifted away from the benchmark Heritage center; stronger outward throw; Triple Flange hoops preserve more of the line’s native openness.
14x6.5 • 10 lugs • 20 - 12mm • Triple Flange • Chrome • Medium Torch,14|6.5|10|20 - 12mm|Triple Flange|Chrome|Medium Torch,14,6.5,10,20 - 12mm,Triple Flange,Chrome,Medium Torch,3.17,1.54,Focused throw with clean shape,2.409,Grounded body with directed carry,1.8025,Shorter note with firm response,2.3395,simple:focused-throw-clean-shape > shaped:grounded-body-directed-carry > complex:shorter-note-firm-response,5.57,5.05,5.87,4.69,5.08,4.33,5.62,0.57,0.05,0.87,-0.31,0.08,-0.67,0.62,A shifted Heritage read with a noticeable personality move away from the reference center while still keeping the line’s shell-first character.,"A seasoned, classic Heritage presentation with a balanced TorchTuned posture, while keeping the shell centered and composed.",Noticeably shifted away from the benchmark Heritage center; stronger outward throw; Triple Flange hoops preserve more of the line’s native openness.
14x6.5 • 10 lugs • 20 - 12mm • Triple Flange • Chrome • Blackened,14|6.5|10|20 - 12mm|Triple Flange|Chrome|Blackened,14,6.5,10,20 - 12mm,Triple Flange,Chrome,Blackened,4.2,1.83,Focused throw with clean shape,2.555,Grounded body with directed carry,2.044,Shorter note with firm response,3.154,simple:focused-throw-clean-shape > shaped:grounded-body-directed-carry > complex:shorter-note-firm-response,5.75,4.87,5.76,4.43,5.16,4.09,5.92,0.75,-0.13,0.76,-0.57,0.16,-0.91,0.92,"A more TorchTuned-forward Heritage read, where the heavier scorch treatment adds a firmer center, slightly tighter bloom, and a more settled shell response.","A darker, classic Heritage presentation with a stronger TorchTuned imprint that favors firmer note control, slightly lower sensitivity, and a more unified shell response under heavier treatment, while keeping the front edge firm and articulate.","Noticeably shifted away from the benchmark Heritage center; a quicker, drier bite with a more defined front edge; stronger outward throw; the Blackened finish pushes the read toward stronger control and a more disciplined shell response; touch sensitivity is traded for a more locked-in note center."
14x6.5 • 10 lugs • 20 - 12mm • Triple Flange • Black Nickel • Light Torch,14|6.5|10|20 - 12mm|Triple Flange|Black Nickel|Light Torch,14,6.5,10,20 - 12mm,Triple Flange,Black Nickel,Light Torch,2.4,1.41,Focused throw with clean shape,2.339,Grounded body with directed carry,1.561,Shorter note with firm response,1.696,simple:focused-throw-clean-shape > shaped:grounded-body-directed-carry > complex:shorter-note-firm-response,5.39,5.23,5.98,4.95,5,4.57,5.32,0.39,0.23,0.98,-0.05,0,-0.43,0.32,A shifted Heritage read with a noticeable personality move away from the reference center while still keeping the line’s shell-first character.,"A cleaner, slightly more modern Heritage presentation with a lighter TorchTuned imprint that preserves more openness, touch response, and a slightly freer shell reaction, while keeping the shell-first balance intact.",Noticeably shifted away from the benchmark Heritage center; stronger outward throw; Triple Flange hoops preserve more of the line’s native openness.
14x6.5 • 10 lugs • 20 - 12mm • Triple Flange • Black Nickel • Medium Torch,14|6.5|10|20 - 12mm|Triple Flange|Black Nickel|Medium Torch,14,6.5,10,20 - 12mm,Triple Flange,Black Nickel,Medium Torch,3.17,1.54,Focused throw with clean shape,2.409,Grounded body with directed carry,1.8025,Shorter note with firm response,2.3395,simple:focused-throw-clean-shape > shaped:grounded-body-directed-carry > complex:shorter-note-firm-response,5.57,5.05,5.87,4.69,5.08,4.33,5.62,0.57,0.05,0.87,-0.31,0.08,-0.67,0.62,A shifted Heritage read with a noticeable personality move away from the reference center while still keeping the line’s shell-first character.,"A seasoned, slightly more modern Heritage presentation with a balanced TorchTuned posture, while keeping the shell centered and composed.",Noticeably shifted away from the benchmark Heritage center; stronger outward throw; Triple Flange hoops preserve more of the line’s native openness.
14x6.5 • 10 lugs • 20 - 12mm • Triple Flange • Black Nickel • Blackened,14|6.5|10|20 - 12mm|Triple Flange|Black Nickel|Blackened,14,6.5,10,20 - 12mm,Triple Flange,Black Nickel,Blackened,4.2,1.83,Focused throw with clean shape,2.555,Grounded body with directed carry,2.044,Shorter note with firm response,3.154,simple:focused-throw-clean-shape > shaped:grounded-body-directed-carry > complex:shorter-note-firm-response,5.75,4.87,5.76,4.43,5.16,4.09,5.92,0.75,-0.13,0.76,-0.57,0.16,-0.91,0.92,"A more TorchTuned-forward Heritage read, where the heavier scorch treatment adds a firmer center, slightly tighter bloom, and a more settled shell response.","A darker, slightly more modern Heritage presentation with a stronger TorchTuned imprint that favors firmer note control, slightly lower sensitivity, and a more unified shell response under heavier treatment, while keeping the front edge firm and articulate.","Noticeably shifted away from the benchmark Heritage center; a quicker, drier bite with a more defined front edge; stronger outward throw; the Blackened finish pushes the read toward stronger control and a more disciplined shell response; touch sensitivity is traded for a more locked-in note center."
14x6.5 • 10 lugs • 20 - 12mm • Triple Flange • Brass/Gold • Light Torch,14|6.5|10|20 - 12mm|Triple Flange|Brass/Gold|Light Torch,14,6.5,10,20 - 12mm,Triple Flange,Brass/Gold,Light Torch,2.4,1.41,Focused throw with clean shape,2.339,Grounded body with directed carry,1.561,Shorter note with firm response,1.696,simple:focused-throw-clean-shape > shaped:grounded-body-directed-carry > complex:shorter-note-firm-response,5.39,5.23,5.98,4.95,5,4.57,5.32,0.39,0.23,0.98,-0.05,0,-0.43,0.32,A shifted Heritage read with a noticeable personality move away from the reference center while still keeping the line’s shell-first character.,"A cleaner, richer Heritage presentation with a lighter TorchTuned imprint that preserves more openness, touch response, and a slightly freer shell reaction, while keeping the shell-first balance intact.",Noticeably shifted away from the benchmark Heritage center; stronger outward throw; Triple Flange hoops preserve more of the line’s native openness.
14x6.5 • 10 lugs • 20 - 12mm • Triple Flange • Brass/Gold • Medium Torch,14|6.5|10|20 - 12mm|Triple Flange|Brass/Gold|Medium Torch,14,6.5,10,20 - 12mm,Triple Flange,Brass/Gold,Medium Torch,3.17,1.54,Focused throw with clean shape,2.409,Grounded body with directed carry,1.8025,Shorter note with firm response,2.3395,simple:focused-throw-clean-shape > shaped:grounded-body-directed-carry > complex:shorter-note-firm-response,5.57,5.05,5.87,4.69,5.08,4.33,5.62,0.57,0.05,0.87,-0.31,0.08,-0.67,0.62,A shifted Heritage read with a noticeable personality move away from the reference center while still keeping the line’s shell-first character.,"A seasoned, richer Heritage presentation with a balanced TorchTuned posture, while keeping the shell centered and composed.",Noticeably shifted away from the benchmark Heritage center; stronger outward throw; Triple Flange hoops preserve more of the line’s native openness.
14x6.5 • 10 lugs • 20 - 12mm • Triple Flange • Brass/Gold • Blackened,14|6.5|10|20 - 12mm|Triple Flange|Brass/Gold|Blackened,14,6.5,10,20 - 12mm,Triple Flange,Brass/Gold,Blackened,4.2,1.83,Focused throw with clean shape,2.555,Grounded body with directed carry,2.044,Shorter note with firm response,3.154,simple:focused-throw-clean-shape > shaped:grounded-body-directed-carry > complex:shorter-note-firm-response,5.75,4.87,5.76,4.43,5.16,4.09,5.92,0.75,-0.13,0.76,-0.57,0.16,-0.91,0.92,"A more TorchTuned-forward Heritage read, where the heavier scorch treatment adds a firmer center, slightly tighter bloom, and a more settled shell response.","A darker, richer Heritage presentation with a stronger TorchTuned imprint that favors firmer note control, slightly lower sensitivity, and a more unified shell response under heavier treatment, while keeping the front edge firm and articulate.","Noticeably shifted away from the benchmark Heritage center; a quicker, drier bite with a more defined front edge; stronger outward throw; the Blackened finish pushes the read toward stronger control and a more disciplined shell response; touch sensitivity is traded for a more locked-in note center."
14x6.5 • 10 lugs • 20 - 12mm • Die-Cast • Chrome • Light Torch,14|6.5|10|20 - 12mm|Die-Cast|Chrome|Light Torch,14,6.5,10,20 - 12mm,Die-Cast,Chrome,Light Torch,4.37,1.84,Focused throw with clean shape,3.316,Grounded body with directed carry,2.3775,Shorter note with firm response,3.361,simple:focused-throw-clean-shape > shaped:grounded-body-directed-carry > complex:shorter-note-firm-response,5.73,5.46,6.18,4.65,4.8,4.34,5.79,0.73,0.46,1.18,-0.35,-0.2,-0.66,0.79,"A focused-but-open Heritage read: the die-cast hoops tighten the rim response, while the lighter TorchTune finish keeps more touch, air, and upper-shell liveliness in the voice.","A cleaner, classic Heritage presentation with a lighter TorchTuned imprint that preserves more openness, touch response, and a slightly freer shell reaction, while keeping the front edge firm and articulate.","Noticeably shifted away from the benchmark Heritage center; a quicker, drier bite with a more defined front edge; stronger outward throw; Light Torch keeps more touch and liveliness while the die-cast hoops add rim focus; Die-Cast hoops add focus and containment."
14x6.5 • 10 lugs • 20 - 12mm • Die-Cast • Chrome • Medium Torch,14|6.5|10|20 - 12mm|Die-Cast|Chrome|Medium Torch,14,6.5,10,20 - 12mm,Die-Cast,Chrome,Medium Torch,4.98,1.99,Focused throw with clean shape,3.386,Grounded body with directed carry,2.539,Shorter note with firm response,4.0045,simple:focused-throw-clean-shape > shaped:grounded-body-directed-carry > complex:shorter-note-firm-response,5.91,5.28,6.07,4.39,4.88,4.1,6.09,0.91,0.28,1.07,-0.61,-0.12,-0.9,1.09,"A more focused Heritage read with firmer note shape, cleaner front edge, and tighter overall behavior.","A seasoned, classic Heritage presentation with a balanced TorchTuned posture, while keeping the front edge firm and articulate.","Noticeably shifted away from the benchmark Heritage center; a quicker, drier bite with a more defined front edge; stronger outward throw; Die-Cast hoops add focus and containment."
14x6.5 • 10 lugs • 20 - 12mm • Die-Cast • Chrome • Blackened,14|6.5|10|20 - 12mm|Die-Cast|Chrome|Blackened,14,6.5,10,20 - 12mm,Die-Cast,Chrome,Blackened,5.59,2.53,Focused throw with clean shape,3.532,Grounded body with directed carry,2.7005,Shorter note with firm response,4.819,simple:focused-throw-clean-shape > shaped:grounded-body-directed-carry > complex:shorter-note-firm-response,6.09,5.1,5.96,4.13,4.96,3.86,6.39,1.09,0.1,0.96,-0.87,-0.04,-1.14,1.39,"A beefy, high-projection Heritage read with a pronounced crack, firmer die-cast focus, and a drier TorchTuned shell response from the Blackened finish.","A darker, classic Heritage presentation with a stronger TorchTuned imprint that favors firmer note control, slightly lower sensitivity, and a more unified shell response under heavier treatment, while keeping the front edge firm and articulate.","Noticeably shifted away from the benchmark Heritage center; a quicker, drier bite with a more defined front edge; a shorter, tighter note shape; stronger outward throw; the 10-lug 12mm shell adds beef and crack while Die-Cast hoops push projection."
14x6.5 • 10 lugs • 20 - 12mm • Die-Cast • Black Nickel • Light Torch,14|6.5|10|20 - 12mm|Die-Cast|Black Nickel|Light Torch,14,6.5,10,20 - 12mm,Die-Cast,Black Nickel,Light Torch,4.37,1.84,Focused throw with clean shape,3.316,Grounded body with directed carry,2.3775,Shorter note with firm response,3.361,simple:focused-throw-clean-shape > shaped:grounded-body-directed-carry > complex:shorter-note-firm-response,5.73,5.46,6.18,4.65,4.8,4.34,5.79,0.73,0.46,1.18,-0.35,-0.2,-0.66,0.79,"A focused-but-open Heritage read: the die-cast hoops tighten the rim response, while the lighter TorchTune finish keeps more touch, air, and upper-shell liveliness in the voice.","A cleaner, slightly more modern Heritage presentation with a lighter TorchTuned imprint that preserves more openness, touch response, and a slightly freer shell reaction, while keeping the front edge firm and articulate.","Noticeably shifted away from the benchmark Heritage center; a quicker, drier bite with a more defined front edge; stronger outward throw; Light Torch keeps more touch and liveliness while the die-cast hoops add rim focus; Die-Cast hoops add focus and containment."
14x6.5 • 10 lugs • 20 - 12mm • Die-Cast • Black Nickel • Medium Torch,14|6.5|10|20 - 12mm|Die-Cast|Black Nickel|Medium Torch,14,6.5,10,20 - 12mm,Die-Cast,Black Nickel,Medium Torch,4.98,1.99,Focused throw with clean shape,3.386,Grounded body with directed carry,2.539,Shorter note with firm response,4.0045,simple:focused-throw-clean-shape > shaped:grounded-body-directed-carry > complex:shorter-note-firm-response,5.91,5.28,6.07,4.39,4.88,4.1,6.09,0.91,0.28,1.07,-0.61,-0.12,-0.9,1.09,"A more focused Heritage read with firmer note shape, cleaner front edge, and tighter overall behavior.","A seasoned, slightly more modern Heritage presentation with a balanced TorchTuned posture, while keeping the front edge firm and articulate.","Noticeably shifted away from the benchmark Heritage center; a quicker, drier bite with a more defined front edge; stronger outward throw; Die-Cast hoops add focus and containment."
14x6.5 • 10 lugs • 20 - 12mm • Die-Cast • Black Nickel • Blackened,14|6.5|10|20 - 12mm|Die-Cast|Black Nickel|Blackened,14,6.5,10,20 - 12mm,Die-Cast,Black Nickel,Blackened,5.59,2.53,Focused throw with clean shape,3.532,Grounded body with directed carry,2.7005,Shorter note with firm response,4.819,simple:focused-throw-clean-shape > shaped:grounded-body-directed-carry > complex:shorter-note-firm-response,6.09,5.1,5.96,4.13,4.96,3.86,6.39,1.09,0.1,0.96,-0.87,-0.04,-1.14,1.39,"A beefy, high-projection Heritage read with a pronounced crack, firmer die-cast focus, and a drier TorchTuned shell response from the Blackened finish.","A darker, slightly more modern Heritage presentation with a stronger TorchTuned imprint that favors firmer note control, slightly lower sensitivity, and a more unified shell response under heavier treatment, while keeping the front edge firm and articulate.","Noticeably shifted away from the benchmark Heritage center; a quicker, drier bite with a more defined front edge; a shorter, tighter note shape; stronger outward throw; the 10-lug 12mm shell adds beef and crack while Die-Cast hoops push projection."
14x6.5 • 10 lugs • 20 - 12mm • Die-Cast • Brass/Gold • Light Torch,14|6.5|10|20 - 12mm|Die-Cast|Brass/Gold|Light Torch,14,6.5,10,20 - 12mm,Die-Cast,Brass/Gold,Light Torch,4.37,1.84,Focused throw with clean shape,3.316,Grounded body with directed carry,2.3775,Shorter note with firm response,3.361,simple:focused-throw-clean-shape > shaped:grounded-body-directed-carry > complex:shorter-note-firm-response,5.73,5.46,6.18,4.65,4.8,4.34,5.79,0.73,0.46,1.18,-0.35,-0.2,-0.66,0.79,"A focused-but-open Heritage read: the die-cast hoops tighten the rim response, while the lighter TorchTune finish keeps more touch, air, and upper-shell liveliness in the voice.","A cleaner, richer Heritage presentation with a lighter TorchTuned imprint that preserves more openness, touch response, and a slightly freer shell reaction, while keeping the front edge firm and articulate.","Noticeably shifted away from the benchmark Heritage center; a quicker, drier bite with a more defined front edge; stronger outward throw; Light Torch keeps more touch and liveliness while the die-cast hoops add rim focus; Die-Cast hoops add focus and containment."
14x6.5 • 10 lugs • 20 - 12mm • Die-Cast • Brass/Gold • Medium Torch,14|6.5|10|20 - 12mm|Die-Cast|Brass/Gold|Medium Torch,14,6.5,10,20 - 12mm,Die-Cast,Brass/Gold,Medium Torch,4.98,1.99,Focused throw with clean shape,3.386,Grounded body with directed carry,2.539,Shorter note with firm response,4.0045,simple:focused-throw-clean-shape > shaped:grounded-body-directed-carry > complex:shorter-note-firm-response,5.91,5.28,6.07,4.39,4.88,4.1,6.09,0.91,0.28,1.07,-0.61,-0.12,-0.9,1.09,"A more focused Heritage read with firmer note shape, cleaner front edge, and tighter overall behavior.","A seasoned, richer Heritage presentation with a balanced TorchTuned posture, while keeping the front edge firm and articulate.","Noticeably shifted away from the benchmark Heritage center; a quicker, drier bite with a more defined front edge; stronger outward throw; Die-Cast hoops add focus and containment."
14x6.5 • 10 lugs • 20 - 12mm • Die-Cast • Brass/Gold • Blackened,14|6.5|10|20 - 12mm|Die-Cast|Brass/Gold|Blackened,14,6.5,10,20 - 12mm,Die-Cast,Brass/Gold,Blackened,5.59,2.53,Focused throw with clean shape,3.532,Grounded body with directed carry,2.7005,Shorter note with firm response,4.819,simple:focused-throw-clean-shape > shaped:grounded-body-directed-carry > complex:shorter-note-firm-response,6.09,5.1,5.96,4.13,4.96,3.86,6.39,1.09,0.1,0.96,-0.87,-0.04,-1.14,1.39,"A beefy, high-projection Heritage read with a pronounced crack, firmer die-cast focus, and a drier TorchTuned shell response from the Blackened finish.","A darker, richer Heritage presentation with a stronger TorchTuned imprint that favors firmer note control, slightly lower sensitivity, and a more unified shell response under heavier treatment, while keeping the front edge firm and articulate.","Noticeably shifted away from the benchmark Heritage center; a quicker, drier bite with a more defined front edge; a shorter, tighter note shape; stronger outward throw; the 10-lug 12mm shell adds beef and crack while Die-Cast hoops push projection."
14x6.5 • 10 lugs • 10 - 7mm + $150 (Re-Rings Required) • Triple Flange • Chrome • Light Torch,14|6.5|10|10 - 7mm + $150 (Re-Rings Required)|Triple Flange|Chrome|Light Torch,14,6.5,10,10 - 7mm + $150 (Re-Rings Required),Triple Flange,Chrome,Light Torch,3.43,1.74,"Warm, deep settled center",1.6794,Rounded body with a clear start,2.7055,"Dark, complex Heritage bloom",2.963,simple:warm-deep-settled-center > shaped:rounded-body-clear-start > complex:dark-complex-heritage-bloom,4.31,4.77,4.98,6.05,5.59,5.25,4.4,-0.69,-0.23,-0.02,1.05,0.59,0.25,-0.6,"A darker, more complex Heritage read with a drier top edge, longer sustain, and extra overtone character from the thin re-ring shell.","A cleaner, classic Heritage presentation with a lighter TorchTuned imprint that preserves more openness, touch response, and a slightly freer shell reaction, while keeping the shell-first balance intact.","Warmer and more body-forward than the benchmark Heritage build; a rounder and less immediate note start; a longer, broader note bloom; the lighter TorchTune finish preserves more touch response and a freer shell reaction; the thin re-ring shell adds darker complex overtones and longer sustain."
14x6.5 • 10 lugs • 10 - 7mm + $150 (Re-Rings Required) • Triple Flange • Chrome • Medium Torch,14|6.5|10|10 - 7mm + $150 (Re-Rings Required)|Triple Flange|Chrome|Medium Torch,14,6.5,10,10 - 7mm + $150 (Re-Rings Required),Triple Flange,Chrome,Medium Torch,2.82,1.3,"Warm, deep settled center",1.6014,Rounded body with a clear start,2.6055,"Dark, complex Heritage bloom",2.595,simple:warm-deep-settled-center > shaped:rounded-body-clear-start > complex:dark-complex-heritage-bloom,4.49,4.59,4.87,5.79,5.67,5.01,4.7,-0.51,-0.41,-0.13,0.79,0.67,0.01,-0.3,A shifted Heritage read with a noticeable personality move away from the reference center while still keeping the line’s shell-first character.,"A seasoned, classic Heritage presentation with a balanced TorchTuned posture, while keeping the shell-first balance intact.","Warmer and more body-forward than the benchmark Heritage build; a longer, broader note bloom; Triple Flange hoops preserve more of the line’s native openness."
14x6.5 • 10 lugs • 10 - 7mm + $150 (Re-Rings Required) • Triple Flange • Chrome • Blackened,14|6.5|10|10 - 7mm + $150 (Re-Rings Required)|Triple Flange|Chrome|Blackened,14,6.5,10,10 - 7mm + $150 (Re-Rings Required),Triple Flange,Chrome,Blackened,2.67,1.34,"Warm, deep settled center",1.3714,Rounded body with a clear start,2.1635,"Dark, complex Heritage bloom",2.36,simple:warm-deep-settled-center > shaped:rounded-body-clear-start > complex:dark-complex-heritage-bloom,4.67,4.41,4.76,5.53,5.75,4.77,5,-0.33,-0.59,-0.24,0.53,0.75,-0.23,0,A shifted Heritage read with a noticeable personality move away from the reference center while still keeping the line’s shell-first character.,"A darker, classic Heritage presentation with a stronger TorchTuned imprint that favors firmer note control, slightly lower sensitivity, and a more unified shell response under heavier treatment, while keeping the emphasis on body, weight, and shell character.",Warmer and more body-forward than the benchmark Heritage build; Triple Flange hoops preserve more of the line’s native openness.
14x6.5 • 10 lugs • 10 - 7mm + $150 (Re-Rings Required) • Triple Flange • Black Nickel • Light Torch,14|6.5|10|10 - 7mm + $150 (Re-Rings Required)|Triple Flange|Black Nickel|Light Torch,14,6.5,10,10 - 7mm + $150 (Re-Rings Required),Triple Flange,Black Nickel,Light Torch,3.43,1.74,"Warm, deep settled center",1.6794,Rounded body with a clear start,2.7055,"Dark, complex Heritage bloom",2.963,simple:warm-deep-settled-center > shaped:rounded-body-clear-start > complex:dark-complex-heritage-bloom,4.31,4.77,4.98,6.05,5.59,5.25,4.4,-0.69,-0.23,-0.02,1.05,0.59,0.25,-0.6,"A darker, more complex Heritage read with a drier top edge, longer sustain, and extra overtone character from the thin re-ring shell.","A cleaner, slightly more modern Heritage presentation with a lighter TorchTuned imprint that preserves more openness, touch response, and a slightly freer shell reaction, while keeping the shell-first balance intact.","Warmer and more body-forward than the benchmark Heritage build; a rounder and less immediate note start; a longer, broader note bloom; the lighter TorchTune finish preserves more touch response and a freer shell reaction; the thin re-ring shell adds darker complex overtones and longer sustain."
14x6.5 • 10 lugs • 10 - 7mm + $150 (Re-Rings Required) • Triple Flange • Black Nickel • Medium Torch,14|6.5|10|10 - 7mm + $150 (Re-Rings Required)|Triple Flange|Black Nickel|Medium Torch,14,6.5,10,10 - 7mm + $150 (Re-Rings Required),Triple Flange,Black Nickel,Medium Torch,2.82,1.3,"Warm, deep settled center",1.6014,Rounded body with a clear start,2.6055,"Dark, complex Heritage bloom",2.595,simple:warm-deep-settled-center > shaped:rounded-body-clear-start > complex:dark-complex-heritage-bloom,4.49,4.59,4.87,5.79,5.67,5.01,4.7,-0.51,-0.41,-0.13,0.79,0.67,0.01,-0.3,A shifted Heritage read with a noticeable personality move away from the reference center while still keeping the line’s shell-first character.,"A seasoned, slightly more modern Heritage presentation with a balanced TorchTuned posture, while keeping the shell-first balance intact.","Warmer and more body-forward than the benchmark Heritage build; a longer, broader note bloom; Triple Flange hoops preserve more of the line’s native openness."
14x6.5 • 10 lugs • 10 - 7mm + $150 (Re-Rings Required) • Triple Flange • Black Nickel • Blackened,14|6.5|10|10 - 7mm + $150 (Re-Rings Required)|Triple Flange|Black Nickel|Blackened,14,6.5,10,10 - 7mm + $150 (Re-Rings Required),Triple Flange,Black Nickel,Blackened,2.67,1.34,"Warm, deep settled center",1.3714,Rounded body with a clear start,2.1635,"Dark, complex Heritage bloom",2.36,simple:warm-deep-settled-center > shaped:rounded-body-clear-start > complex:dark-complex-heritage-bloom,4.67,4.41,4.76,5.53,5.75,4.77,5,-0.33,-0.59,-0.24,0.53,0.75,-0.23,0,A shifted Heritage read with a noticeable personality move away from the reference center while still keeping the line’s shell-first character.,"A darker, slightly more modern Heritage presentation with a stronger TorchTuned imprint that favors firmer note control, slightly lower sensitivity, and a more unified shell response under heavier treatment, while keeping the emphasis on body, weight, and shell character.",Warmer and more body-forward than the benchmark Heritage build; Triple Flange hoops preserve more of the line’s native openness.
14x6.5 • 10 lugs • 10 - 7mm + $150 (Re-Rings Required) • Triple Flange • Brass/Gold • Light Torch,14|6.5|10|10 - 7mm + $150 (Re-Rings Required)|Triple Flange|Brass/Gold|Light Torch,14,6.5,10,10 - 7mm + $150 (Re-Rings Required),Triple Flange,Brass/Gold,Light Torch,3.43,1.74,"Warm, deep settled center",1.6794,Rounded body with a clear start,2.7055,"Dark, complex Heritage bloom",2.963,simple:warm-deep-settled-center > shaped:rounded-body-clear-start > complex:dark-complex-heritage-bloom,4.31,4.77,4.98,6.05,5.59,5.25,4.4,-0.69,-0.23,-0.02,1.05,0.59,0.25,-0.6,"A darker, more complex Heritage read with a drier top edge, longer sustain, and extra overtone character from the thin re-ring shell.","A cleaner, richer Heritage presentation with a lighter TorchTuned imprint that preserves more openness, touch response, and a slightly freer shell reaction, while keeping the shell-first balance intact.","Warmer and more body-forward than the benchmark Heritage build; a rounder and less immediate note start; a longer, broader note bloom; the lighter TorchTune finish preserves more touch response and a freer shell reaction; the thin re-ring shell adds darker complex overtones and longer sustain."
14x6.5 • 10 lugs • 10 - 7mm + $150 (Re-Rings Required) • Triple Flange • Brass/Gold • Medium Torch,14|6.5|10|10 - 7mm + $150 (Re-Rings Required)|Triple Flange|Brass/Gold|Medium Torch,14,6.5,10,10 - 7mm + $150 (Re-Rings Required),Triple Flange,Brass/Gold,Medium Torch,2.82,1.3,"Warm, deep settled center",1.6014,Rounded body with a clear start,2.6055,"Dark, complex Heritage bloom",2.595,simple:warm-deep-settled-center > shaped:rounded-body-clear-start > complex:dark-complex-heritage-bloom,4.49,4.59,4.87,5.79,5.67,5.01,4.7,-0.51,-0.41,-0.13,0.79,0.67,0.01,-0.3,A shifted Heritage read with a noticeable personality move away from the reference center while still keeping the line’s shell-first character.,"A seasoned, richer Heritage presentation with a balanced TorchTuned posture, while keeping the shell-first balance intact.","Warmer and more body-forward than the benchmark Heritage build; a longer, broader note bloom; Triple Flange hoops preserve more of the line’s native openness."
14x6.5 • 10 lugs • 10 - 7mm + $150 (Re-Rings Required) • Triple Flange • Brass/Gold • Blackened,14|6.5|10|10 - 7mm + $150 (Re-Rings Required)|Triple Flange|Brass/Gold|Blackened,14,6.5,10,10 - 7mm + $150 (Re-Rings Required),Triple Flange,Brass/Gold,Blackened,2.67,1.34,"Warm, deep settled center",1.3714,Rounded body with a clear start,2.1635,"Dark, complex Heritage bloom",2.36,simple:warm-deep-settled-center > shaped:rounded-body-clear-start > complex:dark-complex-heritage-bloom,4.67,4.41,4.76,5.53,5.75,4.77,5,-0.33,-0.59,-0.24,0.53,0.75,-0.23,0,A shifted Heritage read with a noticeable personality move away from the reference center while still keeping the line’s shell-first character.,"A darker, richer Heritage presentation with a stronger TorchTuned imprint that favors firmer note control, slightly lower sensitivity, and a more unified shell response under heavier treatment, while keeping the emphasis on body, weight, and shell character.",Warmer and more body-forward than the benchmark Heritage build; Triple Flange hoops preserve more of the line’s native openness.
14x6.5 • 10 lugs • 10 - 7mm + $150 (Re-Rings Required) • Die-Cast • Chrome • Light Torch,14|6.5|10|10 - 7mm + $150 (Re-Rings Required)|Die-Cast|Chrome|Light Torch,14,6.5,10,10 - 7mm + $150 (Re-Rings Required),Die-Cast,Chrome,Light Torch,1.85,1.12,"Warm, deep settled center",1.1234,Rounded body with a clear start,1.8845,"Dark, complex Heritage bloom",1.9715,simple:warm-deep-settled-center > shaped:rounded-body-clear-start > complex:dark-complex-heritage-bloom,4.63,4.99,5.17,5.75,5.38,5,4.83,-0.37,-0.01,0.17,0.75,0.38,0,-0.17,"A focused-but-open Heritage read: the die-cast hoops tighten the rim response, while the lighter TorchTune finish keeps more touch, air, and upper-shell liveliness in the voice.","A cleaner, classic Heritage presentation with a lighter TorchTuned imprint that preserves more openness, touch response, and a slightly freer shell reaction, while keeping the shell-first balance intact.","Noticeably shifted away from the benchmark Heritage center; a longer, broader note bloom; Light Torch keeps more touch and liveliness while the die-cast hoops add rim focus; the thin re-ring shell adds darker complex overtones and longer sustain; Die-Cast hoops add focus and containment."
14x6.5 • 10 lugs • 10 - 7mm + $150 (Re-Rings Required) • Die-Cast • Chrome • Medium Torch,14|6.5|10|10 - 7mm + $150 (Re-Rings Required)|Die-Cast|Chrome|Medium Torch,14,6.5,10,10 - 7mm + $150 (Re-Rings Required),Die-Cast,Chrome,Medium Torch,1.76,0.73,Focused throw with clean shape,1.352,Rounded body with a clear start,1.7845,"Dark, complex Heritage bloom",1.675,simple:focused-throw-clean-shape > shaped:rounded-body-clear-start > complex:dark-complex-heritage-bloom,4.81,4.81,5.06,5.49,5.46,4.76,5.13,-0.19,-0.19,0.06,0.49,0.46,-0.24,0.13,"A more focused Heritage read with firmer note shape, cleaner front edge, and tighter overall behavior.","A seasoned, classic Heritage presentation with a balanced TorchTuned posture, while keeping the shell-first balance intact.",Close to the benchmark Heritage warmth posture; the Medium Torch benchmark keeps the line centered between openness and control; Die-Cast hoops add focus and containment.
14x6.5 • 10 lugs • 10 - 7mm + $150 (Re-Rings Required) • Die-Cast • Chrome • Blackened,14|6.5|10|10 - 7mm + $150 (Re-Rings Required)|Die-Cast|Chrome|Blackened,14,6.5,10,10 - 7mm + $150 (Re-Rings Required),Die-Cast,Chrome,Blackened,2.11,1.02,Focused throw with clean shape,1.368,Grounded body with directed carry,1.6085,"Dark, contained shell shape",2.501,simple:focused-throw-clean-shape > shaped:grounded-body-directed-carry > complex:dark-contained-shell-shape,4.99,4.63,4.95,5.23,5.54,4.52,5.43,-0.01,-0.37,-0.05,0.23,0.54,-0.48,0.43,"A more TorchTuned-forward Heritage read, where the heavier scorch treatment adds a firmer center, slightly tighter bloom, and a more settled shell response.","A darker, classic Heritage presentation with a stronger TorchTuned imprint that favors firmer note control, slightly lower sensitivity, and a more unified shell response under heavier treatment, while keeping the shell-first balance intact.",Close to the benchmark Heritage warmth posture; the Blackened finish adds a more contained center and slightly firmer shell behavior; touch sensitivity is traded for a more locked-in note center; Die-Cast hoops add focus and containment.
14x6.5 • 10 lugs • 10 - 7mm + $150 (Re-Rings Required) • Die-Cast • Black Nickel • Light Torch,14|6.5|10|10 - 7mm + $150 (Re-Rings Required)|Die-Cast|Black Nickel|Light Torch,14,6.5,10,10 - 7mm + $150 (Re-Rings Required),Die-Cast,Black Nickel,Light Torch,1.85,1.12,"Warm, deep settled center",1.1234,Rounded body with a clear start,1.8845,"Dark, complex Heritage bloom",1.9715,simple:warm-deep-settled-center > shaped:rounded-body-clear-start > complex:dark-complex-heritage-bloom,4.63,4.99,5.17,5.75,5.38,5,4.83,-0.37,-0.01,0.17,0.75,0.38,0,-0.17,"A focused-but-open Heritage read: the die-cast hoops tighten the rim response, while the lighter TorchTune finish keeps more touch, air, and upper-shell liveliness in the voice.","A cleaner, slightly more modern Heritage presentation with a lighter TorchTuned imprint that preserves more openness, touch response, and a slightly freer shell reaction, while keeping the shell-first balance intact.","Noticeably shifted away from the benchmark Heritage center; a longer, broader note bloom; Light Torch keeps more touch and liveliness while the die-cast hoops add rim focus; the thin re-ring shell adds darker complex overtones and longer sustain; Die-Cast hoops add focus and containment."
14x6.5 • 10 lugs • 10 - 7mm + $150 (Re-Rings Required) • Die-Cast • Black Nickel • Medium Torch,14|6.5|10|10 - 7mm + $150 (Re-Rings Required)|Die-Cast|Black Nickel|Medium Torch,14,6.5,10,10 - 7mm + $150 (Re-Rings Required),Die-Cast,Black Nickel,Medium Torch,1.76,0.73,Focused throw with clean shape,1.352,Rounded body with a clear start,1.7845,"Dark, complex Heritage bloom",1.675,simple:focused-throw-clean-shape > shaped:rounded-body-clear-start > complex:dark-complex-heritage-bloom,4.81,4.81,5.06,5.49,5.46,4.76,5.13,-0.19,-0.19,0.06,0.49,0.46,-0.24,0.13,"A more focused Heritage read with firmer note shape, cleaner front edge, and tighter overall behavior.","A seasoned, slightly more modern Heritage presentation with a balanced TorchTuned posture, while keeping the shell-first balance intact.",Close to the benchmark Heritage warmth posture; the Medium Torch benchmark keeps the line centered between openness and control; Die-Cast hoops add focus and containment.
14x6.5 • 10 lugs • 10 - 7mm + $150 (Re-Rings Required) • Die-Cast • Black Nickel • Blackened,14|6.5|10|10 - 7mm + $150 (Re-Rings Required)|Die-Cast|Black Nickel|Blackened,14,6.5,10,10 - 7mm + $150 (Re-Rings Required),Die-Cast,Black Nickel,Blackened,2.11,1.02,Focused throw with clean shape,1.368,Grounded body with directed carry,1.6085,"Dark, contained shell shape",2.501,simple:focused-throw-clean-shape > shaped:grounded-body-directed-carry > complex:dark-contained-shell-shape,4.99,4.63,4.95,5.23,5.54,4.52,5.43,-0.01,-0.37,-0.05,0.23,0.54,-0.48,0.43,"A more TorchTuned-forward Heritage read, where the heavier scorch treatment adds a firmer center, slightly tighter bloom, and a more settled shell response.","A darker, slightly more modern Heritage presentation with a stronger TorchTuned imprint that favors firmer note control, slightly lower sensitivity, and a more unified shell response under heavier treatment, while keeping the shell-first balance intact.",Close to the benchmark Heritage warmth posture; the Blackened finish adds a more contained center and slightly firmer shell behavior; touch sensitivity is traded for a more locked-in note center; Die-Cast hoops add focus and containment.
14x6.5 • 10 lugs • 10 - 7mm + $150 (Re-Rings Required) • Die-Cast • Brass/Gold • Light Torch,14|6.5|10|10 - 7mm + $150 (Re-Rings Required)|Die-Cast|Brass/Gold|Light Torch,14,6.5,10,10 - 7mm + $150 (Re-Rings Required),Die-Cast,Brass/Gold,Light Torch,1.85,1.12,"Warm, deep settled center",1.1234,Rounded body with a clear start,1.8845,"Dark, complex Heritage bloom",1.9715,simple:warm-deep-settled-center > shaped:rounded-body-clear-start > complex:dark-complex-heritage-bloom,4.63,4.99,5.17,5.75,5.38,5,4.83,-0.37,-0.01,0.17,0.75,0.38,0,-0.17,"A focused-but-open Heritage read: the die-cast hoops tighten the rim response, while the lighter TorchTune finish keeps more touch, air, and upper-shell liveliness in the voice.","A cleaner, richer Heritage presentation with a lighter TorchTuned imprint that preserves more openness, touch response, and a slightly freer shell reaction, while keeping the shell-first balance intact.","Noticeably shifted away from the benchmark Heritage center; a longer, broader note bloom; Light Torch keeps more touch and liveliness while the die-cast hoops add rim focus; the thin re-ring shell adds darker complex overtones and longer sustain; Die-Cast hoops add focus and containment."
14x6.5 • 10 lugs • 10 - 7mm + $150 (Re-Rings Required) • Die-Cast • Brass/Gold • Medium Torch,14|6.5|10|10 - 7mm + $150 (Re-Rings Required)|Die-Cast|Brass/Gold|Medium Torch,14,6.5,10,10 - 7mm + $150 (Re-Rings Required),Die-Cast,Brass/Gold,Medium Torch,1.76,0.73,Focused throw with clean shape,1.352,Rounded body with a clear start,1.7845,"Dark, complex Heritage bloom",1.675,simple:focused-throw-clean-shape > shaped:rounded-body-clear-start > complex:dark-complex-heritage-bloom,4.81,4.81,5.06,5.49,5.46,4.76,5.13,-0.19,-0.19,0.06,0.49,0.46,-0.24,0.13,"A more focused Heritage read with firmer note shape, cleaner front edge, and tighter overall behavior.","A seasoned, richer Heritage presentation with a balanced TorchTuned posture, while keeping the shell-first balance intact.",Close to the benchmark Heritage warmth posture; the Medium Torch benchmark keeps the line centered between openness and control; Die-Cast hoops add focus and containment.
14x6.5 • 10 lugs • 10 - 7mm + $150 (Re-Rings Required) • Die-Cast • Brass/Gold • Blackened,14|6.5|10|10 - 7mm + $150 (Re-Rings Required)|Die-Cast|Brass/Gold|Blackened,14,6.5,10,10 - 7mm + $150 (Re-Rings Required),Die-Cast,Brass/Gold,Blackened,2.11,1.02,Focused throw with clean shape,1.368,Grounded body with directed carry,1.6085,"Dark, contained shell shape",2.501,simple:focused-throw-clean-shape > shaped:grounded-body-directed-carry > complex:dark-contained-shell-shape,4.99,4.63,4.95,5.23,5.54,4.52,5.43,-0.01,-0.37,-0.05,0.23,0.54,-0.48,0.43,"A more TorchTuned-forward Heritage read, where the heavier scorch treatment adds a firmer center, slightly tighter bloom, and a more settled shell response.","A darker, richer Heritage presentation with a stronger TorchTuned imprint that favors firmer note control, slightly lower sensitivity, and a more unified shell response under heavier treatment, while keeping the shell-first balance intact.",Close to the benchmark Heritage warmth posture; the Blackened finish adds a more contained center and slightly firmer shell behavior; touch sensitivity is traded for a more locked-in note center; Die-Cast hoops add focus and containment.
14x7.0 • 8 lugs • 16 - 10mm • Triple Flange • Chrome • Light Torch,14|7.0|8|16 - 10mm|Triple Flange|Chrome|Light Torch,14,7.0,8,16 - 10mm,Triple Flange,Chrome,Light Torch,3.05,1.43,"Warm, deep settled center",2.2844,"Expressive, blooming response",2.4265,"Dark, complex Heritage bloom",2.195,simple:warm-deep-settled-center > shaped:expressive-blooming-response > complex:dark-complex-heritage-bloom,4.46,4.9,5.29,5.89,5.75,5.12,4.64,-0.54,-0.1,0.29,0.89,0.75,0.12,-0.36,"A more open Heritage read, where the lighter torch treatment preserves extra liveliness, touch response, and a slightly freer bloom through the shell.","A cleaner, classic Heritage presentation with a lighter TorchTuned imprint that preserves more openness, touch response, and a slightly freer shell reaction, while keeping the emphasis on body, weight, and shell character.","Warmer and more body-forward than the benchmark Heritage build; a longer, broader note bloom; the lighter TorchTune finish preserves more touch response and a freer shell reaction; Triple Flange hoops preserve more of the line’s native openness."
14x7.0 • 8 lugs • 16 - 10mm • Triple Flange • Chrome • Medium Torch,14|7.0|8|16 - 10mm|Triple Flange|Chrome|Medium Torch,14,7.0,8,16 - 10mm,Triple Flange,Chrome,Medium Torch,2.46,1.19,"Warm, deep settled center",2.2064,Rounded body with a clear start,2.315,"Dark, complex Heritage bloom",1.827,simple:warm-deep-settled-center > shaped:rounded-body-clear-start > complex:dark-complex-heritage-bloom,4.64,4.72,5.18,5.63,5.83,4.88,4.94,-0.36,-0.28,0.18,0.63,0.83,-0.12,-0.06,"A fuller Heritage read with broader body, deeper bloom, and a more grounded voice in the room.","A seasoned, classic Heritage presentation with a balanced TorchTuned posture, while keeping the emphasis on body, weight, and shell character.",Warmer and more body-forward than the benchmark Heritage build; Triple Flange hoops preserve more of the line’s native openness.
14x7.0 • 8 lugs • 16 - 10mm • Triple Flange • Chrome • Blackened,14|7.0|8|16 - 10mm|Triple Flange|Chrome|Blackened,14,7.0,8,16 - 10mm,Triple Flange,Chrome,Blackened,2.41,1.19,"Warm, deep settled center",1.8164,Grounded body with directed carry,2.0015,"Dark, complex Heritage bloom",1.582,simple:warm-deep-settled-center > shaped:grounded-body-directed-carry > complex:dark-complex-heritage-bloom,4.82,4.56,5.07,5.37,5.75,4.64,5.24,-0.18,-0.44,0.07,0.37,0.75,-0.36,0.24,"A more TorchTuned-forward Heritage read, where the heavier scorch treatment adds a firmer center, slightly tighter bloom, and a more settled shell response.","A darker, classic Heritage presentation with a stronger TorchTuned imprint that favors firmer note control, slightly lower sensitivity, and a more unified shell response under heavier treatment, while keeping the emphasis on body, weight, and shell character.",Warmer and more body-forward than the benchmark Heritage build; the Blackened finish adds a more contained center and slightly firmer shell behavior; Triple Flange hoops preserve more of the line’s native openness.
14x7.0 • 8 lugs • 16 - 10mm • Triple Flange • Black Nickel • Light Torch,14|7.0|8|16 - 10mm|Triple Flange|Black Nickel|Light Torch,14,7.0,8,16 - 10mm,Triple Flange,Black Nickel,Light Torch,3.05,1.43,"Warm, deep settled center",2.2844,"Expressive, blooming response",2.4265,"Dark, complex Heritage bloom",2.195,simple:warm-deep-settled-center > shaped:expressive-blooming-response > complex:dark-complex-heritage-bloom,4.46,4.9,5.29,5.89,5.75,5.12,4.64,-0.54,-0.1,0.29,0.89,0.75,0.12,-0.36,"A more open Heritage read, where the lighter torch treatment preserves extra liveliness, touch response, and a slightly freer bloom through the shell.","A cleaner, slightly more modern Heritage presentation with a lighter TorchTuned imprint that preserves more openness, touch response, and a slightly freer shell reaction, while keeping the emphasis on body, weight, and shell character.","Warmer and more body-forward than the benchmark Heritage build; a longer, broader note bloom; the lighter TorchTune finish preserves more touch response and a freer shell reaction; Triple Flange hoops preserve more of the line’s native openness."
14x7.0 • 8 lugs • 16 - 10mm • Triple Flange • Black Nickel • Medium Torch,14|7.0|8|16 - 10mm|Triple Flange|Black Nickel|Medium Torch,14,7.0,8,16 - 10mm,Triple Flange,Black Nickel,Medium Torch,2.46,1.19,"Warm, deep settled center",2.2064,Rounded body with a clear start,2.315,"Dark, complex Heritage bloom",1.827,simple:warm-deep-settled-center > shaped:rounded-body-clear-start > complex:dark-complex-heritage-bloom,4.64,4.72,5.18,5.63,5.83,4.88,4.94,-0.36,-0.28,0.18,0.63,0.83,-0.12,-0.06,"A fuller Heritage read with broader body, deeper bloom, and a more grounded voice in the room.","A seasoned, slightly more modern Heritage presentation with a balanced TorchTuned posture, while keeping the emphasis on body, weight, and shell character.",Warmer and more body-forward than the benchmark Heritage build; Triple Flange hoops preserve more of the line’s native openness.
14x7.0 • 8 lugs • 16 - 10mm • Triple Flange • Black Nickel • Blackened,14|7.0|8|16 - 10mm|Triple Flange|Black Nickel|Blackened,14,7.0,8,16 - 10mm,Triple Flange,Black Nickel,Blackened,2.41,1.19,"Warm, deep settled center",1.8164,Grounded body with directed carry,2.0015,"Dark, complex Heritage bloom",1.582,simple:warm-deep-settled-center > shaped:grounded-body-directed-carry > complex:dark-complex-heritage-bloom,4.82,4.56,5.07,5.37,5.75,4.64,5.24,-0.18,-0.44,0.07,0.37,0.75,-0.36,0.24,"A more TorchTuned-forward Heritage read, where the heavier scorch treatment adds a firmer center, slightly tighter bloom, and a more settled shell response.","A darker, slightly more modern Heritage presentation with a stronger TorchTuned imprint that favors firmer note control, slightly lower sensitivity, and a more unified shell response under heavier treatment, while keeping the emphasis on body, weight, and shell character.",Warmer and more body-forward than the benchmark Heritage build; the Blackened finish adds a more contained center and slightly firmer shell behavior; Triple Flange hoops preserve more of the line’s native openness.
14x7.0 • 8 lugs • 16 - 10mm • Triple Flange • Brass/Gold • Light Torch,14|7.0|8|16 - 10mm|Triple Flange|Brass/Gold|Light Torch,14,7.0,8,16 - 10mm,Triple Flange,Brass/Gold,Light Torch,3.05,1.43,"Warm, deep settled center",2.2844,"Expressive, blooming response",2.4265,"Dark, complex Heritage bloom",2.195,simple:warm-deep-settled-center > shaped:expressive-blooming-response > complex:dark-complex-heritage-bloom,4.46,4.9,5.29,5.89,5.75,5.12,4.64,-0.54,-0.1,0.29,0.89,0.75,0.12,-0.36,"A more open Heritage read, where the lighter torch treatment preserves extra liveliness, touch response, and a slightly freer bloom through the shell.","A cleaner, richer Heritage presentation with a lighter TorchTuned imprint that preserves more openness, touch response, and a slightly freer shell reaction, while keeping the emphasis on body, weight, and shell character.","Warmer and more body-forward than the benchmark Heritage build; a longer, broader note bloom; the lighter TorchTune finish preserves more touch response and a freer shell reaction; Triple Flange hoops preserve more of the line’s native openness."
14x7.0 • 8 lugs • 16 - 10mm • Triple Flange • Brass/Gold • Medium Torch,14|7.0|8|16 - 10mm|Triple Flange|Brass/Gold|Medium Torch,14,7.0,8,16 - 10mm,Triple Flange,Brass/Gold,Medium Torch,2.46,1.19,"Warm, deep settled center",2.2064,Rounded body with a clear start,2.315,"Dark, complex Heritage bloom",1.827,simple:warm-deep-settled-center > shaped:rounded-body-clear-start > complex:dark-complex-heritage-bloom,4.64,4.72,5.18,5.63,5.83,4.88,4.94,-0.36,-0.28,0.18,0.63,0.83,-0.12,-0.06,"A fuller Heritage read with broader body, deeper bloom, and a more grounded voice in the room.","A seasoned, richer Heritage presentation with a balanced TorchTuned posture, while keeping the emphasis on body, weight, and shell character.",Warmer and more body-forward than the benchmark Heritage build; Triple Flange hoops preserve more of the line’s native openness.
14x7.0 • 8 lugs • 16 - 10mm • Triple Flange • Brass/Gold • Blackened,14|7.0|8|16 - 10mm|Triple Flange|Brass/Gold|Blackened,14,7.0,8,16 - 10mm,Triple Flange,Brass/Gold,Blackened,2.41,1.19,"Warm, deep settled center",1.8164,Grounded body with directed carry,2.0015,"Dark, complex Heritage bloom",1.582,simple:warm-deep-settled-center > shaped:grounded-body-directed-carry > complex:dark-complex-heritage-bloom,4.82,4.56,5.07,5.37,5.75,4.64,5.24,-0.18,-0.44,0.07,0.37,0.75,-0.36,0.24,"A more TorchTuned-forward Heritage read, where the heavier scorch treatment adds a firmer center, slightly tighter bloom, and a more settled shell response.","A darker, richer Heritage presentation with a stronger TorchTuned imprint that favors firmer note control, slightly lower sensitivity, and a more unified shell response under heavier treatment, while keeping the emphasis on body, weight, and shell character.",Warmer and more body-forward than the benchmark Heritage build; the Blackened finish adds a more contained center and slightly firmer shell behavior; Triple Flange hoops preserve more of the line’s native openness.
14x7.0 • 8 lugs • 16 - 10mm • Die-Cast • Chrome • Light Torch,14|7.0|8|16 - 10mm|Die-Cast|Chrome|Light Torch,14,7.0,8,16 - 10mm,Die-Cast,Chrome,Light Torch,2.19,0.8,"Warm, deep settled center",1.7494,Grounded body with directed carry,2.315,"Wide, open Heritage bloom",1.3625,simple:warm-deep-settled-center > shaped:grounded-body-directed-carry > complex:wide-open-heritage-bloom,4.78,5.12,5.5,5.58,5.57,4.9,5.1,-0.22,0.12,0.5,0.58,0.57,-0.1,0.1,"A focused-but-open Heritage read: the die-cast hoops tighten the rim response, while the lighter TorchTune finish keeps more touch, air, and upper-shell liveliness in the voice.","A cleaner, classic Heritage presentation with a lighter TorchTuned imprint that preserves more openness, touch response, and a slightly freer shell reaction, while keeping the shell-first balance intact.",Warmer and more body-forward than the benchmark Heritage build; Light Torch keeps more touch and liveliness while the die-cast hoops add rim focus; Die-Cast hoops add focus and containment.
14x7.0 • 8 lugs • 16 - 10mm • Die-Cast • Chrome • Medium Torch,14|7.0|8|16 - 10mm|Die-Cast|Chrome|Medium Torch,14,7.0,8,16 - 10mm,Die-Cast,Chrome,Medium Torch,2.21,0.99,"Warm, deep settled center",1.6714,Grounded body with directed carry,2.5565,Body that blooms outward,1.1654,simple:warm-deep-settled-center > shaped:grounded-body-directed-carry > complex:body-blooms-outward,4.96,4.93,5.39,5.32,5.65,4.66,5.4,-0.04,-0.07,0.39,0.32,0.65,-0.34,0.4,"A more focused Heritage read with firmer note shape, cleaner front edge, and tighter overall behavior.","A seasoned, classic Heritage presentation with a balanced TorchTuned posture, while keeping the shell-first balance intact.",Warmer and more body-forward than the benchmark Heritage build; Die-Cast hoops add focus and containment.
14x7.0 • 8 lugs • 16 - 10mm • Die-Cast • Chrome • Blackened,14|7.0|8|16 - 10mm|Die-Cast|Chrome|Blackened,14,7.0,8,16 - 10mm,Die-Cast,Chrome,Blackened,2.52,1.28,"Warm, deep settled center",1.2614,Grounded body with directed carry,2.618,"Dark, contained shell shape",2.5255,simple:warm-deep-settled-center > shaped:grounded-body-directed-carry > complex:dark-contained-shell-shape,5.14,4.79,5.28,5.06,5.55,4.42,5.7,0.14,-0.21,0.28,0.06,0.55,-0.58,0.7,"A more TorchTuned-forward Heritage read, where the heavier scorch treatment adds a firmer center, slightly tighter bloom, and a more settled shell response.","A darker, classic Heritage presentation with a stronger TorchTuned imprint that favors firmer note control, slightly lower sensitivity, and a more unified shell response under heavier treatment, while keeping the shell centered and composed.",Noticeably shifted away from the benchmark Heritage center; the Blackened finish pushes the read toward stronger control and a more disciplined shell response; touch sensitivity is traded for a more locked-in note center; Die-Cast hoops add focus and containment.
14x7.0 • 8 lugs • 16 - 10mm • Die-Cast • Black Nickel • Light Torch,14|7.0|8|16 - 10mm|Die-Cast|Black Nickel|Light Torch,14,7.0,8,16 - 10mm,Die-Cast,Black Nickel,Light Torch,2.19,0.8,"Warm, deep settled center",1.7494,Grounded body with directed carry,2.315,"Wide, open Heritage bloom",1.3625,simple:warm-deep-settled-center > shaped:grounded-body-directed-carry > complex:wide-open-heritage-bloom,4.78,5.12,5.5,5.58,5.57,4.9,5.1,-0.22,0.12,0.5,0.58,0.57,-0.1,0.1,"A focused-but-open Heritage read: the die-cast hoops tighten the rim response, while the lighter TorchTune finish keeps more touch, air, and upper-shell liveliness in the voice.","A cleaner, slightly more modern Heritage presentation with a lighter TorchTuned imprint that preserves more openness, touch response, and a slightly freer shell reaction, while keeping the shell-first balance intact.",Warmer and more body-forward than the benchmark Heritage build; Light Torch keeps more touch and liveliness while the die-cast hoops add rim focus; Die-Cast hoops add focus and containment.
14x7.0 • 8 lugs • 16 - 10mm • Die-Cast • Black Nickel • Medium Torch,14|7.0|8|16 - 10mm|Die-Cast|Black Nickel|Medium Torch,14,7.0,8,16 - 10mm,Die-Cast,Black Nickel,Medium Torch,2.21,0.99,"Warm, deep settled center",1.6714,Grounded body with directed carry,2.5565,Body that blooms outward,1.1654,simple:warm-deep-settled-center > shaped:grounded-body-directed-carry > complex:body-blooms-outward,4.96,4.93,5.39,5.32,5.65,4.66,5.4,-0.04,-0.07,0.39,0.32,0.65,-0.34,0.4,"A more focused Heritage read with firmer note shape, cleaner front edge, and tighter overall behavior.","A seasoned, slightly more modern Heritage presentation with a balanced TorchTuned posture, while keeping the shell-first balance intact.",Warmer and more body-forward than the benchmark Heritage build; Die-Cast hoops add focus and containment.
14x7.0 • 8 lugs • 16 - 10mm • Die-Cast • Black Nickel • Blackened,14|7.0|8|16 - 10mm|Die-Cast|Black Nickel|Blackened,14,7.0,8,16 - 10mm,Die-Cast,Black Nickel,Blackened,2.52,1.28,"Warm, deep settled center",1.2614,Grounded body with directed carry,2.618,"Dark, contained shell shape",2.5255,simple:warm-deep-settled-center > shaped:grounded-body-directed-carry > complex:dark-contained-shell-shape,5.14,4.79,5.28,5.06,5.55,4.42,5.7,0.14,-0.21,0.28,0.06,0.55,-0.58,0.7,"A more TorchTuned-forward Heritage read, where the heavier scorch treatment adds a firmer center, slightly tighter bloom, and a more settled shell response.","A darker, slightly more modern Heritage presentation with a stronger TorchTuned imprint that favors firmer note control, slightly lower sensitivity, and a more unified shell response under heavier treatment, while keeping the shell centered and composed.",Noticeably shifted away from the benchmark Heritage center; the Blackened finish pushes the read toward stronger control and a more disciplined shell response; touch sensitivity is traded for a more locked-in note center; Die-Cast hoops add focus and containment.
14x7.0 • 8 lugs • 16 - 10mm • Die-Cast • Brass/Gold • Light Torch,14|7.0|8|16 - 10mm|Die-Cast|Brass/Gold|Light Torch,14,7.0,8,16 - 10mm,Die-Cast,Brass/Gold,Light Torch,2.19,0.8,"Warm, deep settled center",1.7494,Grounded body with directed carry,2.315,"Wide, open Heritage bloom",1.3625,simple:warm-deep-settled-center > shaped:grounded-body-directed-carry > complex:wide-open-heritage-bloom,4.78,5.12,5.5,5.58,5.57,4.9,5.1,-0.22,0.12,0.5,0.58,0.57,-0.1,0.1,"A focused-but-open Heritage read: the die-cast hoops tighten the rim response, while the lighter TorchTune finish keeps more touch, air, and upper-shell liveliness in the voice.","A cleaner, richer Heritage presentation with a lighter TorchTuned imprint that preserves more openness, touch response, and a slightly freer shell reaction, while keeping the shell-first balance intact.",Warmer and more body-forward than the benchmark Heritage build; Light Torch keeps more touch and liveliness while the die-cast hoops add rim focus; Die-Cast hoops add focus and containment.
14x7.0 • 8 lugs • 16 - 10mm • Die-Cast • Brass/Gold • Medium Torch,14|7.0|8|16 - 10mm|Die-Cast|Brass/Gold|Medium Torch,14,7.0,8,16 - 10mm,Die-Cast,Brass/Gold,Medium Torch,2.21,0.99,"Warm, deep settled center",1.6714,Grounded body with directed carry,2.5565,Body that blooms outward,1.1654,simple:warm-deep-settled-center > shaped:grounded-body-directed-carry > complex:body-blooms-outward,4.96,4.93,5.39,5.32,5.65,4.66,5.4,-0.04,-0.07,0.39,0.32,0.65,-0.34,0.4,"A more focused Heritage read with firmer note shape, cleaner front edge, and tighter overall behavior.","A seasoned, richer Heritage presentation with a balanced TorchTuned posture, while keeping the shell-first balance intact.",Warmer and more body-forward than the benchmark Heritage build; Die-Cast hoops add focus and containment.
14x7.0 • 8 lugs • 16 - 10mm • Die-Cast • Brass/Gold • Blackened,14|7.0|8|16 - 10mm|Die-Cast|Brass/Gold|Blackened,14,7.0,8,16 - 10mm,Die-Cast,Brass/Gold,Blackened,2.52,1.28,"Warm, deep settled center",1.2614,Grounded body with directed carry,2.618,"Dark, contained shell shape",2.5255,simple:warm-deep-settled-center > shaped:grounded-body-directed-carry > complex:dark-contained-shell-shape,5.14,4.79,5.28,5.06,5.55,4.42,5.7,0.14,-0.21,0.28,0.06,0.55,-0.58,0.7,"A more TorchTuned-forward Heritage read, where the heavier scorch treatment adds a firmer center, slightly tighter bloom, and a more settled shell response.","A darker, richer Heritage presentation with a stronger TorchTuned imprint that favors firmer note control, slightly lower sensitivity, and a more unified shell response under heavier treatment, while keeping the shell centered and composed.",Noticeably shifted away from the benchmark Heritage center; the Blackened finish pushes the read toward stronger control and a more disciplined shell response; touch sensitivity is traded for a more locked-in note center; Die-Cast hoops add focus and containment.
14x7.0 • 10 lugs • 20 - 12mm • Triple Flange • Chrome • Light Torch,14|7.0|10|20 - 12mm|Triple Flange|Chrome|Light Torch,14,7.0,10,20 - 12mm,Triple Flange,Chrome,Light Torch,2.82,1.53,Focused throw with clean shape,2.195,Grounded body with directed carry,2.685,Shorter note with firm response,1.5945,simple:focused-throw-clean-shape > shaped:grounded-body-directed-carry > complex:shorter-note-firm-response,5.29,5.18,6.05,5.14,5.37,4.52,5.31,0.29,0.18,1.05,0.14,0.37,-0.48,0.31,A shifted Heritage read with a noticeable personality move away from the reference center while still keeping the line’s shell-first character.,"A cleaner, classic Heritage presentation with a lighter TorchTuned imprint that preserves more openness, touch response, and a slightly freer shell reaction, while keeping the shell-first balance intact.",Noticeably shifted away from the benchmark Heritage center; stronger outward throw; Triple Flange hoops preserve more of the line’s native openness.
14x7.0 • 10 lugs • 20 - 12mm • Triple Flange • Chrome • Medium Torch,14|7.0|10|20 - 12mm|Triple Flange|Chrome|Medium Torch,14,7.0,10,20 - 12mm,Triple Flange,Chrome,Medium Torch,3.31,1.66,Focused throw with clean shape,2.265,Grounded body with directed carry,2.9265,Shorter note with firm response,2.098,simple:focused-throw-clean-shape > shaped:grounded-body-directed-carry > complex:shorter-note-firm-response,5.47,5,5.94,4.88,5.45,4.28,5.61,0.47,0,0.94,-0.12,0.45,-0.72,0.61,"A fuller Heritage read with broader body, deeper bloom, and a more grounded voice in the room.","A seasoned, classic Heritage presentation with a balanced TorchTuned posture, while keeping the shell centered and composed.",Noticeably shifted away from the benchmark Heritage center; stronger outward throw; Triple Flange hoops preserve more of the line’s native openness.
14x7.0 • 10 lugs • 20 - 12mm • Triple Flange • Chrome • Blackened,14|7.0|10|20 - 12mm|Triple Flange|Chrome|Blackened,14,7.0,10,20 - 12mm,Triple Flange,Chrome,Blackened,4.26,1.87,Focused throw with clean shape,2.411,Grounded body with directed carry,3.008,"Dark, contained shell shape",3.0375,simple:focused-throw-clean-shape > shaped:grounded-body-directed-carry > complex:dark-contained-shell-shape,5.65,4.84,5.83,4.62,5.37,4.04,5.91,0.65,-0.16,0.83,-0.38,0.37,-0.96,0.91,"A more TorchTuned-forward Heritage read, where the heavier scorch treatment adds a firmer center, slightly tighter bloom, and a more settled shell response.","A darker, classic Heritage presentation with a stronger TorchTuned imprint that favors firmer note control, slightly lower sensitivity, and a more unified shell response under heavier treatment, while keeping the front edge firm and articulate.","Noticeably shifted away from the benchmark Heritage center; a quicker, drier bite with a more defined front edge; stronger outward throw; the Blackened finish pushes the read toward stronger control and a more disciplined shell response; touch sensitivity is traded for a more locked-in note center."
14x7.0 • 10 lugs • 20 - 12mm • Triple Flange • Black Nickel • Light Torch,14|7.0|10|20 - 12mm|Triple Flange|Black Nickel|Light Torch,14,7.0,10,20 - 12mm,Triple Flange,Black Nickel,Light Torch,2.82,1.53,Focused throw with clean shape,2.195,Grounded body with directed carry,2.685,Shorter note with firm response,1.5945,simple:focused-throw-clean-shape > shaped:grounded-body-directed-carry > complex:shorter-note-firm-response,5.29,5.18,6.05,5.14,5.37,4.52,5.31,0.29,0.18,1.05,0.14,0.37,-0.48,0.31,A shifted Heritage read with a noticeable personality move away from the reference center while still keeping the line’s shell-first character.,"A cleaner, slightly more modern Heritage presentation with a lighter TorchTuned imprint that preserves more openness, touch response, and a slightly freer shell reaction, while keeping the shell-first balance intact.",Noticeably shifted away from the benchmark Heritage center; stronger outward throw; Triple Flange hoops preserve more of the line’s native openness.
14x7.0 • 10 lugs • 20 - 12mm • Triple Flange • Black Nickel • Medium Torch,14|7.0|10|20 - 12mm|Triple Flange|Black Nickel|Medium Torch,14,7.0,10,20 - 12mm,Triple Flange,Black Nickel,Medium Torch,3.31,1.66,Focused throw with clean shape,2.265,Grounded body with directed carry,2.9265,Shorter note with firm response,2.098,simple:focused-throw-clean-shape > shaped:grounded-body-directed-carry > complex:shorter-note-firm-response,5.47,5,5.94,4.88,5.45,4.28,5.61,0.47,0,0.94,-0.12,0.45,-0.72,0.61,"A fuller Heritage read with broader body, deeper bloom, and a more grounded voice in the room.","A seasoned, slightly more modern Heritage presentation with a balanced TorchTuned posture, while keeping the shell centered and composed.",Noticeably shifted away from the benchmark Heritage center; stronger outward throw; Triple Flange hoops preserve more of the line’s native openness.
14x7.0 • 10 lugs • 20 - 12mm • Triple Flange • Black Nickel • Blackened,14|7.0|10|20 - 12mm|Triple Flange|Black Nickel|Blackened,14,7.0,10,20 - 12mm,Triple Flange,Black Nickel,Blackened,4.26,1.87,Focused throw with clean shape,2.411,Grounded body with directed carry,3.008,"Dark, contained shell shape",3.0375,simple:focused-throw-clean-shape > shaped:grounded-body-directed-carry > complex:dark-contained-shell-shape,5.65,4.84,5.83,4.62,5.37,4.04,5.91,0.65,-0.16,0.83,-0.38,0.37,-0.96,0.91,"A more TorchTuned-forward Heritage read, where the heavier scorch treatment adds a firmer center, slightly tighter bloom, and a more settled shell response.","A darker, slightly more modern Heritage presentation with a stronger TorchTuned imprint that favors firmer note control, slightly lower sensitivity, and a more unified shell response under heavier treatment, while keeping the front edge firm and articulate.","Noticeably shifted away from the benchmark Heritage center; a quicker, drier bite with a more defined front edge; stronger outward throw; the Blackened finish pushes the read toward stronger control and a more disciplined shell response; touch sensitivity is traded for a more locked-in note center."
14x7.0 • 10 lugs • 20 - 12mm • Triple Flange • Brass/Gold • Light Torch,14|7.0|10|20 - 12mm|Triple Flange|Brass/Gold|Light Torch,14,7.0,10,20 - 12mm,Triple Flange,Brass/Gold,Light Torch,2.82,1.53,Focused throw with clean shape,2.195,Grounded body with directed carry,2.685,Shorter note with firm response,1.5945,simple:focused-throw-clean-shape > shaped:grounded-body-directed-carry > complex:shorter-note-firm-response,5.29,5.18,6.05,5.14,5.37,4.52,5.31,0.29,0.18,1.05,0.14,0.37,-0.48,0.31,A shifted Heritage read with a noticeable personality move away from the reference center while still keeping the line’s shell-first character.,"A cleaner, richer Heritage presentation with a lighter TorchTuned imprint that preserves more openness, touch response, and a slightly freer shell reaction, while keeping the shell-first balance intact.",Noticeably shifted away from the benchmark Heritage center; stronger outward throw; Triple Flange hoops preserve more of the line’s native openness.
14x7.0 • 10 lugs • 20 - 12mm • Triple Flange • Brass/Gold • Medium Torch,14|7.0|10|20 - 12mm|Triple Flange|Brass/Gold|Medium Torch,14,7.0,10,20 - 12mm,Triple Flange,Brass/Gold,Medium Torch,3.31,1.66,Focused throw with clean shape,2.265,Grounded body with directed carry,2.9265,Shorter note with firm response,2.098,simple:focused-throw-clean-shape > shaped:grounded-body-directed-carry > complex:shorter-note-firm-response,5.47,5,5.94,4.88,5.45,4.28,5.61,0.47,0,0.94,-0.12,0.45,-0.72,0.61,"A fuller Heritage read with broader body, deeper bloom, and a more grounded voice in the room.","A seasoned, richer Heritage presentation with a balanced TorchTuned posture, while keeping the shell centered and composed.",Noticeably shifted away from the benchmark Heritage center; stronger outward throw; Triple Flange hoops preserve more of the line’s native openness.
14x7.0 • 10 lugs • 20 - 12mm • Triple Flange • Brass/Gold • Blackened,14|7.0|10|20 - 12mm|Triple Flange|Brass/Gold|Blackened,14,7.0,10,20 - 12mm,Triple Flange,Brass/Gold,Blackened,4.26,1.87,Focused throw with clean shape,2.411,Grounded body with directed carry,3.008,"Dark, contained shell shape",3.0375,simple:focused-throw-clean-shape > shaped:grounded-body-directed-carry > complex:dark-contained-shell-shape,5.65,4.84,5.83,4.62,5.37,4.04,5.91,0.65,-0.16,0.83,-0.38,0.37,-0.96,0.91,"A more TorchTuned-forward Heritage read, where the heavier scorch treatment adds a firmer center, slightly tighter bloom, and a more settled shell response.","A darker, richer Heritage presentation with a stronger TorchTuned imprint that favors firmer note control, slightly lower sensitivity, and a more unified shell response under heavier treatment, while keeping the front edge firm and articulate.","Noticeably shifted away from the benchmark Heritage center; a quicker, drier bite with a more defined front edge; stronger outward throw; the Blackened finish pushes the read toward stronger control and a more disciplined shell response; touch sensitivity is traded for a more locked-in note center."
14x7.0 • 10 lugs • 20 - 12mm • Die-Cast • Chrome • Light Torch,14|7.0|10|20 - 12mm|Die-Cast|Chrome|Light Torch,14,7.0,10,20 - 12mm,Die-Cast,Chrome,Light Torch,4.4,1.95,Focused throw with clean shape,3.162,Grounded body with directed carry,3.6215,Shorter note with firm response,3.1215,simple:focused-throw-clean-shape > shaped:grounded-body-directed-carry > complex:shorter-note-firm-response,5.62,5.39,6.25,4.83,5.49,4.3,5.78,0.62,0.39,1.25,-0.17,0.49,-0.7,0.78,"A focused-but-open Heritage read: the die-cast hoops tighten the rim response, while the lighter TorchTune finish keeps more touch, air, and upper-shell liveliness in the voice.","A cleaner, classic Heritage presentation with a lighter TorchTuned imprint that preserves more openness, touch response, and a slightly freer shell reaction, while keeping the front edge firm and articulate.",Noticeably shifted away from the benchmark Heritage center; stronger outward throw; Light Torch keeps more touch and liveliness while the die-cast hoops add rim focus; Die-Cast hoops add focus and containment.
14x7.0 • 10 lugs • 20 - 12mm • Die-Cast • Chrome • Medium Torch,14|7.0|10|20 - 12mm|Die-Cast|Chrome|Medium Torch,14,7.0,10,20 - 12mm,Die-Cast,Chrome,Medium Torch,4.86,2.08,Focused throw with clean shape,3.232,Grounded body with directed carry,3.553,Shorter note with firm response,3.765,simple:focused-throw-clean-shape > shaped:grounded-body-directed-carry > complex:shorter-note-firm-response,5.8,5.21,6.14,4.57,5.26,4.06,6.08,0.8,0.21,1.14,-0.43,0.26,-0.94,1.08,"A deeper focused Heritage read with stronger room throw, firmer note shape, and a more controlled bloom than the open triple-flange version.","A seasoned, classic Heritage presentation with a balanced TorchTuned posture, while keeping the front edge firm and articulate.","Noticeably shifted away from the benchmark Heritage center; a quicker, drier bite with a more defined front edge; stronger outward throw; Die-Cast hoops add focus and containment."
14x7.0 • 10 lugs • 20 - 12mm • Die-Cast • Chrome • Blackened,14|7.0|10|20 - 12mm|Die-Cast|Chrome|Blackened,14,7.0,10,20 - 12mm,Die-Cast,Chrome,Blackened,5.48,2.56,Focused throw with clean shape,3.378,Grounded body with directed carry,3.6145,Shorter note with firm response,4.5795,simple:focused-throw-clean-shape > shaped:grounded-body-directed-carry > complex:shorter-note-firm-response,5.98,5.06,6.03,4.31,5.16,3.82,6.38,0.98,0.06,1.03,-0.69,0.16,-1.18,1.38,"A beefy, high-projection Heritage read with a pronounced crack, firmer die-cast focus, and a drier TorchTuned shell response from the Blackened finish.","A darker, classic Heritage presentation with a stronger TorchTuned imprint that favors firmer note control, slightly lower sensitivity, and a more unified shell response under heavier treatment, while keeping the front edge firm and articulate.","Noticeably shifted away from the benchmark Heritage center; a quicker, drier bite with a more defined front edge; a shorter, tighter note shape; stronger outward throw; the 10-lug 12mm shell adds beef and crack while Die-Cast hoops push projection."
14x7.0 • 10 lugs • 20 - 12mm • Die-Cast • Black Nickel • Light Torch,14|7.0|10|20 - 12mm|Die-Cast|Black Nickel|Light Torch,14,7.0,10,20 - 12mm,Die-Cast,Black Nickel,Light Torch,4.4,1.95,Focused throw with clean shape,3.162,Grounded body with directed carry,3.6215,Shorter note with firm response,3.1215,simple:focused-throw-clean-shape > shaped:grounded-body-directed-carry > complex:shorter-note-firm-response,5.62,5.39,6.25,4.83,5.49,4.3,5.78,0.62,0.39,1.25,-0.17,0.49,-0.7,0.78,"A focused-but-open Heritage read: the die-cast hoops tighten the rim response, while the lighter TorchTune finish keeps more touch, air, and upper-shell liveliness in the voice.","A cleaner, slightly more modern Heritage presentation with a lighter TorchTuned imprint that preserves more openness, touch response, and a slightly freer shell reaction, while keeping the front edge firm and articulate.",Noticeably shifted away from the benchmark Heritage center; stronger outward throw; Light Torch keeps more touch and liveliness while the die-cast hoops add rim focus; Die-Cast hoops add focus and containment.
14x7.0 • 10 lugs • 20 - 12mm • Die-Cast • Black Nickel • Medium Torch,14|7.0|10|20 - 12mm|Die-Cast|Black Nickel|Medium Torch,14,7.0,10,20 - 12mm,Die-Cast,Black Nickel,Medium Torch,4.86,2.08,Focused throw with clean shape,3.232,Grounded body with directed carry,3.553,Shorter note with firm response,3.765,simple:focused-throw-clean-shape > shaped:grounded-body-directed-carry > complex:shorter-note-firm-response,5.8,5.21,6.14,4.57,5.26,4.06,6.08,0.8,0.21,1.14,-0.43,0.26,-0.94,1.08,"A deeper focused Heritage read with stronger room throw, firmer note shape, and a more controlled bloom than the open triple-flange version.","A seasoned, slightly more modern Heritage presentation with a balanced TorchTuned posture, while keeping the front edge firm and articulate.","Noticeably shifted away from the benchmark Heritage center; a quicker, drier bite with a more defined front edge; stronger outward throw; Die-Cast hoops add focus and containment."
14x7.0 • 10 lugs • 20 - 12mm • Die-Cast • Black Nickel • Blackened,14|7.0|10|20 - 12mm|Die-Cast|Black Nickel|Blackened,14,7.0,10,20 - 12mm,Die-Cast,Black Nickel,Blackened,5.48,2.56,Focused throw with clean shape,3.378,Grounded body with directed carry,3.6145,Shorter note with firm response,4.5795,simple:focused-throw-clean-shape > shaped:grounded-body-directed-carry > complex:shorter-note-firm-response,5.98,5.06,6.03,4.31,5.16,3.82,6.38,0.98,0.06,1.03,-0.69,0.16,-1.18,1.38,"A beefy, high-projection Heritage read with a pronounced crack, firmer die-cast focus, and a drier TorchTuned shell response from the Blackened finish.","A darker, slightly more modern Heritage presentation with a stronger TorchTuned imprint that favors firmer note control, slightly lower sensitivity, and a more unified shell response under heavier treatment, while keeping the front edge firm and articulate.","Noticeably shifted away from the benchmark Heritage center; a quicker, drier bite with a more defined front edge; a shorter, tighter note shape; stronger outward throw; the 10-lug 12mm shell adds beef and crack while Die-Cast hoops push projection."
14x7.0 • 10 lugs • 20 - 12mm • Die-Cast • Brass/Gold • Light Torch,14|7.0|10|20 - 12mm|Die-Cast|Brass/Gold|Light Torch,14,7.0,10,20 - 12mm,Die-Cast,Brass/Gold,Light Torch,4.4,1.95,Focused throw with clean shape,3.162,Grounded body with directed carry,3.6215,Shorter note with firm response,3.1215,simple:focused-throw-clean-shape > shaped:grounded-body-directed-carry > complex:shorter-note-firm-response,5.62,5.39,6.25,4.83,5.49,4.3,5.78,0.62,0.39,1.25,-0.17,0.49,-0.7,0.78,"A focused-but-open Heritage read: the die-cast hoops tighten the rim response, while the lighter TorchTune finish keeps more touch, air, and upper-shell liveliness in the voice.","A cleaner, richer Heritage presentation with a lighter TorchTuned imprint that preserves more openness, touch response, and a slightly freer shell reaction, while keeping the front edge firm and articulate.",Noticeably shifted away from the benchmark Heritage center; stronger outward throw; Light Torch keeps more touch and liveliness while the die-cast hoops add rim focus; Die-Cast hoops add focus and containment.
14x7.0 • 10 lugs • 20 - 12mm • Die-Cast • Brass/Gold • Medium Torch,14|7.0|10|20 - 12mm|Die-Cast|Brass/Gold|Medium Torch,14,7.0,10,20 - 12mm,Die-Cast,Brass/Gold,Medium Torch,4.86,2.08,Focused throw with clean shape,3.232,Grounded body with directed carry,3.553,Shorter note with firm response,3.765,simple:focused-throw-clean-shape > shaped:grounded-body-directed-carry > complex:shorter-note-firm-response,5.8,5.21,6.14,4.57,5.26,4.06,6.08,0.8,0.21,1.14,-0.43,0.26,-0.94,1.08,"A deeper focused Heritage read with stronger room throw, firmer note shape, and a more controlled bloom than the open triple-flange version.","A seasoned, richer Heritage presentation with a balanced TorchTuned posture, while keeping the front edge firm and articulate.","Noticeably shifted away from the benchmark Heritage center; a quicker, drier bite with a more defined front edge; stronger outward throw; Die-Cast hoops add focus and containment."
14x7.0 • 10 lugs • 20 - 12mm • Die-Cast • Brass/Gold • Blackened,14|7.0|10|20 - 12mm|Die-Cast|Brass/Gold|Blackened,14,7.0,10,20 - 12mm,Die-Cast,Brass/Gold,Blackened,5.48,2.56,Focused throw with clean shape,3.378,Grounded body with directed carry,3.6145,Shorter note with firm response,4.5795,simple:focused-throw-clean-shape > shaped:grounded-body-directed-carry > complex:shorter-note-firm-response,5.98,5.06,6.03,4.31,5.16,3.82,6.38,0.98,0.06,1.03,-0.69,0.16,-1.18,1.38,"A beefy, high-projection Heritage read with a pronounced crack, firmer die-cast focus, and a drier TorchTuned shell response from the Blackened finish.","A darker, richer Heritage presentation with a stronger TorchTuned imprint that favors firmer note control, slightly lower sensitivity, and a more unified shell response under heavier treatment, while keeping the front edge firm and articulate.","Noticeably shifted away from the benchmark Heritage center; a quicker, drier bite with a more defined front edge; a shorter, tighter note shape; stronger outward throw; the 10-lug 12mm shell adds beef and crack while Die-Cast hoops push projection."
14x7.0 • 10 lugs • 10 - 7mm + $150 (Re-Rings Required) • Triple Flange • Chrome • Light Torch,14|7.0|10|10 - 7mm + $150 (Re-Rings Required)|Triple Flange|Chrome|Light Torch,14,7.0,10,10 - 7mm + $150 (Re-Rings Required),Triple Flange,Chrome,Light Torch,4.12,2.02,"Warm, deep settled center",2.7904,"Expressive, blooming response",3.0165,"Dark, complex Heritage bloom",3.5165,simple:warm-deep-settled-center > shaped:expressive-blooming-response > complex:dark-complex-heritage-bloom,4.21,4.71,5.05,6.23,5.95,5.2,4.39,-0.79,-0.29,0.05,1.23,0.95,0.2,-0.61,"A darker, more complex Heritage read with a drier top edge, longer sustain, and extra overtone character from the thin re-ring shell.","A cleaner, classic Heritage presentation with a lighter TorchTuned imprint that preserves more openness, touch response, and a slightly freer shell reaction, while keeping the emphasis on body, weight, and shell character.","Warmer and more body-forward than the benchmark Heritage build; a rounder and less immediate note start; a longer, broader note bloom; the lighter TorchTune finish preserves more touch response and a freer shell reaction; the thin re-ring shell adds darker complex overtones and longer sustain."
14x7.0 • 10 lugs • 10 - 7mm + $150 (Re-Rings Required) • Triple Flange • Chrome • Medium Torch,14|7.0|10|10 - 7mm + $150 (Re-Rings Required)|Triple Flange|Chrome|Medium Torch,14,7.0,10,10 - 7mm + $150 (Re-Rings Required),Triple Flange,Chrome,Medium Torch,3.49,1.64,"Warm, deep settled center",2.7124,Rounded body with a clear start,2.6985,"Dark, complex Heritage bloom",3.1485,simple:warm-deep-settled-center > shaped:rounded-body-clear-start > complex:dark-complex-heritage-bloom,4.39,4.53,4.94,5.97,6.03,4.96,4.69,-0.61,-0.47,-0.06,0.97,1.03,-0.04,-0.31,"A fuller Heritage read with broader body, deeper bloom, and a more grounded voice in the room.","A seasoned, classic Heritage presentation with a balanced TorchTuned posture, while keeping the emphasis on body, weight, and shell character.","Warmer and more body-forward than the benchmark Heritage build; a longer, broader note bloom; Triple Flange hoops preserve more of the line’s native openness."
14x7.0 • 10 lugs • 10 - 7mm + $150 (Re-Rings Required) • Triple Flange • Chrome • Blackened,14|7.0|10|10 - 7mm + $150 (Re-Rings Required)|Triple Flange|Chrome|Blackened,14,7.0,10,10 - 7mm + $150 (Re-Rings Required),Triple Flange,Chrome,Blackened,3.18,1.58,"Warm, deep settled center",2.3224,Grounded body with directed carry,2.109,"Dark, complex Heritage bloom",2.7715,simple:warm-deep-settled-center > shaped:grounded-body-directed-carry > complex:dark-complex-heritage-bloom,4.57,4.37,4.83,5.71,5.95,4.72,4.99,-0.43,-0.63,-0.17,0.71,0.95,-0.28,-0.01,"A more TorchTuned-forward Heritage read, where the heavier scorch treatment adds a firmer center, slightly tighter bloom, and a more settled shell response.","A darker, classic Heritage presentation with a stronger TorchTuned imprint that favors firmer note control, slightly lower sensitivity, and a more unified shell response under heavier treatment, while keeping the emphasis on body, weight, and shell character.","Warmer and more body-forward than the benchmark Heritage build; a longer, broader note bloom; Triple Flange hoops preserve more of the line’s native openness."
14x7.0 • 10 lugs • 10 - 7mm + $150 (Re-Rings Required) • Triple Flange • Black Nickel • Light Torch,14|7.0|10|10 - 7mm + $150 (Re-Rings Required)|Triple Flange|Black Nickel|Light Torch,14,7.0,10,10 - 7mm + $150 (Re-Rings Required),Triple Flange,Black Nickel,Light Torch,4.12,2.02,"Warm, deep settled center",2.7904,"Expressive, blooming response",3.0165,"Dark, complex Heritage bloom",3.5165,simple:warm-deep-settled-center > shaped:expressive-blooming-response > complex:dark-complex-heritage-bloom,4.21,4.71,5.05,6.23,5.95,5.2,4.39,-0.79,-0.29,0.05,1.23,0.95,0.2,-0.61,"A darker, more complex Heritage read with a drier top edge, longer sustain, and extra overtone character from the thin re-ring shell.","A cleaner, slightly more modern Heritage presentation with a lighter TorchTuned imprint that preserves more openness, touch response, and a slightly freer shell reaction, while keeping the emphasis on body, weight, and shell character.","Warmer and more body-forward than the benchmark Heritage build; a rounder and less immediate note start; a longer, broader note bloom; the lighter TorchTune finish preserves more touch response and a freer shell reaction; the thin re-ring shell adds darker complex overtones and longer sustain."
14x7.0 • 10 lugs • 10 - 7mm + $150 (Re-Rings Required) • Triple Flange • Black Nickel • Medium Torch,14|7.0|10|10 - 7mm + $150 (Re-Rings Required)|Triple Flange|Black Nickel|Medium Torch,14,7.0,10,10 - 7mm + $150 (Re-Rings Required),Triple Flange,Black Nickel,Medium Torch,3.49,1.64,"Warm, deep settled center",2.7124,Rounded body with a clear start,2.6985,"Dark, complex Heritage bloom",3.1485,simple:warm-deep-settled-center > shaped:rounded-body-clear-start > complex:dark-complex-heritage-bloom,4.39,4.53,4.94,5.97,6.03,4.96,4.69,-0.61,-0.47,-0.06,0.97,1.03,-0.04,-0.31,"A fuller Heritage read with broader body, deeper bloom, and a more grounded voice in the room.","A seasoned, slightly more modern Heritage presentation with a balanced TorchTuned posture, while keeping the emphasis on body, weight, and shell character.","Warmer and more body-forward than the benchmark Heritage build; a longer, broader note bloom; Triple Flange hoops preserve more of the line’s native openness."
14x7.0 • 10 lugs • 10 - 7mm + $150 (Re-Rings Required) • Triple Flange • Black Nickel • Blackened,14|7.0|10|10 - 7mm + $150 (Re-Rings Required)|Triple Flange|Black Nickel|Blackened,14,7.0,10,10 - 7mm + $150 (Re-Rings Required),Triple Flange,Black Nickel,Blackened,3.18,1.58,"Warm, deep settled center",2.3224,Grounded body with directed carry,2.109,"Dark, complex Heritage bloom",2.7715,simple:warm-deep-settled-center > shaped:grounded-body-directed-carry > complex:dark-complex-heritage-bloom,4.57,4.37,4.83,5.71,5.95,4.72,4.99,-0.43,-0.63,-0.17,0.71,0.95,-0.28,-0.01,"A more TorchTuned-forward Heritage read, where the heavier scorch treatment adds a firmer center, slightly tighter bloom, and a more settled shell response.","A darker, slightly more modern Heritage presentation with a stronger TorchTuned imprint that favors firmer note control, slightly lower sensitivity, and a more unified shell response under heavier treatment, while keeping the emphasis on body, weight, and shell character.","Warmer and more body-forward than the benchmark Heritage build; a longer, broader note bloom; Triple Flange hoops preserve more of the line’s native openness."
14x7.0 • 10 lugs • 10 - 7mm + $150 (Re-Rings Required) • Triple Flange • Brass/Gold • Light Torch,14|7.0|10|10 - 7mm + $150 (Re-Rings Required)|Triple Flange|Brass/Gold|Light Torch,14,7.0,10,10 - 7mm + $150 (Re-Rings Required),Triple Flange,Brass/Gold,Light Torch,4.12,2.02,"Warm, deep settled center",2.7904,"Expressive, blooming response",3.0165,"Dark, complex Heritage bloom",3.5165,simple:warm-deep-settled-center > shaped:expressive-blooming-response > complex:dark-complex-heritage-bloom,4.21,4.71,5.05,6.23,5.95,5.2,4.39,-0.79,-0.29,0.05,1.23,0.95,0.2,-0.61,"A darker, more complex Heritage read with a drier top edge, longer sustain, and extra overtone character from the thin re-ring shell.","A cleaner, richer Heritage presentation with a lighter TorchTuned imprint that preserves more openness, touch response, and a slightly freer shell reaction, while keeping the emphasis on body, weight, and shell character.","Warmer and more body-forward than the benchmark Heritage build; a rounder and less immediate note start; a longer, broader note bloom; the lighter TorchTune finish preserves more touch response and a freer shell reaction; the thin re-ring shell adds darker complex overtones and longer sustain."
14x7.0 • 10 lugs • 10 - 7mm + $150 (Re-Rings Required) • Triple Flange • Brass/Gold • Medium Torch,14|7.0|10|10 - 7mm + $150 (Re-Rings Required)|Triple Flange|Brass/Gold|Medium Torch,14,7.0,10,10 - 7mm + $150 (Re-Rings Required),Triple Flange,Brass/Gold,Medium Torch,3.49,1.64,"Warm, deep settled center",2.7124,Rounded body with a clear start,2.6985,"Dark, complex Heritage bloom",3.1485,simple:warm-deep-settled-center > shaped:rounded-body-clear-start > complex:dark-complex-heritage-bloom,4.39,4.53,4.94,5.97,6.03,4.96,4.69,-0.61,-0.47,-0.06,0.97,1.03,-0.04,-0.31,"A fuller Heritage read with broader body, deeper bloom, and a more grounded voice in the room.","A seasoned, richer Heritage presentation with a balanced TorchTuned posture, while keeping the emphasis on body, weight, and shell character.","Warmer and more body-forward than the benchmark Heritage build; a longer, broader note bloom; Triple Flange hoops preserve more of the line’s native openness."
14x7.0 • 10 lugs • 10 - 7mm + $150 (Re-Rings Required) • Triple Flange • Brass/Gold • Blackened,14|7.0|10|10 - 7mm + $150 (Re-Rings Required)|Triple Flange|Brass/Gold|Blackened,14,7.0,10,10 - 7mm + $150 (Re-Rings Required),Triple Flange,Brass/Gold,Blackened,3.18,1.58,"Warm, deep settled center",2.3224,Grounded body with directed carry,2.109,"Dark, complex Heritage bloom",2.7715,simple:warm-deep-settled-center > shaped:grounded-body-directed-carry > complex:dark-complex-heritage-bloom,4.57,4.37,4.83,5.71,5.95,4.72,4.99,-0.43,-0.63,-0.17,0.71,0.95,-0.28,-0.01,"A more TorchTuned-forward Heritage read, where the heavier scorch treatment adds a firmer center, slightly tighter bloom, and a more settled shell response.","A darker, richer Heritage presentation with a stronger TorchTuned imprint that favors firmer note control, slightly lower sensitivity, and a more unified shell response under heavier treatment, while keeping the emphasis on body, weight, and shell character.","Warmer and more body-forward than the benchmark Heritage build; a longer, broader note bloom; Triple Flange hoops preserve more of the line’s native openness."
14x7.0 • 10 lugs • 10 - 7mm + $150 (Re-Rings Required) • Die-Cast • Chrome • Light Torch,14|7.0|10|10 - 7mm + $150 (Re-Rings Required)|Die-Cast|Chrome|Light Torch,14,7.0,10,10 - 7mm + $150 (Re-Rings Required),Die-Cast,Chrome,Light Torch,2.68,1.39,"Warm, deep settled center",2.2454,Grounded body with directed carry,2.37,"Dark, complex Heritage bloom",2.531,simple:warm-deep-settled-center > shaped:grounded-body-directed-carry > complex:dark-complex-heritage-bloom,4.53,4.93,5.24,5.92,5.76,4.96,4.82,-0.47,-0.07,0.24,0.92,0.76,-0.04,-0.18,"A focused-but-open Heritage read: the die-cast hoops tighten the rim response, while the lighter TorchTune finish keeps more touch, air, and upper-shell liveliness in the voice.","A cleaner, classic Heritage presentation with a lighter TorchTuned imprint that preserves more openness, touch response, and a slightly freer shell reaction, while keeping the emphasis on body, weight, and shell character.","Warmer and more body-forward than the benchmark Heritage build; a longer, broader note bloom; Light Torch keeps more touch and liveliness while the die-cast hoops add rim focus; the thin re-ring shell adds darker complex overtones and longer sustain; Die-Cast hoops add focus and containment."
14x7.0 • 10 lugs • 10 - 7mm + $150 (Re-Rings Required) • Die-Cast • Chrome • Medium Torch,14|7.0|10|10 - 7mm + $150 (Re-Rings Required)|Die-Cast|Chrome|Medium Torch,14,7.0,10,10 - 7mm + $150 (Re-Rings Required),Die-Cast,Chrome,Medium Torch,2.57,1.13,"Warm, deep settled center",2.1674,Grounded body with directed carry,2.4585,"Dark, complex Heritage bloom",2.229,simple:warm-deep-settled-center > shaped:grounded-body-directed-carry > complex:dark-complex-heritage-bloom,4.71,4.75,5.13,5.66,5.84,4.72,5.12,-0.29,-0.25,0.13,0.66,0.84,-0.28,0.12,"A more focused Heritage read with firmer note shape, cleaner front edge, and tighter overall behavior.","A seasoned, classic Heritage presentation with a balanced TorchTuned posture, while keeping the emphasis on body, weight, and shell character.","Warmer and more body-forward than the benchmark Heritage build; a longer, broader note bloom; Die-Cast hoops add focus and containment."
14x7.0 • 10 lugs • 10 - 7mm + $150 (Re-Rings Required) • Die-Cast • Chrome • Blackened,14|7.0|10|10 - 7mm + $150 (Re-Rings Required)|Die-Cast|Chrome|Blackened,14,7.0,10,10 - 7mm + $150 (Re-Rings Required),Die-Cast,Chrome,Blackened,2.61,1.26,"Warm, deep settled center",1.7574,Grounded body with directed carry,2.52,Body that blooms outward,1.122,simple:warm-deep-settled-center > shaped:grounded-body-directed-carry > complex:body-blooms-outward,4.89,4.6,5.02,5.4,5.74,4.48,5.42,-0.11,-0.4,0.02,0.4,0.74,-0.52,0.42,"A more TorchTuned-forward Heritage read, where the heavier scorch treatment adds a firmer center, slightly tighter bloom, and a more settled shell response.","A darker, classic Heritage presentation with a stronger TorchTuned imprint that favors firmer note control, slightly lower sensitivity, and a more unified shell response under heavier treatment, while keeping the emphasis on body, weight, and shell character.",Warmer and more body-forward than the benchmark Heritage build; the Blackened finish adds a more contained center and slightly firmer shell behavior; touch sensitivity is traded for a more locked-in note center; Die-Cast hoops add focus and containment.
14x7.0 • 10 lugs • 10 - 7mm + $150 (Re-Rings Required) • Die-Cast • Black Nickel • Light Torch,14|7.0|10|10 - 7mm + $150 (Re-Rings Required)|Die-Cast|Black Nickel|Light Torch,14,7.0,10,10 - 7mm + $150 (Re-Rings Required),Die-Cast,Black Nickel,Light Torch,2.68,1.39,"Warm, deep settled center",2.2454,Grounded body with directed carry,2.37,"Dark, complex Heritage bloom",2.531,simple:warm-deep-settled-center > shaped:grounded-body-directed-carry > complex:dark-complex-heritage-bloom,4.53,4.93,5.24,5.92,5.76,4.96,4.82,-0.47,-0.07,0.24,0.92,0.76,-0.04,-0.18,"A focused-but-open Heritage read: the die-cast hoops tighten the rim response, while the lighter TorchTune finish keeps more touch, air, and upper-shell liveliness in the voice.","A cleaner, slightly more modern Heritage presentation with a lighter TorchTuned imprint that preserves more openness, touch response, and a slightly freer shell reaction, while keeping the emphasis on body, weight, and shell character.","Warmer and more body-forward than the benchmark Heritage build; a longer, broader note bloom; Light Torch keeps more touch and liveliness while the die-cast hoops add rim focus; the thin re-ring shell adds darker complex overtones and longer sustain; Die-Cast hoops add focus and containment."
14x7.0 • 10 lugs • 10 - 7mm + $150 (Re-Rings Required) • Die-Cast • Black Nickel • Medium Torch,14|7.0|10|10 - 7mm + $150 (Re-Rings Required)|Die-Cast|Black Nickel|Medium Torch,14,7.0,10,10 - 7mm + $150 (Re-Rings Required),Die-Cast,Black Nickel,Medium Torch,2.57,1.13,"Warm, deep settled center",2.1674,Grounded body with directed carry,2.4585,"Dark, complex Heritage bloom",2.229,simple:warm-deep-settled-center > shaped:grounded-body-directed-carry > complex:dark-complex-heritage-bloom,4.71,4.75,5.13,5.66,5.84,4.72,5.12,-0.29,-0.25,0.13,0.66,0.84,-0.28,0.12,"A more focused Heritage read with firmer note shape, cleaner front edge, and tighter overall behavior.","A seasoned, slightly more modern Heritage presentation with a balanced TorchTuned posture, while keeping the emphasis on body, weight, and shell character.","Warmer and more body-forward than the benchmark Heritage build; a longer, broader note bloom; Die-Cast hoops add focus and containment."
14x7.0 • 10 lugs • 10 - 7mm + $150 (Re-Rings Required) • Die-Cast • Black Nickel • Blackened,14|7.0|10|10 - 7mm + $150 (Re-Rings Required)|Die-Cast|Black Nickel|Blackened,14,7.0,10,10 - 7mm + $150 (Re-Rings Required),Die-Cast,Black Nickel,Blackened,2.61,1.26,"Warm, deep settled center",1.7574,Grounded body with directed carry,2.52,Body that blooms outward,1.122,simple:warm-deep-settled-center > shaped:grounded-body-directed-carry > complex:body-blooms-outward,4.89,4.6,5.02,5.4,5.74,4.48,5.42,-0.11,-0.4,0.02,0.4,0.74,-0.52,0.42,"A more TorchTuned-forward Heritage read, where the heavier scorch treatment adds a firmer center, slightly tighter bloom, and a more settled shell response.","A darker, slightly more modern Heritage presentation with a stronger TorchTuned imprint that favors firmer note control, slightly lower sensitivity, and a more unified shell response under heavier treatment, while keeping the emphasis on body, weight, and shell character.",Warmer and more body-forward than the benchmark Heritage build; the Blackened finish adds a more contained center and slightly firmer shell behavior; touch sensitivity is traded for a more locked-in note center; Die-Cast hoops add focus and containment.
14x7.0 • 10 lugs • 10 - 7mm + $150 (Re-Rings Required) • Die-Cast • Brass/Gold • Light Torch,14|7.0|10|10 - 7mm + $150 (Re-Rings Required)|Die-Cast|Brass/Gold|Light Torch,14,7.0,10,10 - 7mm + $150 (Re-Rings Required),Die-Cast,Brass/Gold,Light Torch,2.68,1.39,"Warm, deep settled center",2.2454,Grounded body with directed carry,2.37,"Dark, complex Heritage bloom",2.531,simple:warm-deep-settled-center > shaped:grounded-body-directed-carry > complex:dark-complex-heritage-bloom,4.53,4.93,5.24,5.92,5.76,4.96,4.82,-0.47,-0.07,0.24,0.92,0.76,-0.04,-0.18,"A focused-but-open Heritage read: the die-cast hoops tighten the rim response, while the lighter TorchTune finish keeps more touch, air, and upper-shell liveliness in the voice.","A cleaner, richer Heritage presentation with a lighter TorchTuned imprint that preserves more openness, touch response, and a slightly freer shell reaction, while keeping the emphasis on body, weight, and shell character.","Warmer and more body-forward than the benchmark Heritage build; a longer, broader note bloom; Light Torch keeps more touch and liveliness while the die-cast hoops add rim focus; the thin re-ring shell adds darker complex overtones and longer sustain; Die-Cast hoops add focus and containment."
14x7.0 • 10 lugs • 10 - 7mm + $150 (Re-Rings Required) • Die-Cast • Brass/Gold • Medium Torch,14|7.0|10|10 - 7mm + $150 (Re-Rings Required)|Die-Cast|Brass/Gold|Medium Torch,14,7.0,10,10 - 7mm + $150 (Re-Rings Required),Die-Cast,Brass/Gold,Medium Torch,2.57,1.13,"Warm, deep settled center",2.1674,Grounded body with directed carry,2.4585,"Dark, complex Heritage bloom",2.229,simple:warm-deep-settled-center > shaped:grounded-body-directed-carry > complex:dark-complex-heritage-bloom,4.71,4.75,5.13,5.66,5.84,4.72,5.12,-0.29,-0.25,0.13,0.66,0.84,-0.28,0.12,"A more focused Heritage read with firmer note shape, cleaner front edge, and tighter overall behavior.","A seasoned, richer Heritage presentation with a balanced TorchTuned posture, while keeping the emphasis on body, weight, and shell character.","Warmer and more body-forward than the benchmark Heritage build; a longer, broader note bloom; Die-Cast hoops add focus and containment."
14x7.0 • 10 lugs • 10 - 7mm + $150 (Re-Rings Required) • Die-Cast • Brass/Gold • Blackened,14|7.0|10|10 - 7mm + $150 (Re-Rings Required)|Die-Cast|Brass/Gold|Blackened,14,7.0,10,10 - 7mm + $150 (Re-Rings Required),Die-Cast,Brass/Gold,Blackened,2.61,1.26,"Warm, deep settled center",1.7574,Grounded body with directed carry,2.52,Body that blooms outward,1.122,simple:warm-deep-settled-center > shaped:grounded-body-directed-carry > complex:body-blooms-outward,4.89,4.6,5.02,5.4,5.74,4.48,5.42,-0.11,-0.4,0.02,0.4,0.74,-0.52,0.42,"A more TorchTuned-forward Heritage read, where the heavier scorch treatment adds a firmer center, slightly tighter bloom, and a more settled shell response.","A darker, richer Heritage presentation with a stronger TorchTuned imprint that favors firmer note control, slightly lower sensitivity, and a more unified shell response under heavier treatment, while keeping the emphasis on body, weight, and shell character.",Warmer and more body-forward than the benchmark Heritage build; the Blackened finish adds a more contained center and slightly firmer shell behavior; touch sensitivity is traded for a more locked-in note center; Die-Cast hoops add focus and containment.
14x7.5 • 8 lugs • 16 - 10mm • Triple Flange • Chrome • Light Torch,14|7.5|8|16 - 10mm|Triple Flange|Chrome|Light Torch,14,7.5,8,16 - 10mm,Triple Flange,Chrome,Light Torch,3.73,1.71,"Warm, deep settled center",2.8194,"Expressive, blooming response",2.8465,"Wide, open Heritage bloom",2.6705,simple:warm-deep-settled-center > shaped:expressive-blooming-response > complex:wide-open-heritage-bloom,4.36,4.79,5.36,6.07,5.99,5.08,4.62,-0.64,-0.21,0.36,1.07,0.99,0.08,-0.38,"A fuller Heritage read with broader body, deeper bloom, and a more grounded voice in the room.","A cleaner, classic Heritage presentation with a lighter TorchTuned imprint that preserves more openness, touch response, and a slightly freer shell reaction, while keeping the emphasis on body, weight, and shell character.","Warmer and more body-forward than the benchmark Heritage build; a longer, broader note bloom; the lighter TorchTune finish preserves more touch response and a freer shell reaction; Triple Flange hoops preserve more of the line’s native openness."
14x7.5 • 8 lugs • 16 - 10mm • Triple Flange • Chrome • Medium Torch,14|7.5|8|16 - 10mm|Triple Flange|Chrome|Medium Torch,14,7.5,8,16 - 10mm,Triple Flange,Chrome,Medium Torch,3.22,1.53,"Warm, deep settled center",2.7414,Rounded body with a clear start,2.497,"Wide, open Heritage bloom",2.2215,simple:warm-deep-settled-center > shaped:rounded-body-clear-start > complex:wide-open-heritage-bloom,4.54,4.61,5.25,5.81,6.07,4.84,4.92,-0.46,-0.39,0.25,0.81,1.07,-0.16,-0.08,"A darker, deeper Heritage read with a drier top edge, grounded body, and enough classic Triple Flange openness to keep the shell alive.","A seasoned, classic Heritage presentation with a balanced TorchTuned posture, while keeping the emphasis on body, weight, and shell character.","Warmer and more body-forward than the benchmark Heritage build; a longer, broader note bloom; a darker, drier top edge is balanced by classic Triple Flange openness; Triple Flange hoops preserve more of the line’s native openness."
14x7.5 • 8 lugs • 16 - 10mm • Triple Flange • Chrome • Blackened,14|7.5|8|16 - 10mm|Triple Flange|Chrome|Blackened,14,7.5,8,16 - 10mm,Triple Flange,Chrome,Blackened,3.07,1.48,"Warm, deep settled center",2.3114,Grounded body with directed carry,1.997,"Dark, complex Heritage bloom",1.814,simple:warm-deep-settled-center > shaped:grounded-body-directed-carry > complex:dark-complex-heritage-bloom,4.72,4.47,5.14,5.55,5.95,4.6,5.22,-0.28,-0.53,0.14,0.55,0.95,-0.4,0.22,"A more TorchTuned-forward Heritage read, where the heavier scorch treatment adds a firmer center, slightly tighter bloom, and a more settled shell response.","A darker, classic Heritage presentation with a stronger TorchTuned imprint that favors firmer note control, slightly lower sensitivity, and a more unified shell response under heavier treatment, while keeping the emphasis on body, weight, and shell character.",Warmer and more body-forward than the benchmark Heritage build; the Blackened finish adds a more contained center and slightly firmer shell behavior; Triple Flange hoops preserve more of the line’s native openness.
14x7.5 • 8 lugs • 16 - 10mm • Triple Flange • Black Nickel • Light Torch,14|7.5|8|16 - 10mm|Triple Flange|Black Nickel|Light Torch,14,7.5,8,16 - 10mm,Triple Flange,Black Nickel,Light Torch,3.73,1.71,"Warm, deep settled center",2.8194,"Expressive, blooming response",2.8465,"Wide, open Heritage bloom",2.6705,simple:warm-deep-settled-center > shaped:expressive-blooming-response > complex:wide-open-heritage-bloom,4.36,4.79,5.36,6.07,5.99,5.08,4.62,-0.64,-0.21,0.36,1.07,0.99,0.08,-0.38,"A fuller Heritage read with broader body, deeper bloom, and a more grounded voice in the room.","A cleaner, slightly more modern Heritage presentation with a lighter TorchTuned imprint that preserves more openness, touch response, and a slightly freer shell reaction, while keeping the emphasis on body, weight, and shell character.","Warmer and more body-forward than the benchmark Heritage build; a longer, broader note bloom; the lighter TorchTune finish preserves more touch response and a freer shell reaction; Triple Flange hoops preserve more of the line’s native openness."
14x7.5 • 8 lugs • 16 - 10mm • Triple Flange • Black Nickel • Medium Torch,14|7.5|8|16 - 10mm|Triple Flange|Black Nickel|Medium Torch,14,7.5,8,16 - 10mm,Triple Flange,Black Nickel,Medium Torch,3.22,1.53,"Warm, deep settled center",2.7414,Rounded body with a clear start,2.497,"Wide, open Heritage bloom",2.2215,simple:warm-deep-settled-center > shaped:rounded-body-clear-start > complex:wide-open-heritage-bloom,4.54,4.61,5.25,5.81,6.07,4.84,4.92,-0.46,-0.39,0.25,0.81,1.07,-0.16,-0.08,"A darker, deeper Heritage read with a drier top edge, grounded body, and enough classic Triple Flange openness to keep the shell alive.","A seasoned, slightly more modern Heritage presentation with a balanced TorchTuned posture, while keeping the emphasis on body, weight, and shell character.","Warmer and more body-forward than the benchmark Heritage build; a longer, broader note bloom; a darker, drier top edge is balanced by classic Triple Flange openness; Triple Flange hoops preserve more of the line’s native openness."
14x7.5 • 8 lugs • 16 - 10mm • Triple Flange • Black Nickel • Blackened,14|7.5|8|16 - 10mm|Triple Flange|Black Nickel|Blackened,14,7.5,8,16 - 10mm,Triple Flange,Black Nickel,Blackened,3.07,1.48,"Warm, deep settled center",2.3114,Grounded body with directed carry,1.997,"Dark, complex Heritage bloom",1.814,simple:warm-deep-settled-center > shaped:grounded-body-directed-carry > complex:dark-complex-heritage-bloom,4.72,4.47,5.14,5.55,5.95,4.6,5.22,-0.28,-0.53,0.14,0.55,0.95,-0.4,0.22,"A more TorchTuned-forward Heritage read, where the heavier scorch treatment adds a firmer center, slightly tighter bloom, and a more settled shell response.","A darker, slightly more modern Heritage presentation with a stronger TorchTuned imprint that favors firmer note control, slightly lower sensitivity, and a more unified shell response under heavier treatment, while keeping the emphasis on body, weight, and shell character.",Warmer and more body-forward than the benchmark Heritage build; the Blackened finish adds a more contained center and slightly firmer shell behavior; Triple Flange hoops preserve more of the line’s native openness.
14x7.5 • 8 lugs • 16 - 10mm • Triple Flange • Brass/Gold • Light Torch,14|7.5|8|16 - 10mm|Triple Flange|Brass/Gold|Light Torch,14,7.5,8,16 - 10mm,Triple Flange,Brass/Gold,Light Torch,3.73,1.71,"Warm, deep settled center",2.8194,"Expressive, blooming response",2.8465,"Wide, open Heritage bloom",2.6705,simple:warm-deep-settled-center > shaped:expressive-blooming-response > complex:wide-open-heritage-bloom,4.36,4.79,5.36,6.07,5.99,5.08,4.62,-0.64,-0.21,0.36,1.07,0.99,0.08,-0.38,"A fuller Heritage read with broader body, deeper bloom, and a more grounded voice in the room.","A cleaner, richer Heritage presentation with a lighter TorchTuned imprint that preserves more openness, touch response, and a slightly freer shell reaction, while keeping the emphasis on body, weight, and shell character.","Warmer and more body-forward than the benchmark Heritage build; a longer, broader note bloom; the lighter TorchTune finish preserves more touch response and a freer shell reaction; Triple Flange hoops preserve more of the line’s native openness."
14x7.5 • 8 lugs • 16 - 10mm • Triple Flange • Brass/Gold • Medium Torch,14|7.5|8|16 - 10mm|Triple Flange|Brass/Gold|Medium Torch,14,7.5,8,16 - 10mm,Triple Flange,Brass/Gold,Medium Torch,3.22,1.53,"Warm, deep settled center",2.7414,Rounded body with a clear start,2.497,"Wide, open Heritage bloom",2.2215,simple:warm-deep-settled-center > shaped:rounded-body-clear-start > complex:wide-open-heritage-bloom,4.54,4.61,5.25,5.81,6.07,4.84,4.92,-0.46,-0.39,0.25,0.81,1.07,-0.16,-0.08,"A darker, deeper Heritage read with a drier top edge, grounded body, and enough classic Triple Flange openness to keep the shell alive.","A seasoned, richer Heritage presentation with a balanced TorchTuned posture, while keeping the emphasis on body, weight, and shell character.","Warmer and more body-forward than the benchmark Heritage build; a longer, broader note bloom; a darker, drier top edge is balanced by classic Triple Flange openness; Triple Flange hoops preserve more of the line’s native openness."
14x7.5 • 8 lugs • 16 - 10mm • Triple Flange • Brass/Gold • Blackened,14|7.5|8|16 - 10mm|Triple Flange|Brass/Gold|Blackened,14,7.5,8,16 - 10mm,Triple Flange,Brass/Gold,Blackened,3.07,1.48,"Warm, deep settled center",2.3114,Grounded body with directed carry,1.997,"Dark, complex Heritage bloom",1.814,simple:warm-deep-settled-center > shaped:grounded-body-directed-carry > complex:dark-complex-heritage-bloom,4.72,4.47,5.14,5.55,5.95,4.6,5.22,-0.28,-0.53,0.14,0.55,0.95,-0.4,0.22,"A more TorchTuned-forward Heritage read, where the heavier scorch treatment adds a firmer center, slightly tighter bloom, and a more settled shell response.","A darker, richer Heritage presentation with a stronger TorchTuned imprint that favors firmer note control, slightly lower sensitivity, and a more unified shell response under heavier treatment, while keeping the emphasis on body, weight, and shell character.",Warmer and more body-forward than the benchmark Heritage build; the Blackened finish adds a more contained center and slightly firmer shell behavior; Triple Flange hoops preserve more of the line’s native openness.
14x7.5 • 8 lugs • 16 - 10mm • Die-Cast • Chrome • Light Torch,14|7.5|8|16 - 10mm|Die-Cast|Chrome|Light Torch,14,7.5,8,16 - 10mm,Die-Cast,Chrome,Light Torch,2.7,1.14,"Warm, deep settled center",2.3034,Grounded body with directed carry,2.3435,"Wide, open Heritage bloom",2.0185,simple:warm-deep-settled-center > shaped:grounded-body-directed-carry > complex:wide-open-heritage-bloom,4.68,4.98,5.55,5.77,5.82,4.86,5.08,-0.32,-0.02,0.55,0.77,0.82,-0.14,0.08,"A focused-but-open Heritage read: the die-cast hoops tighten the rim response, while the lighter TorchTune finish keeps more touch, air, and upper-shell liveliness in the voice.","A cleaner, classic Heritage presentation with a lighter TorchTuned imprint that preserves more openness, touch response, and a slightly freer shell reaction, while keeping the emphasis on body, weight, and shell character.","Warmer and more body-forward than the benchmark Heritage build; a longer, broader note bloom; Light Torch keeps more touch and liveliness while the die-cast hoops add rim focus; Die-Cast hoops add focus and containment."
14x7.5 • 8 lugs • 16 - 10mm • Die-Cast • Chrome • Medium Torch,14|7.5|8|16 - 10mm|Die-Cast|Chrome|Medium Torch,14,7.5,8,16 - 10mm,Die-Cast,Chrome,Medium Torch,2.95,1.28,"Warm, deep settled center",2.2254,Grounded body with directed carry,2.585,Body that blooms outward,1.6424,simple:warm-deep-settled-center > shaped:grounded-body-directed-carry > complex:body-blooms-outward,4.86,4.8,5.44,5.51,5.9,4.62,5.38,-0.14,-0.2,0.44,0.51,0.9,-0.38,0.38,"A more focused Heritage read with firmer note shape, cleaner front edge, and tighter overall behavior.","A seasoned, classic Heritage presentation with a balanced TorchTuned posture, while keeping the emphasis on body, weight, and shell character.",Warmer and more body-forward than the benchmark Heritage build; Die-Cast hoops add focus and containment.
14x7.5 • 8 lugs • 16 - 10mm • Die-Cast • Chrome • Blackened,14|7.5|8|16 - 10mm|Die-Cast|Chrome|Blackened,14,7.5,8,16 - 10mm,Die-Cast,Chrome,Blackened,2.98,1.37,"Warm, deep settled center",1.7654,Grounded body with directed carry,2.5965,"Dark, contained shell shape",2.6835,simple:warm-deep-settled-center > shaped:grounded-body-directed-carry > complex:dark-contained-shell-shape,5.04,4.69,5.33,5.25,5.75,4.38,5.68,0.04,-0.31,0.33,0.25,0.75,-0.62,0.68,"A more TorchTuned-forward Heritage read, where the heavier scorch treatment adds a firmer center, slightly tighter bloom, and a more settled shell response.","A darker, classic Heritage presentation with a stronger TorchTuned imprint that favors firmer note control, slightly lower sensitivity, and a more unified shell response under heavier treatment, while keeping the emphasis on body, weight, and shell character.",Warmer and more body-forward than the benchmark Heritage build; the Blackened finish pushes the read toward stronger control and a more disciplined shell response; touch sensitivity is traded for a more locked-in note center; Die-Cast hoops add focus and containment.
14x7.5 • 8 lugs • 16 - 10mm • Die-Cast • Black Nickel • Light Torch,14|7.5|8|16 - 10mm|Die-Cast|Black Nickel|Light Torch,14,7.5,8,16 - 10mm,Die-Cast,Black Nickel,Light Torch,2.7,1.14,"Warm, deep settled center",2.3034,Grounded body with directed carry,2.3435,"Wide, open Heritage bloom",2.0185,simple:warm-deep-settled-center > shaped:grounded-body-directed-carry > complex:wide-open-heritage-bloom,4.68,4.98,5.55,5.77,5.82,4.86,5.08,-0.32,-0.02,0.55,0.77,0.82,-0.14,0.08,"A focused-but-open Heritage read: the die-cast hoops tighten the rim response, while the lighter TorchTune finish keeps more touch, air, and upper-shell liveliness in the voice.","A cleaner, slightly more modern Heritage presentation with a lighter TorchTuned imprint that preserves more openness, touch response, and a slightly freer shell reaction, while keeping the emphasis on body, weight, and shell character.","Warmer and more body-forward than the benchmark Heritage build; a longer, broader note bloom; Light Torch keeps more touch and liveliness while the die-cast hoops add rim focus; Die-Cast hoops add focus and containment."
14x7.5 • 8 lugs • 16 - 10mm • Die-Cast • Black Nickel • Medium Torch,14|7.5|8|16 - 10mm|Die-Cast|Black Nickel|Medium Torch,14,7.5,8,16 - 10mm,Die-Cast,Black Nickel,Medium Torch,2.95,1.28,"Warm, deep settled center",2.2254,Grounded body with directed carry,2.585,Body that blooms outward,1.6424,simple:warm-deep-settled-center > shaped:grounded-body-directed-carry > complex:body-blooms-outward,4.86,4.8,5.44,5.51,5.9,4.62,5.38,-0.14,-0.2,0.44,0.51,0.9,-0.38,0.38,"A more focused Heritage read with firmer note shape, cleaner front edge, and tighter overall behavior.","A seasoned, slightly more modern Heritage presentation with a balanced TorchTuned posture, while keeping the emphasis on body, weight, and shell character.",Warmer and more body-forward than the benchmark Heritage build; Die-Cast hoops add focus and containment.
14x7.5 • 8 lugs • 16 - 10mm • Die-Cast • Black Nickel • Blackened,14|7.5|8|16 - 10mm|Die-Cast|Black Nickel|Blackened,14,7.5,8,16 - 10mm,Die-Cast,Black Nickel,Blackened,2.98,1.37,"Warm, deep settled center",1.7654,Grounded body with directed carry,2.5965,"Dark, contained shell shape",2.6835,simple:warm-deep-settled-center > shaped:grounded-body-directed-carry > complex:dark-contained-shell-shape,5.04,4.69,5.33,5.25,5.75,4.38,5.68,0.04,-0.31,0.33,0.25,0.75,-0.62,0.68,"A more TorchTuned-forward Heritage read, where the heavier scorch treatment adds a firmer center, slightly tighter bloom, and a more settled shell response.","A darker, slightly more modern Heritage presentation with a stronger TorchTuned imprint that favors firmer note control, slightly lower sensitivity, and a more unified shell response under heavier treatment, while keeping the emphasis on body, weight, and shell character.",Warmer and more body-forward than the benchmark Heritage build; the Blackened finish pushes the read toward stronger control and a more disciplined shell response; touch sensitivity is traded for a more locked-in note center; Die-Cast hoops add focus and containment.
14x7.5 • 8 lugs • 16 - 10mm • Die-Cast • Brass/Gold • Light Torch,14|7.5|8|16 - 10mm|Die-Cast|Brass/Gold|Light Torch,14,7.5,8,16 - 10mm,Die-Cast,Brass/Gold,Light Torch,2.7,1.14,"Warm, deep settled center",2.3034,Grounded body with directed carry,2.3435,"Wide, open Heritage bloom",2.0185,simple:warm-deep-settled-center > shaped:grounded-body-directed-carry > complex:wide-open-heritage-bloom,4.68,4.98,5.55,5.77,5.82,4.86,5.08,-0.32,-0.02,0.55,0.77,0.82,-0.14,0.08,"A focused-but-open Heritage read: the die-cast hoops tighten the rim response, while the lighter TorchTune finish keeps more touch, air, and upper-shell liveliness in the voice.","A cleaner, richer Heritage presentation with a lighter TorchTuned imprint that preserves more openness, touch response, and a slightly freer shell reaction, while keeping the emphasis on body, weight, and shell character.","Warmer and more body-forward than the benchmark Heritage build; a longer, broader note bloom; Light Torch keeps more touch and liveliness while the die-cast hoops add rim focus; Die-Cast hoops add focus and containment."
14x7.5 • 8 lugs • 16 - 10mm • Die-Cast • Brass/Gold • Medium Torch,14|7.5|8|16 - 10mm|Die-Cast|Brass/Gold|Medium Torch,14,7.5,8,16 - 10mm,Die-Cast,Brass/Gold,Medium Torch,2.95,1.28,"Warm, deep settled center",2.2254,Grounded body with directed carry,2.585,Body that blooms outward,1.6424,simple:warm-deep-settled-center > shaped:grounded-body-directed-carry > complex:body-blooms-outward,4.86,4.8,5.44,5.51,5.9,4.62,5.38,-0.14,-0.2,0.44,0.51,0.9,-0.38,0.38,"A more focused Heritage read with firmer note shape, cleaner front edge, and tighter overall behavior.","A seasoned, richer Heritage presentation with a balanced TorchTuned posture, while keeping the emphasis on body, weight, and shell character.",Warmer and more body-forward than the benchmark Heritage build; Die-Cast hoops add focus and containment.
14x7.5 • 8 lugs • 16 - 10mm • Die-Cast • Brass/Gold • Blackened,14|7.5|8|16 - 10mm|Die-Cast|Brass/Gold|Blackened,14,7.5,8,16 - 10mm,Die-Cast,Brass/Gold,Blackened,2.98,1.37,"Warm, deep settled center",1.7654,Grounded body with directed carry,2.5965,"Dark, contained shell shape",2.6835,simple:warm-deep-settled-center > shaped:grounded-body-directed-carry > complex:dark-contained-shell-shape,5.04,4.69,5.33,5.25,5.75,4.38,5.68,0.04,-0.31,0.33,0.25,0.75,-0.62,0.68,"A more TorchTuned-forward Heritage read, where the heavier scorch treatment adds a firmer center, slightly tighter bloom, and a more settled shell response.","A darker, richer Heritage presentation with a stronger TorchTuned imprint that favors firmer note control, slightly lower sensitivity, and a more unified shell response under heavier treatment, while keeping the emphasis on body, weight, and shell character.",Warmer and more body-forward than the benchmark Heritage build; the Blackened finish pushes the read toward stronger control and a more disciplined shell response; touch sensitivity is traded for a more locked-in note center; Die-Cast hoops add focus and containment.
14x7.5 • 10 lugs • 20 - 12mm • Triple Flange • Chrome • Light Torch,14|7.5|10|20 - 12mm|Triple Flange|Chrome|Light Torch,14,7.5,10,20 - 12mm,Triple Flange,Chrome,Light Torch,3.12,1.62,Focused throw with clean shape,1.974,Grounded body with directed carry,2.7035,Body that blooms outward,1.5174,simple:focused-throw-clean-shape > shaped:grounded-body-directed-carry > complex:body-blooms-outward,5.19,5.07,6.1,5.34,5.61,4.48,5.29,0.19,0.07,1.1,0.34,0.61,-0.52,0.29,"A fuller Heritage read with broader body, deeper bloom, and a more grounded voice in the room.","A cleaner, classic Heritage presentation with a lighter TorchTuned imprint that preserves more openness, touch response, and a slightly freer shell reaction, while keeping the shell-first balance intact.",Warmer and more body-forward than the benchmark Heritage build; stronger outward throw; Triple Flange hoops preserve more of the line’s native openness.
14x7.5 • 10 lugs • 20 - 12mm • Triple Flange • Chrome • Medium Torch,14|7.5|10|20 - 12mm|Triple Flange|Chrome|Medium Torch,14,7.5,10,20 - 12mm,Triple Flange,Chrome,Medium Torch,3.59,1.75,Focused throw with clean shape,2.044,Grounded body with directed carry,2.945,Shorter note with firm response,1.9055,simple:focused-throw-clean-shape > shaped:grounded-body-directed-carry > complex:shorter-note-firm-response,5.37,4.89,5.99,5.08,5.69,4.24,5.59,0.37,-0.11,0.99,0.08,0.69,-0.76,0.59,"A fuller Heritage read with broader body, deeper bloom, and a more grounded voice in the room.","A seasoned, classic Heritage presentation with a balanced TorchTuned posture, while keeping the shell centered and composed.","Warmer and more body-forward than the benchmark Heritage build; stronger outward throw; a darker, drier top edge is balanced by classic Triple Flange openness; Triple Flange hoops preserve more of the line’s native openness."
14x7.5 • 10 lugs • 20 - 12mm • Triple Flange • Chrome • Blackened,14|7.5|10|20 - 12mm|Triple Flange|Chrome|Blackened,14,7.5,10,20 - 12mm,Triple Flange,Chrome,Blackened,4.32,1.89,Focused throw with clean shape,2.19,Grounded body with directed carry,2.9865,"Dark, contained shell shape",3.0355,simple:focused-throw-clean-shape > shaped:grounded-body-directed-carry > complex:dark-contained-shell-shape,5.55,4.75,5.88,4.82,5.57,4,5.89,0.55,-0.25,0.88,-0.18,0.57,-1,0.89,"A more TorchTuned-forward Heritage read, where the heavier scorch treatment adds a firmer center, slightly tighter bloom, and a more settled shell response.","A darker, classic Heritage presentation with a stronger TorchTuned imprint that favors firmer note control, slightly lower sensitivity, and a more unified shell response under heavier treatment, while keeping the shell centered and composed.",Warmer and more body-forward than the benchmark Heritage build; stronger outward throw; the Blackened finish pushes the read toward stronger control and a more disciplined shell response; touch sensitivity is traded for a more locked-in note center; Triple Flange hoops preserve more of the line’s native openness.
14x7.5 • 10 lugs • 20 - 12mm • Triple Flange • Black Nickel • Light Torch,14|7.5|10|20 - 12mm|Triple Flange|Black Nickel|Light Torch,14,7.5,10,20 - 12mm,Triple Flange,Black Nickel,Light Torch,3.12,1.62,Focused throw with clean shape,1.974,Grounded body with directed carry,2.7035,Body that blooms outward,1.5174,simple:focused-throw-clean-shape > shaped:grounded-body-directed-carry > complex:body-blooms-outward,5.19,5.07,6.1,5.34,5.61,4.48,5.29,0.19,0.07,1.1,0.34,0.61,-0.52,0.29,"A fuller Heritage read with broader body, deeper bloom, and a more grounded voice in the room.","A cleaner, slightly more modern Heritage presentation with a lighter TorchTuned imprint that preserves more openness, touch response, and a slightly freer shell reaction, while keeping the shell-first balance intact.",Warmer and more body-forward than the benchmark Heritage build; stronger outward throw; Triple Flange hoops preserve more of the line’s native openness.
14x7.5 • 10 lugs • 20 - 12mm • Triple Flange • Black Nickel • Medium Torch,14|7.5|10|20 - 12mm|Triple Flange|Black Nickel|Medium Torch,14,7.5,10,20 - 12mm,Triple Flange,Black Nickel,Medium Torch,3.59,1.75,Focused throw with clean shape,2.044,Grounded body with directed carry,2.945,Shorter note with firm response,1.9055,simple:focused-throw-clean-shape > shaped:grounded-body-directed-carry > complex:shorter-note-firm-response,5.37,4.89,5.99,5.08,5.69,4.24,5.59,0.37,-0.11,0.99,0.08,0.69,-0.76,0.59,"A fuller Heritage read with broader body, deeper bloom, and a more grounded voice in the room.","A seasoned, slightly more modern Heritage presentation with a balanced TorchTuned posture, while keeping the shell centered and composed.","Warmer and more body-forward than the benchmark Heritage build; stronger outward throw; a darker, drier top edge is balanced by classic Triple Flange openness; Triple Flange hoops preserve more of the line’s native openness."
14x7.5 • 10 lugs • 20 - 12mm • Triple Flange • Black Nickel • Blackened,14|7.5|10|20 - 12mm|Triple Flange|Black Nickel|Blackened,14,7.5,10,20 - 12mm,Triple Flange,Black Nickel,Blackened,4.32,1.89,Focused throw with clean shape,2.19,Grounded body with directed carry,2.9865,"Dark, contained shell shape",3.0355,simple:focused-throw-clean-shape > shaped:grounded-body-directed-carry > complex:dark-contained-shell-shape,5.55,4.75,5.88,4.82,5.57,4,5.89,0.55,-0.25,0.88,-0.18,0.57,-1,0.89,"A more TorchTuned-forward Heritage read, where the heavier scorch treatment adds a firmer center, slightly tighter bloom, and a more settled shell response.","A darker, slightly more modern Heritage presentation with a stronger TorchTuned imprint that favors firmer note control, slightly lower sensitivity, and a more unified shell response under heavier treatment, while keeping the shell centered and composed.",Warmer and more body-forward than the benchmark Heritage build; stronger outward throw; the Blackened finish pushes the read toward stronger control and a more disciplined shell response; touch sensitivity is traded for a more locked-in note center; Triple Flange hoops preserve more of the line’s native openness.
14x7.5 • 10 lugs • 20 - 12mm • Triple Flange • Brass/Gold • Light Torch,14|7.5|10|20 - 12mm|Triple Flange|Brass/Gold|Light Torch,14,7.5,10,20 - 12mm,Triple Flange,Brass/Gold,Light Torch,3.12,1.62,Focused throw with clean shape,1.974,Grounded body with directed carry,2.7035,Body that blooms outward,1.5174,simple:focused-throw-clean-shape > shaped:grounded-body-directed-carry > complex:body-blooms-outward,5.19,5.07,6.1,5.34,5.61,4.48,5.29,0.19,0.07,1.1,0.34,0.61,-0.52,0.29,"A fuller Heritage read with broader body, deeper bloom, and a more grounded voice in the room.","A cleaner, richer Heritage presentation with a lighter TorchTuned imprint that preserves more openness, touch response, and a slightly freer shell reaction, while keeping the shell-first balance intact.",Warmer and more body-forward than the benchmark Heritage build; stronger outward throw; Triple Flange hoops preserve more of the line’s native openness.
14x7.5 • 10 lugs • 20 - 12mm • Triple Flange • Brass/Gold • Medium Torch,14|7.5|10|20 - 12mm|Triple Flange|Brass/Gold|Medium Torch,14,7.5,10,20 - 12mm,Triple Flange,Brass/Gold,Medium Torch,3.59,1.75,Focused throw with clean shape,2.044,Grounded body with directed carry,2.945,Shorter note with firm response,1.9055,simple:focused-throw-clean-shape > shaped:grounded-body-directed-carry > complex:shorter-note-firm-response,5.37,4.89,5.99,5.08,5.69,4.24,5.59,0.37,-0.11,0.99,0.08,0.69,-0.76,0.59,"A fuller Heritage read with broader body, deeper bloom, and a more grounded voice in the room.","A seasoned, richer Heritage presentation with a balanced TorchTuned posture, while keeping the shell centered and composed.","Warmer and more body-forward than the benchmark Heritage build; stronger outward throw; a darker, drier top edge is balanced by classic Triple Flange openness; Triple Flange hoops preserve more of the line’s native openness."
14x7.5 • 10 lugs • 20 - 12mm • Triple Flange • Brass/Gold • Blackened,14|7.5|10|20 - 12mm|Triple Flange|Brass/Gold|Blackened,14,7.5,10,20 - 12mm,Triple Flange,Brass/Gold,Blackened,4.32,1.89,Focused throw with clean shape,2.19,Grounded body with directed carry,2.9865,"Dark, contained shell shape",3.0355,simple:focused-throw-clean-shape > shaped:grounded-body-directed-carry > complex:dark-contained-shell-shape,5.55,4.75,5.88,4.82,5.57,4,5.89,0.55,-0.25,0.88,-0.18,0.57,-1,0.89,"A more TorchTuned-forward Heritage read, where the heavier scorch treatment adds a firmer center, slightly tighter bloom, and a more settled shell response.","A darker, richer Heritage presentation with a stronger TorchTuned imprint that favors firmer note control, slightly lower sensitivity, and a more unified shell response under heavier treatment, while keeping the shell centered and composed.",Warmer and more body-forward than the benchmark Heritage build; stronger outward throw; the Blackened finish pushes the read toward stronger control and a more disciplined shell response; touch sensitivity is traded for a more locked-in note center; Triple Flange hoops preserve more of the line’s native openness.
14x7.5 • 10 lugs • 20 - 12mm • Die-Cast • Chrome • Light Torch,14|7.5|10|20 - 12mm|Die-Cast|Chrome|Light Torch,14,7.5,10,20 - 12mm,Die-Cast,Chrome,Light Torch,4.07,2.06,Focused throw with clean shape,2.941,Grounded body with directed carry,3.3585,Shorter note with firm response,2.8765,simple:focused-throw-clean-shape > shaped:grounded-body-directed-carry > complex:shorter-note-firm-response,5.51,5.27,6.31,5.03,5.44,4.25,5.76,0.51,0.27,1.31,0.03,0.44,-0.75,0.76,"A focused-but-open Heritage read: the die-cast hoops tighten the rim response, while the lighter TorchTune finish keeps more touch, air, and upper-shell liveliness in the voice.","A cleaner, classic Heritage presentation with a lighter TorchTuned imprint that preserves more openness, touch response, and a slightly freer shell reaction, while keeping the shell centered and composed.",Noticeably shifted away from the benchmark Heritage center; stronger outward throw; Light Torch keeps more touch and liveliness while the die-cast hoops add rim focus; Die-Cast hoops add focus and containment.
14x7.5 • 10 lugs • 20 - 12mm • Die-Cast • Chrome • Medium Torch,14|7.5|10|20 - 12mm|Die-Cast|Chrome|Medium Torch,14,7.5,10,20 - 12mm,Die-Cast,Chrome,Medium Torch,4.78,2.19,Focused throw with clean shape,3.011,Grounded body with directed carry,3.6,Shorter note with firm response,3.49,simple:focused-throw-clean-shape > shaped:grounded-body-directed-carry > complex:shorter-note-firm-response,5.69,5.09,6.2,4.77,5.52,4.01,6.06,0.69,0.09,1.2,-0.23,0.52,-0.99,1.06,"A deeper focused Heritage read with stronger room throw, firmer note shape, and a more controlled bloom than the open triple-flange version.","A seasoned, classic Heritage presentation with a balanced TorchTuned posture, while keeping the front edge firm and articulate.","Noticeably shifted away from the benchmark Heritage center; a quicker, drier bite with a more defined front edge; stronger outward throw; Die-Cast hoops add focus and containment."
14x7.5 • 10 lugs • 20 - 12mm • Die-Cast • Chrome • Blackened,14|7.5|10|20 - 12mm|Die-Cast|Chrome|Blackened,14,7.5,10,20 - 12mm,Die-Cast,Chrome,Blackened,5.43,2.59,Focused throw with clean shape,3.157,Grounded body with directed carry,3.6115,Shorter note with firm response,4.3045,simple:focused-throw-clean-shape > shaped:grounded-body-directed-carry > complex:shorter-note-firm-response,5.87,4.98,6.09,4.51,5.37,3.77,6.36,0.87,-0.02,1.09,-0.49,0.37,-1.23,1.36,"A beefy, high-projection Heritage read with a pronounced crack, firmer die-cast focus, and a drier TorchTuned shell response from the Blackened finish.","A darker, classic Heritage presentation with a stronger TorchTuned imprint that favors firmer note control, slightly lower sensitivity, and a more unified shell response under heavier treatment, while keeping the front edge firm and articulate.","Noticeably shifted away from the benchmark Heritage center; a quicker, drier bite with a more defined front edge; stronger outward throw; the 10-lug 12mm shell adds beef and crack while Die-Cast hoops push projection; Die-Cast hoops add focus and containment."
14x7.5 • 10 lugs • 20 - 12mm • Die-Cast • Black Nickel • Light Torch,14|7.5|10|20 - 12mm|Die-Cast|Black Nickel|Light Torch,14,7.5,10,20 - 12mm,Die-Cast,Black Nickel,Light Torch,4.07,2.06,Focused throw with clean shape,2.941,Grounded body with directed carry,3.3585,Shorter note with firm response,2.8765,simple:focused-throw-clean-shape > shaped:grounded-body-directed-carry > complex:shorter-note-firm-response,5.51,5.27,6.31,5.03,5.44,4.25,5.76,0.51,0.27,1.31,0.03,0.44,-0.75,0.76,"A focused-but-open Heritage read: the die-cast hoops tighten the rim response, while the lighter TorchTune finish keeps more touch, air, and upper-shell liveliness in the voice.","A cleaner, slightly more modern Heritage presentation with a lighter TorchTuned imprint that preserves more openness, touch response, and a slightly freer shell reaction, while keeping the shell centered and composed.",Noticeably shifted away from the benchmark Heritage center; stronger outward throw; Light Torch keeps more touch and liveliness while the die-cast hoops add rim focus; Die-Cast hoops add focus and containment.
14x7.5 • 10 lugs • 20 - 12mm • Die-Cast • Black Nickel • Medium Torch,14|7.5|10|20 - 12mm|Die-Cast|Black Nickel|Medium Torch,14,7.5,10,20 - 12mm,Die-Cast,Black Nickel,Medium Torch,4.78,2.19,Focused throw with clean shape,3.011,Grounded body with directed carry,3.6,Shorter note with firm response,3.49,simple:focused-throw-clean-shape > shaped:grounded-body-directed-carry > complex:shorter-note-firm-response,5.69,5.09,6.2,4.77,5.52,4.01,6.06,0.69,0.09,1.2,-0.23,0.52,-0.99,1.06,"A deeper focused Heritage read with stronger room throw, firmer note shape, and a more controlled bloom than the open triple-flange version.","A seasoned, slightly more modern Heritage presentation with a balanced TorchTuned posture, while keeping the front edge firm and articulate.","Noticeably shifted away from the benchmark Heritage center; a quicker, drier bite with a more defined front edge; stronger outward throw; Die-Cast hoops add focus and containment."
14x7.5 • 10 lugs • 20 - 12mm • Die-Cast • Black Nickel • Blackened,14|7.5|10|20 - 12mm|Die-Cast|Black Nickel|Blackened,14,7.5,10,20 - 12mm,Die-Cast,Black Nickel,Blackened,5.43,2.59,Focused throw with clean shape,3.157,Grounded body with directed carry,3.6115,Shorter note with firm response,4.3045,simple:focused-throw-clean-shape > shaped:grounded-body-directed-carry > complex:shorter-note-firm-response,5.87,4.98,6.09,4.51,5.37,3.77,6.36,0.87,-0.02,1.09,-0.49,0.37,-1.23,1.36,"A beefy, high-projection Heritage read with a pronounced crack, firmer die-cast focus, and a drier TorchTuned shell response from the Blackened finish.","A darker, slightly more modern Heritage presentation with a stronger TorchTuned imprint that favors firmer note control, slightly lower sensitivity, and a more unified shell response under heavier treatment, while keeping the front edge firm and articulate.","Noticeably shifted away from the benchmark Heritage center; a quicker, drier bite with a more defined front edge; stronger outward throw; the 10-lug 12mm shell adds beef and crack while Die-Cast hoops push projection; Die-Cast hoops add focus and containment."
14x7.5 • 10 lugs • 20 - 12mm • Die-Cast • Brass/Gold • Light Torch,14|7.5|10|20 - 12mm|Die-Cast|Brass/Gold|Light Torch,14,7.5,10,20 - 12mm,Die-Cast,Brass/Gold,Light Torch,4.07,2.06,Focused throw with clean shape,2.941,Grounded body with directed carry,3.3585,Shorter note with firm response,2.8765,simple:focused-throw-clean-shape > shaped:grounded-body-directed-carry > complex:shorter-note-firm-response,5.51,5.27,6.31,5.03,5.44,4.25,5.76,0.51,0.27,1.31,0.03,0.44,-0.75,0.76,"A focused-but-open Heritage read: the die-cast hoops tighten the rim response, while the lighter TorchTune finish keeps more touch, air, and upper-shell liveliness in the voice.","A cleaner, richer Heritage presentation with a lighter TorchTuned imprint that preserves more openness, touch response, and a slightly freer shell reaction, while keeping the shell centered and composed.",Noticeably shifted away from the benchmark Heritage center; stronger outward throw; Light Torch keeps more touch and liveliness while the die-cast hoops add rim focus; Die-Cast hoops add focus and containment.
14x7.5 • 10 lugs • 20 - 12mm • Die-Cast • Brass/Gold • Medium Torch,14|7.5|10|20 - 12mm|Die-Cast|Brass/Gold|Medium Torch,14,7.5,10,20 - 12mm,Die-Cast,Brass/Gold,Medium Torch,4.78,2.19,Focused throw with clean shape,3.011,Grounded body with directed carry,3.6,Shorter note with firm response,3.49,simple:focused-throw-clean-shape > shaped:grounded-body-directed-carry > complex:shorter-note-firm-response,5.69,5.09,6.2,4.77,5.52,4.01,6.06,0.69,0.09,1.2,-0.23,0.52,-0.99,1.06,"A deeper focused Heritage read with stronger room throw, firmer note shape, and a more controlled bloom than the open triple-flange version.","A seasoned, richer Heritage presentation with a balanced TorchTuned posture, while keeping the front edge firm and articulate.","Noticeably shifted away from the benchmark Heritage center; a quicker, drier bite with a more defined front edge; stronger outward throw; Die-Cast hoops add focus and containment."
14x7.5 • 10 lugs • 20 - 12mm • Die-Cast • Brass/Gold • Blackened,14|7.5|10|20 - 12mm|Die-Cast|Brass/Gold|Blackened,14,7.5,10,20 - 12mm,Die-Cast,Brass/Gold,Blackened,5.43,2.59,Focused throw with clean shape,3.157,Grounded body with directed carry,3.6115,Shorter note with firm response,4.3045,simple:focused-throw-clean-shape > shaped:grounded-body-directed-carry > complex:shorter-note-firm-response,5.87,4.98,6.09,4.51,5.37,3.77,6.36,0.87,-0.02,1.09,-0.49,0.37,-1.23,1.36,"A beefy, high-projection Heritage read with a pronounced crack, firmer die-cast focus, and a drier TorchTuned shell response from the Blackened finish.","A darker, richer Heritage presentation with a stronger TorchTuned imprint that favors firmer note control, slightly lower sensitivity, and a more unified shell response under heavier treatment, while keeping the front edge firm and articulate.","Noticeably shifted away from the benchmark Heritage center; a quicker, drier bite with a more defined front edge; stronger outward throw; the 10-lug 12mm shell adds beef and crack while Die-Cast hoops push projection; Die-Cast hoops add focus and containment."
14x7.5 • 10 lugs • 10 - 7mm + $150 (Re-Rings Required) • Triple Flange • Chrome • Light Torch,14|7.5|10|10 - 7mm + $150 (Re-Rings Required)|Triple Flange|Chrome|Light Torch,14,7.5,10,10 - 7mm + $150 (Re-Rings Required),Triple Flange,Chrome,Light Torch,4.79,2.32,"Warm, deep settled center",3.3244,"Expressive, blooming response",3.438,"Dark, complex Heritage bloom",3.8005,simple:warm-deep-settled-center > shaped:expressive-blooming-response > complex:dark-complex-heritage-bloom,4.1,4.61,5.11,6.42,6.18,5.16,4.37,-0.9,-0.39,0.11,1.42,1.18,0.16,-0.63,"A darker, more complex Heritage read with a drier top edge, longer sustain, and extra overtone character from the thin re-ring shell.","A cleaner, classic Heritage presentation with a lighter TorchTuned imprint that preserves more openness, touch response, and a slightly freer shell reaction, while keeping the emphasis on body, weight, and shell character.","Warmer and more body-forward than the benchmark Heritage build; a rounder and less immediate note start; a longer, broader note bloom; the lighter TorchTune finish preserves more touch response and a freer shell reaction; the thin re-ring shell adds darker complex overtones and longer sustain."
14x7.5 • 10 lugs • 10 - 7mm + $150 (Re-Rings Required) • Triple Flange • Chrome • Medium Torch,14|7.5|10|10 - 7mm + $150 (Re-Rings Required)|Triple Flange|Chrome|Medium Torch,14,7.5,10,10 - 7mm + $150 (Re-Rings Required),Triple Flange,Chrome,Medium Torch,4.12,1.98,"Warm, deep settled center",3.2464,Rounded body with a clear start,2.886,"Dark, complex Heritage bloom",3.4325,simple:warm-deep-settled-center > shaped:rounded-body-clear-start > complex:dark-complex-heritage-bloom,4.28,4.43,5,6.16,6.26,4.92,4.67,-0.72,-0.57,0,1.16,1.26,-0.08,-0.33,"A darker, deeper Heritage read with a drier top edge, grounded body, and enough classic Triple Flange openness to keep the shell alive.","A seasoned, classic Heritage presentation with a balanced TorchTuned posture, while keeping the emphasis on body, weight, and shell character.","Warmer and more body-forward than the benchmark Heritage build; a rounder and less immediate note start; a longer, broader note bloom; a darker, drier top edge is balanced by classic Triple Flange openness; Triple Flange hoops preserve more of the line’s native openness."
14x7.5 • 10 lugs • 10 - 7mm + $150 (Re-Rings Required) • Triple Flange • Chrome • Blackened,14|7.5|10|10 - 7mm + $150 (Re-Rings Required)|Triple Flange|Chrome|Blackened,14,7.5,10,10 - 7mm + $150 (Re-Rings Required),Triple Flange,Chrome,Blackened,3.75,1.85,"Warm, deep settled center",2.8164,Rounded body with a clear start,2.244,"Dark, complex Heritage bloom",3.0095,simple:warm-deep-settled-center > shaped:rounded-body-clear-start > complex:dark-complex-heritage-bloom,4.46,4.29,4.89,5.9,6.14,4.68,4.97,-0.54,-0.71,-0.11,0.9,1.14,-0.32,-0.03,"A more TorchTuned-forward Heritage read, where the heavier scorch treatment adds a firmer center, slightly tighter bloom, and a more settled shell response.","A darker, classic Heritage presentation with a stronger TorchTuned imprint that favors firmer note control, slightly lower sensitivity, and a more unified shell response under heavier treatment, while keeping the emphasis on body, weight, and shell character.","Warmer and more body-forward than the benchmark Heritage build; a longer, broader note bloom; Triple Flange hoops preserve more of the line’s native openness."
14x7.5 • 10 lugs • 10 - 7mm + $150 (Re-Rings Required) • Triple Flange • Black Nickel • Light Torch,14|7.5|10|10 - 7mm + $150 (Re-Rings Required)|Triple Flange|Black Nickel|Light Torch,14,7.5,10,10 - 7mm + $150 (Re-Rings Required),Triple Flange,Black Nickel,Light Torch,4.79,2.32,"Warm, deep settled center",3.3244,"Expressive, blooming response",3.438,"Dark, complex Heritage bloom",3.8005,simple:warm-deep-settled-center > shaped:expressive-blooming-response > complex:dark-complex-heritage-bloom,4.1,4.61,5.11,6.42,6.18,5.16,4.37,-0.9,-0.39,0.11,1.42,1.18,0.16,-0.63,"A darker, more complex Heritage read with a drier top edge, longer sustain, and extra overtone character from the thin re-ring shell.","A cleaner, slightly more modern Heritage presentation with a lighter TorchTuned imprint that preserves more openness, touch response, and a slightly freer shell reaction, while keeping the emphasis on body, weight, and shell character.","Warmer and more body-forward than the benchmark Heritage build; a rounder and less immediate note start; a longer, broader note bloom; the lighter TorchTune finish preserves more touch response and a freer shell reaction; the thin re-ring shell adds darker complex overtones and longer sustain."
14x7.5 • 10 lugs • 10 - 7mm + $150 (Re-Rings Required) • Triple Flange • Black Nickel • Medium Torch,14|7.5|10|10 - 7mm + $150 (Re-Rings Required)|Triple Flange|Black Nickel|Medium Torch,14,7.5,10,10 - 7mm + $150 (Re-Rings Required),Triple Flange,Black Nickel,Medium Torch,4.12,1.98,"Warm, deep settled center",3.2464,Rounded body with a clear start,2.886,"Dark, complex Heritage bloom",3.4325,simple:warm-deep-settled-center > shaped:rounded-body-clear-start > complex:dark-complex-heritage-bloom,4.28,4.43,5,6.16,6.26,4.92,4.67,-0.72,-0.57,0,1.16,1.26,-0.08,-0.33,"A darker, deeper Heritage read with a drier top edge, grounded body, and enough classic Triple Flange openness to keep the shell alive.","A seasoned, slightly more modern Heritage presentation with a balanced TorchTuned posture, while keeping the emphasis on body, weight, and shell character.","Warmer and more body-forward than the benchmark Heritage build; a rounder and less immediate note start; a longer, broader note bloom; a darker, drier top edge is balanced by classic Triple Flange openness; Triple Flange hoops preserve more of the line’s native openness."
14x7.5 • 10 lugs • 10 - 7mm + $150 (Re-Rings Required) • Triple Flange • Black Nickel • Blackened,14|7.5|10|10 - 7mm + $150 (Re-Rings Required)|Triple Flange|Black Nickel|Blackened,14,7.5,10,10 - 7mm + $150 (Re-Rings Required),Triple Flange,Black Nickel,Blackened,3.75,1.85,"Warm, deep settled center",2.8164,Rounded body with a clear start,2.244,"Dark, complex Heritage bloom",3.0095,simple:warm-deep-settled-center > shaped:rounded-body-clear-start > complex:dark-complex-heritage-bloom,4.46,4.29,4.89,5.9,6.14,4.68,4.97,-0.54,-0.71,-0.11,0.9,1.14,-0.32,-0.03,"A more TorchTuned-forward Heritage read, where the heavier scorch treatment adds a firmer center, slightly tighter bloom, and a more settled shell response.","A darker, slightly more modern Heritage presentation with a stronger TorchTuned imprint that favors firmer note control, slightly lower sensitivity, and a more unified shell response under heavier treatment, while keeping the emphasis on body, weight, and shell character.","Warmer and more body-forward than the benchmark Heritage build; a longer, broader note bloom; Triple Flange hoops preserve more of the line’s native openness."
14x7.5 • 10 lugs • 10 - 7mm + $150 (Re-Rings Required) • Triple Flange • Brass/Gold • Light Torch,14|7.5|10|10 - 7mm + $150 (Re-Rings Required)|Triple Flange|Brass/Gold|Light Torch,14,7.5,10,10 - 7mm + $150 (Re-Rings Required),Triple Flange,Brass/Gold,Light Torch,4.79,2.32,"Warm, deep settled center",3.3244,"Expressive, blooming response",3.438,"Dark, complex Heritage bloom",3.8005,simple:warm-deep-settled-center > shaped:expressive-blooming-response > complex:dark-complex-heritage-bloom,4.1,4.61,5.11,6.42,6.18,5.16,4.37,-0.9,-0.39,0.11,1.42,1.18,0.16,-0.63,"A darker, more complex Heritage read with a drier top edge, longer sustain, and extra overtone character from the thin re-ring shell.","A cleaner, richer Heritage presentation with a lighter TorchTuned imprint that preserves more openness, touch response, and a slightly freer shell reaction, while keeping the emphasis on body, weight, and shell character.","Warmer and more body-forward than the benchmark Heritage build; a rounder and less immediate note start; a longer, broader note bloom; the lighter TorchTune finish preserves more touch response and a freer shell reaction; the thin re-ring shell adds darker complex overtones and longer sustain."
14x7.5 • 10 lugs • 10 - 7mm + $150 (Re-Rings Required) • Triple Flange • Brass/Gold • Medium Torch,14|7.5|10|10 - 7mm + $150 (Re-Rings Required)|Triple Flange|Brass/Gold|Medium Torch,14,7.5,10,10 - 7mm + $150 (Re-Rings Required),Triple Flange,Brass/Gold,Medium Torch,4.12,1.98,"Warm, deep settled center",3.2464,Rounded body with a clear start,2.886,"Dark, complex Heritage bloom",3.4325,simple:warm-deep-settled-center > shaped:rounded-body-clear-start > complex:dark-complex-heritage-bloom,4.28,4.43,5,6.16,6.26,4.92,4.67,-0.72,-0.57,0,1.16,1.26,-0.08,-0.33,"A darker, deeper Heritage read with a drier top edge, grounded body, and enough classic Triple Flange openness to keep the shell alive.","A seasoned, richer Heritage presentation with a balanced TorchTuned posture, while keeping the emphasis on body, weight, and shell character.","Warmer and more body-forward than the benchmark Heritage build; a rounder and less immediate note start; a longer, broader note bloom; a darker, drier top edge is balanced by classic Triple Flange openness; Triple Flange hoops preserve more of the line’s native openness."
14x7.5 • 10 lugs • 10 - 7mm + $150 (Re-Rings Required) • Triple Flange • Brass/Gold • Blackened,14|7.5|10|10 - 7mm + $150 (Re-Rings Required)|Triple Flange|Brass/Gold|Blackened,14,7.5,10,10 - 7mm + $150 (Re-Rings Required),Triple Flange,Brass/Gold,Blackened,3.75,1.85,"Warm, deep settled center",2.8164,Rounded body with a clear start,2.244,"Dark, complex Heritage bloom",3.0095,simple:warm-deep-settled-center > shaped:rounded-body-clear-start > complex:dark-complex-heritage-bloom,4.46,4.29,4.89,5.9,6.14,4.68,4.97,-0.54,-0.71,-0.11,0.9,1.14,-0.32,-0.03,"A more TorchTuned-forward Heritage read, where the heavier scorch treatment adds a firmer center, slightly tighter bloom, and a more settled shell response.","A darker, richer Heritage presentation with a stronger TorchTuned imprint that favors firmer note control, slightly lower sensitivity, and a more unified shell response under heavier treatment, while keeping the emphasis on body, weight, and shell character.","Warmer and more body-forward than the benchmark Heritage build; a longer, broader note bloom; Triple Flange hoops preserve more of the line’s native openness."
14x7.5 • 10 lugs • 10 - 7mm + $150 (Re-Rings Required) • Die-Cast • Chrome • Light Torch,14|7.5|10|10 - 7mm + $150 (Re-Rings Required)|Die-Cast|Chrome|Light Torch,14,7.5,10,10 - 7mm + $150 (Re-Rings Required),Die-Cast,Chrome,Light Torch,3.46,1.68,"Warm, deep settled center",2.7894,"Expressive, blooming response",2.682,"Dark, complex Heritage bloom",2.844,simple:warm-deep-settled-center > shaped:expressive-blooming-response > complex:dark-complex-heritage-bloom,4.43,4.8,5.3,6.11,6,4.92,4.8,-0.57,-0.2,0.3,1.11,1,-0.08,-0.2,"A focused-but-open Heritage read: the die-cast hoops tighten the rim response, while the lighter TorchTune finish keeps more touch, air, and upper-shell liveliness in the voice.","A cleaner, classic Heritage presentation with a lighter TorchTuned imprint that preserves more openness, touch response, and a slightly freer shell reaction, while keeping the emphasis on body, weight, and shell character.","Warmer and more body-forward than the benchmark Heritage build; a longer, broader note bloom; Light Torch keeps more touch and liveliness while the die-cast hoops add rim focus; the thin re-ring shell adds darker complex overtones and longer sustain; Die-Cast hoops add focus and containment."
14x7.5 • 10 lugs • 10 - 7mm + $150 (Re-Rings Required) • Die-Cast • Chrome • Medium Torch,14|7.5|10|10 - 7mm + $150 (Re-Rings Required)|Die-Cast|Chrome|Medium Torch,14,7.5,10,10 - 7mm + $150 (Re-Rings Required),Die-Cast,Chrome,Medium Torch,3.31,1.47,"Warm, deep settled center",2.7114,Grounded body with directed carry,2.4855,"Dark, complex Heritage bloom",2.531,simple:warm-deep-settled-center > shaped:grounded-body-directed-carry > complex:dark-complex-heritage-bloom,4.61,4.62,5.19,5.85,6.08,4.68,5.1,-0.39,-0.38,0.19,0.85,1.08,-0.32,0.1,"A more focused Heritage read with firmer note shape, cleaner front edge, and tighter overall behavior.","A seasoned, classic Heritage presentation with a balanced TorchTuned posture, while keeping the emphasis on body, weight, and shell character.","Warmer and more body-forward than the benchmark Heritage build; a longer, broader note bloom; Die-Cast hoops add focus and containment."
14x7.5 • 10 lugs • 10 - 7mm + $150 (Re-Rings Required) • Die-Cast • Chrome • Blackened,14|7.5|10|10 - 7mm + $150 (Re-Rings Required)|Die-Cast|Chrome|Blackened,14,7.5,10,10 - 7mm + $150 (Re-Rings Required),Die-Cast,Chrome,Blackened,3.26,1.49,"Warm, deep settled center",2.2514,Grounded body with directed carry,2.497,Body that blooms outward,1.5525,simple:warm-deep-settled-center > shaped:grounded-body-directed-carry > complex:body-blooms-outward,4.79,4.51,5.08,5.59,5.93,4.44,5.4,-0.21,-0.49,0.08,0.59,0.93,-0.56,0.4,"A more TorchTuned-forward Heritage read, where the heavier scorch treatment adds a firmer center, slightly tighter bloom, and a more settled shell response.","A darker, classic Heritage presentation with a stronger TorchTuned imprint that favors firmer note control, slightly lower sensitivity, and a more unified shell response under heavier treatment, while keeping the emphasis on body, weight, and shell character.",Warmer and more body-forward than the benchmark Heritage build; the Blackened finish adds a more contained center and slightly firmer shell behavior; touch sensitivity is traded for a more locked-in note center; Die-Cast hoops add focus and containment.
14x7.5 • 10 lugs • 10 - 7mm + $150 (Re-Rings Required) • Die-Cast • Black Nickel • Light Torch,14|7.5|10|10 - 7mm + $150 (Re-Rings Required)|Die-Cast|Black Nickel|Light Torch,14,7.5,10,10 - 7mm + $150 (Re-Rings Required),Die-Cast,Black Nickel,Light Torch,3.46,1.68,"Warm, deep settled center",2.7894,"Expressive, blooming response",2.682,"Dark, complex Heritage bloom",2.844,simple:warm-deep-settled-center > shaped:expressive-blooming-response > complex:dark-complex-heritage-bloom,4.43,4.8,5.3,6.11,6,4.92,4.8,-0.57,-0.2,0.3,1.11,1,-0.08,-0.2,"A focused-but-open Heritage read: the die-cast hoops tighten the rim response, while the lighter TorchTune finish keeps more touch, air, and upper-shell liveliness in the voice.","A cleaner, slightly more modern Heritage presentation with a lighter TorchTuned imprint that preserves more openness, touch response, and a slightly freer shell reaction, while keeping the emphasis on body, weight, and shell character.","Warmer and more body-forward than the benchmark Heritage build; a longer, broader note bloom; Light Torch keeps more touch and liveliness while the die-cast hoops add rim focus; the thin re-ring shell adds darker complex overtones and longer sustain; Die-Cast hoops add focus and containment."
14x7.5 • 10 lugs • 10 - 7mm + $150 (Re-Rings Required) • Die-Cast • Black Nickel • Medium Torch,14|7.5|10|10 - 7mm + $150 (Re-Rings Required)|Die-Cast|Black Nickel|Medium Torch,14,7.5,10,10 - 7mm + $150 (Re-Rings Required),Die-Cast,Black Nickel,Medium Torch,3.31,1.47,"Warm, deep settled center",2.7114,Grounded body with directed carry,2.4855,"Dark, complex Heritage bloom",2.531,simple:warm-deep-settled-center > shaped:grounded-body-directed-carry > complex:dark-complex-heritage-bloom,4.61,4.62,5.19,5.85,6.08,4.68,5.1,-0.39,-0.38,0.19,0.85,1.08,-0.32,0.1,"A more focused Heritage read with firmer note shape, cleaner front edge, and tighter overall behavior.","A seasoned, slightly more modern Heritage presentation with a balanced TorchTuned posture, while keeping the emphasis on body, weight, and shell character.","Warmer and more body-forward than the benchmark Heritage build; a longer, broader note bloom; Die-Cast hoops add focus and containment."
14x7.5 • 10 lugs • 10 - 7mm + $150 (Re-Rings Required) • Die-Cast • Black Nickel • Blackened,14|7.5|10|10 - 7mm + $150 (Re-Rings Required)|Die-Cast|Black Nickel|Blackened,14,7.5,10,10 - 7mm + $150 (Re-Rings Required),Die-Cast,Black Nickel,Blackened,3.26,1.49,"Warm, deep settled center",2.2514,Grounded body with directed carry,2.497,Body that blooms outward,1.5525,simple:warm-deep-settled-center > shaped:grounded-body-directed-carry > complex:body-blooms-outward,4.79,4.51,5.08,5.59,5.93,4.44,5.4,-0.21,-0.49,0.08,0.59,0.93,-0.56,0.4,"A more TorchTuned-forward Heritage read, where the heavier scorch treatment adds a firmer center, slightly tighter bloom, and a more settled shell response.","A darker, slightly more modern Heritage presentation with a stronger TorchTuned imprint that favors firmer note control, slightly lower sensitivity, and a more unified shell response under heavier treatment, while keeping the emphasis on body, weight, and shell character.",Warmer and more body-forward than the benchmark Heritage build; the Blackened finish adds a more contained center and slightly firmer shell behavior; touch sensitivity is traded for a more locked-in note center; Die-Cast hoops add focus and containment.
14x7.5 • 10 lugs • 10 - 7mm + $150 (Re-Rings Required) • Die-Cast • Brass/Gold • Light Torch,14|7.5|10|10 - 7mm + $150 (Re-Rings Required)|Die-Cast|Brass/Gold|Light Torch,14,7.5,10,10 - 7mm + $150 (Re-Rings Required),Die-Cast,Brass/Gold,Light Torch,3.46,1.68,"Warm, deep settled center",2.7894,"Expressive, blooming response",2.682,"Dark, complex Heritage bloom",2.844,simple:warm-deep-settled-center > shaped:expressive-blooming-response > complex:dark-complex-heritage-bloom,4.43,4.8,5.3,6.11,6,4.92,4.8,-0.57,-0.2,0.3,1.11,1,-0.08,-0.2,"A focused-but-open Heritage read: the die-cast hoops tighten the rim response, while the lighter TorchTune finish keeps more touch, air, and upper-shell liveliness in the voice.","A cleaner, richer Heritage presentation with a lighter TorchTuned imprint that preserves more openness, touch response, and a slightly freer shell reaction, while keeping the emphasis on body, weight, and shell character.","Warmer and more body-forward than the benchmark Heritage build; a longer, broader note bloom; Light Torch keeps more touch and liveliness while the die-cast hoops add rim focus; the thin re-ring shell adds darker complex overtones and longer sustain; Die-Cast hoops add focus and containment."
14x7.5 • 10 lugs • 10 - 7mm + $150 (Re-Rings Required) • Die-Cast • Brass/Gold • Medium Torch,14|7.5|10|10 - 7mm + $150 (Re-Rings Required)|Die-Cast|Brass/Gold|Medium Torch,14,7.5,10,10 - 7mm + $150 (Re-Rings Required),Die-Cast,Brass/Gold,Medium Torch,3.31,1.47,"Warm, deep settled center",2.7114,Grounded body with directed carry,2.4855,"Dark, complex Heritage bloom",2.531,simple:warm-deep-settled-center > shaped:grounded-body-directed-carry > complex:dark-complex-heritage-bloom,4.61,4.62,5.19,5.85,6.08,4.68,5.1,-0.39,-0.38,0.19,0.85,1.08,-0.32,0.1,"A more focused Heritage read with firmer note shape, cleaner front edge, and tighter overall behavior.","A seasoned, richer Heritage presentation with a balanced TorchTuned posture, while keeping the emphasis on body, weight, and shell character.","Warmer and more body-forward than the benchmark Heritage build; a longer, broader note bloom; Die-Cast hoops add focus and containment."
14x7.5 • 10 lugs • 10 - 7mm + $150 (Re-Rings Required) • Die-Cast • Brass/Gold • Blackened,14|7.5|10|10 - 7mm + $150 (Re-Rings Required)|Die-Cast|Brass/Gold|Blackened,14,7.5,10,10 - 7mm + $150 (Re-Rings Required),Die-Cast,Brass/Gold,Blackened,3.26,1.49,"Warm, deep settled center",2.2514,Grounded body with directed carry,2.497,Body that blooms outward,1.5525,simple:warm-deep-settled-center > shaped:grounded-body-directed-carry > complex:body-blooms-outward,4.79,4.51,5.08,5.59,5.93,4.44,5.4,-0.21,-0.49,0.08,0.59,0.93,-0.56,0.4,"A more TorchTuned-forward Heritage read, where the heavier scorch treatment adds a firmer center, slightly tighter bloom, and a more settled shell response.","A darker, richer Heritage presentation with a stronger TorchTuned imprint that favors firmer note control, slightly lower sensitivity, and a more unified shell response under heavier treatment, while keeping the emphasis on body, weight, and shell character.",Warmer and more body-forward than the benchmark Heritage build; the Blackened finish adds a more contained center and slightly firmer shell behavior; touch sensitivity is traded for a more locked-in note center; Die-Cast hoops add focus and containment.
14x8.0 • 8 lugs • 16 - 10mm • Triple Flange • Chrome • Light Torch,14|8.0|8|16 - 10mm|Triple Flange|Chrome|Light Torch,14,8.0,8,16 - 10mm,Triple Flange,Chrome,Light Torch,4.41,2.02,"Warm, deep settled center",3.3164,Rounded body with a clear start,3.0835,"Wide, open Heritage bloom",3.0235,simple:warm-deep-settled-center > shaped:rounded-body-clear-start > complex:wide-open-heritage-bloom,4.23,4.63,5.38,6.25,6.23,5.01,4.6,-0.77,-0.37,0.38,1.25,1.23,0.01,-0.4,"A fuller Heritage read with broader body, deeper bloom, and a more grounded voice in the room.","A cleaner, classic Heritage presentation with a lighter TorchTuned imprint that preserves more openness, touch response, and a slightly freer shell reaction, while keeping the emphasis on body, weight, and shell character.","Warmer and more body-forward than the benchmark Heritage build; a rounder and less immediate note start; a longer, broader note bloom; the lighter TorchTune finish preserves more touch response and a freer shell reaction; Triple Flange hoops preserve more of the line’s native openness."
14x8.0 • 8 lugs • 16 - 10mm • Triple Flange • Chrome • Medium Torch,14|8.0|8|16 - 10mm|Triple Flange|Chrome|Medium Torch,14,8.0,8,16 - 10mm,Triple Flange,Chrome,Medium Torch,4.04,1.9,"Warm, deep settled center",3.2384,Rounded body with a clear start,2.9835,"Dark, complex Heritage bloom",2.611,simple:warm-deep-settled-center > shaped:rounded-body-clear-start > complex:dark-complex-heritage-bloom,4.41,4.45,5.27,5.99,6.31,4.77,4.9,-0.59,-0.55,0.27,0.99,1.31,-0.23,-0.1,"A darker, deeper Heritage read with a drier top edge, grounded body, and enough classic Triple Flange openness to keep the shell alive.","A seasoned, classic Heritage presentation with a balanced TorchTuned posture, while keeping the emphasis on body, weight, and shell character.","Warmer and more body-forward than the benchmark Heritage build; a longer, broader note bloom; a darker, drier top edge is balanced by classic Triple Flange openness; Triple Flange hoops preserve more of the line’s native openness."
14x8.0 • 8 lugs • 16 - 10mm • Triple Flange • Chrome • Blackened,14|8.0|8|16 - 10mm|Triple Flange|Chrome|Blackened,14,8.0,8,16 - 10mm,Triple Flange,Chrome,Blackened,3.79,1.82,"Warm, deep settled center",2.7684,Rounded body with a clear start,2.3015,"Dark, complex Heritage bloom",2.252,simple:warm-deep-settled-center > shaped:rounded-body-clear-start > complex:dark-complex-heritage-bloom,4.59,4.33,5.16,5.73,6.15,4.53,5.2,-0.41,-0.67,0.16,0.73,1.15,-0.47,0.2,"A more TorchTuned-forward Heritage read, where the heavier scorch treatment adds a firmer center, slightly tighter bloom, and a more settled shell response.","A darker, classic Heritage presentation with a stronger TorchTuned imprint that favors firmer note control, slightly lower sensitivity, and a more unified shell response under heavier treatment, while keeping the emphasis on body, weight, and shell character.","Warmer and more body-forward than the benchmark Heritage build; a longer, broader note bloom; the Blackened finish adds a more contained center and slightly firmer shell behavior; touch sensitivity is traded for a more locked-in note center; Triple Flange hoops preserve more of the line’s native openness."
14x8.0 • 8 lugs • 16 - 10mm • Triple Flange • Black Nickel • Light Torch,14|8.0|8|16 - 10mm|Triple Flange|Black Nickel|Light Torch,14,8.0,8,16 - 10mm,Triple Flange,Black Nickel,Light Torch,4.41,2.02,"Warm, deep settled center",3.3164,Rounded body with a clear start,3.0835,"Wide, open Heritage bloom",3.0235,simple:warm-deep-settled-center > shaped:rounded-body-clear-start > complex:wide-open-heritage-bloom,4.23,4.63,5.38,6.25,6.23,5.01,4.6,-0.77,-0.37,0.38,1.25,1.23,0.01,-0.4,"A fuller Heritage read with broader body, deeper bloom, and a more grounded voice in the room.","A cleaner, slightly more modern Heritage presentation with a lighter TorchTuned imprint that preserves more openness, touch response, and a slightly freer shell reaction, while keeping the emphasis on body, weight, and shell character.","Warmer and more body-forward than the benchmark Heritage build; a rounder and less immediate note start; a longer, broader note bloom; the lighter TorchTune finish preserves more touch response and a freer shell reaction; Triple Flange hoops preserve more of the line’s native openness."
14x8.0 • 8 lugs • 16 - 10mm • Triple Flange • Black Nickel • Medium Torch,14|8.0|8|16 - 10mm|Triple Flange|Black Nickel|Medium Torch,14,8.0,8,16 - 10mm,Triple Flange,Black Nickel,Medium Torch,4.04,1.9,"Warm, deep settled center",3.2384,Rounded body with a clear start,2.9835,"Dark, complex Heritage bloom",2.611,simple:warm-deep-settled-center > shaped:rounded-body-clear-start > complex:dark-complex-heritage-bloom,4.41,4.45,5.27,5.99,6.31,4.77,4.9,-0.59,-0.55,0.27,0.99,1.31,-0.23,-0.1,"A darker, deeper Heritage read with a drier top edge, grounded body, and enough classic Triple Flange openness to keep the shell alive.","A seasoned, slightly more modern Heritage presentation with a balanced TorchTuned posture, while keeping the emphasis on body, weight, and shell character.","Warmer and more body-forward than the benchmark Heritage build; a longer, broader note bloom; a darker, drier top edge is balanced by classic Triple Flange openness; Triple Flange hoops preserve more of the line’s native openness."
14x8.0 • 8 lugs • 16 - 10mm • Triple Flange • Black Nickel • Blackened,14|8.0|8|16 - 10mm|Triple Flange|Black Nickel|Blackened,14,8.0,8,16 - 10mm,Triple Flange,Black Nickel,Blackened,3.79,1.82,"Warm, deep settled center",2.7684,Rounded body with a clear start,2.3015,"Dark, complex Heritage bloom",2.252,simple:warm-deep-settled-center > shaped:rounded-body-clear-start > complex:dark-complex-heritage-bloom,4.59,4.33,5.16,5.73,6.15,4.53,5.2,-0.41,-0.67,0.16,0.73,1.15,-0.47,0.2,"A more TorchTuned-forward Heritage read, where the heavier scorch treatment adds a firmer center, slightly tighter bloom, and a more settled shell response.","A darker, slightly more modern Heritage presentation with a stronger TorchTuned imprint that favors firmer note control, slightly lower sensitivity, and a more unified shell response under heavier treatment, while keeping the emphasis on body, weight, and shell character.","Warmer and more body-forward than the benchmark Heritage build; a longer, broader note bloom; the Blackened finish adds a more contained center and slightly firmer shell behavior; touch sensitivity is traded for a more locked-in note center; Triple Flange hoops preserve more of the line’s native openness."
14x8.0 • 8 lugs • 16 - 10mm • Triple Flange • Brass/Gold • Light Torch,14|8.0|8|16 - 10mm|Triple Flange|Brass/Gold|Light Torch,14,8.0,8,16 - 10mm,Triple Flange,Brass/Gold,Light Torch,4.41,2.02,"Warm, deep settled center",3.3164,Rounded body with a clear start,3.0835,"Wide, open Heritage bloom",3.0235,simple:warm-deep-settled-center > shaped:rounded-body-clear-start > complex:wide-open-heritage-bloom,4.23,4.63,5.38,6.25,6.23,5.01,4.6,-0.77,-0.37,0.38,1.25,1.23,0.01,-0.4,"A fuller Heritage read with broader body, deeper bloom, and a more grounded voice in the room.","A cleaner, richer Heritage presentation with a lighter TorchTuned imprint that preserves more openness, touch response, and a slightly freer shell reaction, while keeping the emphasis on body, weight, and shell character.","Warmer and more body-forward than the benchmark Heritage build; a rounder and less immediate note start; a longer, broader note bloom; the lighter TorchTune finish preserves more touch response and a freer shell reaction; Triple Flange hoops preserve more of the line’s native openness."
14x8.0 • 8 lugs • 16 - 10mm • Triple Flange • Brass/Gold • Medium Torch,14|8.0|8|16 - 10mm|Triple Flange|Brass/Gold|Medium Torch,14,8.0,8,16 - 10mm,Triple Flange,Brass/Gold,Medium Torch,4.04,1.9,"Warm, deep settled center",3.2384,Rounded body with a clear start,2.9835,"Dark, complex Heritage bloom",2.611,simple:warm-deep-settled-center > shaped:rounded-body-clear-start > complex:dark-complex-heritage-bloom,4.41,4.45,5.27,5.99,6.31,4.77,4.9,-0.59,-0.55,0.27,0.99,1.31,-0.23,-0.1,"A darker, deeper Heritage read with a drier top edge, grounded body, and enough classic Triple Flange openness to keep the shell alive.","A seasoned, richer Heritage presentation with a balanced TorchTuned posture, while keeping the emphasis on body, weight, and shell character.","Warmer and more body-forward than the benchmark Heritage build; a longer, broader note bloom; a darker, drier top edge is balanced by classic Triple Flange openness; Triple Flange hoops preserve more of the line’s native openness."
14x8.0 • 8 lugs • 16 - 10mm • Triple Flange • Brass/Gold • Blackened,14|8.0|8|16 - 10mm|Triple Flange|Brass/Gold|Blackened,14,8.0,8,16 - 10mm,Triple Flange,Brass/Gold,Blackened,3.79,1.82,"Warm, deep settled center",2.7684,Rounded body with a clear start,2.3015,"Dark, complex Heritage bloom",2.252,simple:warm-deep-settled-center > shaped:rounded-body-clear-start > complex:dark-complex-heritage-bloom,4.59,4.33,5.16,5.73,6.15,4.53,5.2,-0.41,-0.67,0.16,0.73,1.15,-0.47,0.2,"A more TorchTuned-forward Heritage read, where the heavier scorch treatment adds a firmer center, slightly tighter bloom, and a more settled shell response.","A darker, richer Heritage presentation with a stronger TorchTuned imprint that favors firmer note control, slightly lower sensitivity, and a more unified shell response under heavier treatment, while keeping the emphasis on body, weight, and shell character.","Warmer and more body-forward than the benchmark Heritage build; a longer, broader note bloom; the Blackened finish adds a more contained center and slightly firmer shell behavior; touch sensitivity is traded for a more locked-in note center; Triple Flange hoops preserve more of the line’s native openness."
14x8.0 • 8 lugs • 16 - 10mm • Die-Cast • Chrome • Light Torch,14|8.0|8|16 - 10mm|Die-Cast|Chrome|Light Torch,14,8.0,8,16 - 10mm,Die-Cast,Chrome,Light Torch,3.52,1.53,"Warm, deep settled center",2.8114,Grounded body with directed carry,2.536,"Wide, open Heritage bloom",2.4155,simple:warm-deep-settled-center > shaped:grounded-body-directed-carry > complex:wide-open-heritage-bloom,4.55,4.81,5.58,5.94,6.08,4.78,5.06,-0.45,-0.19,0.58,0.94,1.08,-0.22,0.06,"A focused-but-open Heritage read: the die-cast hoops tighten the rim response, while the lighter TorchTune finish keeps more touch, air, and upper-shell liveliness in the voice.","A cleaner, classic Heritage presentation with a lighter TorchTuned imprint that preserves more openness, touch response, and a slightly freer shell reaction, while keeping the emphasis on body, weight, and shell character.","Warmer and more body-forward than the benchmark Heritage build; a longer, broader note bloom; Light Torch keeps more touch and liveliness while the die-cast hoops add rim focus; Die-Cast hoops add focus and containment."
14x8.0 • 8 lugs • 16 - 10mm • Die-Cast • Chrome • Medium Torch,14|8.0|8|16 - 10mm|Die-Cast|Chrome|Medium Torch,14,8.0,8,16 - 10mm,Die-Cast,Chrome,Medium Torch,3.76,1.62,"Warm, deep settled center",2.7334,Grounded body with directed carry,2.7775,Body that blooms outward,2.1199,simple:warm-deep-settled-center > shaped:grounded-body-directed-carry > complex:body-blooms-outward,4.73,4.64,5.47,5.68,6.16,4.54,5.36,-0.27,-0.36,0.47,0.68,1.16,-0.46,0.36,"A more focused Heritage read with firmer note shape, cleaner front edge, and tighter overall behavior.","A seasoned, classic Heritage presentation with a balanced TorchTuned posture, while keeping the emphasis on body, weight, and shell character.","Warmer and more body-forward than the benchmark Heritage build; a longer, broader note bloom; Die-Cast hoops add focus and containment."
14x8.0 • 8 lugs • 16 - 10mm • Die-Cast • Chrome • Blackened,14|8.0|8|16 - 10mm|Die-Cast|Chrome|Blackened,14,8.0,8,16 - 10mm,Die-Cast,Chrome,Blackened,3.62,1.65,"Warm, deep settled center",2.2134,Grounded body with directed carry,2.729,Body that blooms outward,1.7025,simple:warm-deep-settled-center > shaped:grounded-body-directed-carry > complex:body-blooms-outward,4.91,4.56,5.36,5.42,5.95,4.3,5.66,-0.09,-0.44,0.36,0.42,0.95,-0.7,0.66,"A more TorchTuned-forward Heritage read, where the heavier scorch treatment adds a firmer center, slightly tighter bloom, and a more settled shell response.","A darker, classic Heritage presentation with a stronger TorchTuned imprint that favors firmer note control, slightly lower sensitivity, and a more unified shell response under heavier treatment, while keeping the emphasis on body, weight, and shell character.",Warmer and more body-forward than the benchmark Heritage build; the Blackened finish pushes the read toward stronger control and a more disciplined shell response; touch sensitivity is traded for a more locked-in note center; Die-Cast hoops add focus and containment.
14x8.0 • 8 lugs • 16 - 10mm • Die-Cast • Black Nickel • Light Torch,14|8.0|8|16 - 10mm|Die-Cast|Black Nickel|Light Torch,14,8.0,8,16 - 10mm,Die-Cast,Black Nickel,Light Torch,3.52,1.53,"Warm, deep settled center",2.8114,Grounded body with directed carry,2.536,"Wide, open Heritage bloom",2.4155,simple:warm-deep-settled-center > shaped:grounded-body-directed-carry > complex:wide-open-heritage-bloom,4.55,4.81,5.58,5.94,6.08,4.78,5.06,-0.45,-0.19,0.58,0.94,1.08,-0.22,0.06,"A focused-but-open Heritage read: the die-cast hoops tighten the rim response, while the lighter TorchTune finish keeps more touch, air, and upper-shell liveliness in the voice.","A cleaner, slightly more modern Heritage presentation with a lighter TorchTuned imprint that preserves more openness, touch response, and a slightly freer shell reaction, while keeping the emphasis on body, weight, and shell character.","Warmer and more body-forward than the benchmark Heritage build; a longer, broader note bloom; Light Torch keeps more touch and liveliness while the die-cast hoops add rim focus; Die-Cast hoops add focus and containment."
14x8.0 • 8 lugs • 16 - 10mm • Die-Cast • Black Nickel • Medium Torch,14|8.0|8|16 - 10mm|Die-Cast|Black Nickel|Medium Torch,14,8.0,8,16 - 10mm,Die-Cast,Black Nickel,Medium Torch,3.76,1.62,"Warm, deep settled center",2.7334,Grounded body with directed carry,2.7775,Body that blooms outward,2.1199,simple:warm-deep-settled-center > shaped:grounded-body-directed-carry > complex:body-blooms-outward,4.73,4.64,5.47,5.68,6.16,4.54,5.36,-0.27,-0.36,0.47,0.68,1.16,-0.46,0.36,"A more focused Heritage read with firmer note shape, cleaner front edge, and tighter overall behavior.","A seasoned, slightly more modern Heritage presentation with a balanced TorchTuned posture, while keeping the emphasis on body, weight, and shell character.","Warmer and more body-forward than the benchmark Heritage build; a longer, broader note bloom; Die-Cast hoops add focus and containment."
14x8.0 • 8 lugs • 16 - 10mm • Die-Cast • Black Nickel • Blackened,14|8.0|8|16 - 10mm|Die-Cast|Black Nickel|Blackened,14,8.0,8,16 - 10mm,Die-Cast,Black Nickel,Blackened,3.62,1.65,"Warm, deep settled center",2.2134,Grounded body with directed carry,2.729,Body that blooms outward,1.7025,simple:warm-deep-settled-center > shaped:grounded-body-directed-carry > complex:body-blooms-outward,4.91,4.56,5.36,5.42,5.95,4.3,5.66,-0.09,-0.44,0.36,0.42,0.95,-0.7,0.66,"A more TorchTuned-forward Heritage read, where the heavier scorch treatment adds a firmer center, slightly tighter bloom, and a more settled shell response.","A darker, slightly more modern Heritage presentation with a stronger TorchTuned imprint that favors firmer note control, slightly lower sensitivity, and a more unified shell response under heavier treatment, while keeping the emphasis on body, weight, and shell character.",Warmer and more body-forward than the benchmark Heritage build; the Blackened finish pushes the read toward stronger control and a more disciplined shell response; touch sensitivity is traded for a more locked-in note center; Die-Cast hoops add focus and containment.
14x8.0 • 8 lugs • 16 - 10mm • Die-Cast • Brass/Gold • Light Torch,14|8.0|8|16 - 10mm|Die-Cast|Brass/Gold|Light Torch,14,8.0,8,16 - 10mm,Die-Cast,Brass/Gold,Light Torch,3.52,1.53,"Warm, deep settled center",2.8114,Grounded body with directed carry,2.536,"Wide, open Heritage bloom",2.4155,simple:warm-deep-settled-center > shaped:grounded-body-directed-carry > complex:wide-open-heritage-bloom,4.55,4.81,5.58,5.94,6.08,4.78,5.06,-0.45,-0.19,0.58,0.94,1.08,-0.22,0.06,"A focused-but-open Heritage read: the die-cast hoops tighten the rim response, while the lighter TorchTune finish keeps more touch, air, and upper-shell liveliness in the voice.","A cleaner, richer Heritage presentation with a lighter TorchTuned imprint that preserves more openness, touch response, and a slightly freer shell reaction, while keeping the emphasis on body, weight, and shell character.","Warmer and more body-forward than the benchmark Heritage build; a longer, broader note bloom; Light Torch keeps more touch and liveliness while the die-cast hoops add rim focus; Die-Cast hoops add focus and containment."
14x8.0 • 8 lugs • 16 - 10mm • Die-Cast • Brass/Gold • Medium Torch,14|8.0|8|16 - 10mm|Die-Cast|Brass/Gold|Medium Torch,14,8.0,8,16 - 10mm,Die-Cast,Brass/Gold,Medium Torch,3.76,1.62,"Warm, deep settled center",2.7334,Grounded body with directed carry,2.7775,Body that blooms outward,2.1199,simple:warm-deep-settled-center > shaped:grounded-body-directed-carry > complex:body-blooms-outward,4.73,4.64,5.47,5.68,6.16,4.54,5.36,-0.27,-0.36,0.47,0.68,1.16,-0.46,0.36,"A more focused Heritage read with firmer note shape, cleaner front edge, and tighter overall behavior.","A seasoned, richer Heritage presentation with a balanced TorchTuned posture, while keeping the emphasis on body, weight, and shell character.","Warmer and more body-forward than the benchmark Heritage build; a longer, broader note bloom; Die-Cast hoops add focus and containment."
14x8.0 • 8 lugs • 16 - 10mm • Die-Cast • Brass/Gold • Blackened,14|8.0|8|16 - 10mm|Die-Cast|Brass/Gold|Blackened,14,8.0,8,16 - 10mm,Die-Cast,Brass/Gold,Blackened,3.62,1.65,"Warm, deep settled center",2.2134,Grounded body with directed carry,2.729,Body that blooms outward,1.7025,simple:warm-deep-settled-center > shaped:grounded-body-directed-carry > complex:body-blooms-outward,4.91,4.56,5.36,5.42,5.95,4.3,5.66,-0.09,-0.44,0.36,0.42,0.95,-0.7,0.66,"A more TorchTuned-forward Heritage read, where the heavier scorch treatment adds a firmer center, slightly tighter bloom, and a more settled shell response.","A darker, richer Heritage presentation with a stronger TorchTuned imprint that favors firmer note control, slightly lower sensitivity, and a more unified shell response under heavier treatment, while keeping the emphasis on body, weight, and shell character.",Warmer and more body-forward than the benchmark Heritage build; the Blackened finish pushes the read toward stronger control and a more disciplined shell response; touch sensitivity is traded for a more locked-in note center; Die-Cast hoops add focus and containment.
14x8.0 • 10 lugs • 20 - 12mm • Triple Flange • Chrome • Light Torch,14|8.0|10|20 - 12mm|Triple Flange|Chrome|Light Torch,14,8.0,10,20 - 12mm,Triple Flange,Chrome,Light Torch,3.5,1.71,"Warm, deep settled center",2.2894,Grounded body with directed carry,2.8775,Body that blooms outward,1.9909,simple:warm-deep-settled-center > shaped:grounded-body-directed-carry > complex:body-blooms-outward,5.05,4.91,6.12,5.52,5.86,4.41,5.27,0.05,-0.09,1.12,0.52,0.86,-0.59,0.27,"A fuller Heritage read with broader body, deeper bloom, and a more grounded voice in the room.","A cleaner, classic Heritage presentation with a lighter TorchTuned imprint that preserves more openness, touch response, and a slightly freer shell reaction, while keeping the emphasis on body, weight, and shell character.",Warmer and more body-forward than the benchmark Heritage build; stronger outward throw; Triple Flange hoops preserve more of the line’s native openness.
14x8.0 • 10 lugs • 20 - 12mm • Triple Flange • Chrome • Medium Torch,14|8.0|10|20 - 12mm|Triple Flange|Chrome|Medium Torch,14,8.0,10,20 - 12mm,Triple Flange,Chrome,Medium Torch,4.11,1.84,"Warm, deep settled center",2.2114,Grounded body with directed carry,3.119,Body that blooms outward,1.8808,simple:warm-deep-settled-center > shaped:grounded-body-directed-carry > complex:body-blooms-outward,5.23,4.73,6.01,5.26,5.94,4.17,5.57,0.23,-0.27,1.01,0.26,0.94,-0.83,0.57,"A fuller Heritage read with broader body, deeper bloom, and a more grounded voice in the room.","A seasoned, classic Heritage presentation with a balanced TorchTuned posture, while keeping the emphasis on body, weight, and shell character.","Warmer and more body-forward than the benchmark Heritage build; stronger outward throw; a darker, drier top edge is balanced by classic Triple Flange openness; Triple Flange hoops preserve more of the line’s native openness."
14x8.0 • 10 lugs • 20 - 12mm • Triple Flange • Chrome • Blackened,14|8.0|10|20 - 12mm|Triple Flange|Chrome|Blackened,14,8.0,10,20 - 12mm,Triple Flange,Chrome,Blackened,4.42,1.97,Focused throw with clean shape,2.07,Grounded body with directed carry,3.1205,"Dark, contained shell shape",3.078,simple:focused-throw-clean-shape > shaped:grounded-body-directed-carry > complex:dark-contained-shell-shape,5.41,4.61,5.9,5,5.78,3.93,5.87,0.41,-0.39,0.9,0,0.78,-1.07,0.87,"A more TorchTuned-forward Heritage read, where the heavier scorch treatment adds a firmer center, slightly tighter bloom, and a more settled shell response.","A darker, classic Heritage presentation with a stronger TorchTuned imprint that favors firmer note control, slightly lower sensitivity, and a more unified shell response under heavier treatment, while keeping the emphasis on body, weight, and shell character.",Warmer and more body-forward than the benchmark Heritage build; stronger outward throw; the Blackened finish pushes the read toward stronger control and a more disciplined shell response; touch sensitivity is traded for a more locked-in note center; Triple Flange hoops preserve more of the line’s native openness.
14x8.0 • 10 lugs • 20 - 12mm • Triple Flange • Black Nickel • Light Torch,14|8.0|10|20 - 12mm|Triple Flange|Black Nickel|Light Torch,14,8.0,10,20 - 12mm,Triple Flange,Black Nickel,Light Torch,3.5,1.71,"Warm, deep settled center",2.2894,Grounded body with directed carry,2.8775,Body that blooms outward,1.9909,simple:warm-deep-settled-center > shaped:grounded-body-directed-carry > complex:body-blooms-outward,5.05,4.91,6.12,5.52,5.86,4.41,5.27,0.05,-0.09,1.12,0.52,0.86,-0.59,0.27,"A fuller Heritage read with broader body, deeper bloom, and a more grounded voice in the room.","A cleaner, slightly more modern Heritage presentation with a lighter TorchTuned imprint that preserves more openness, touch response, and a slightly freer shell reaction, while keeping the emphasis on body, weight, and shell character.",Warmer and more body-forward than the benchmark Heritage build; stronger outward throw; Triple Flange hoops preserve more of the line’s native openness.
14x8.0 • 10 lugs • 20 - 12mm • Triple Flange • Black Nickel • Medium Torch,14|8.0|10|20 - 12mm|Triple Flange|Black Nickel|Medium Torch,14,8.0,10,20 - 12mm,Triple Flange,Black Nickel,Medium Torch,4.11,1.84,"Warm, deep settled center",2.2114,Grounded body with directed carry,3.119,Body that blooms outward,1.8808,simple:warm-deep-settled-center > shaped:grounded-body-directed-carry > complex:body-blooms-outward,5.23,4.73,6.01,5.26,5.94,4.17,5.57,0.23,-0.27,1.01,0.26,0.94,-0.83,0.57,"A fuller Heritage read with broader body, deeper bloom, and a more grounded voice in the room.","A seasoned, slightly more modern Heritage presentation with a balanced TorchTuned posture, while keeping the emphasis on body, weight, and shell character.","Warmer and more body-forward than the benchmark Heritage build; stronger outward throw; a darker, drier top edge is balanced by classic Triple Flange openness; Triple Flange hoops preserve more of the line’s native openness."
14x8.0 • 10 lugs • 20 - 12mm • Triple Flange • Black Nickel • Blackened,14|8.0|10|20 - 12mm|Triple Flange|Black Nickel|Blackened,14,8.0,10,20 - 12mm,Triple Flange,Black Nickel,Blackened,4.42,1.97,Focused throw with clean shape,2.07,Grounded body with directed carry,3.1205,"Dark, contained shell shape",3.078,simple:focused-throw-clean-shape > shaped:grounded-body-directed-carry > complex:dark-contained-shell-shape,5.41,4.61,5.9,5,5.78,3.93,5.87,0.41,-0.39,0.9,0,0.78,-1.07,0.87,"A more TorchTuned-forward Heritage read, where the heavier scorch treatment adds a firmer center, slightly tighter bloom, and a more settled shell response.","A darker, slightly more modern Heritage presentation with a stronger TorchTuned imprint that favors firmer note control, slightly lower sensitivity, and a more unified shell response under heavier treatment, while keeping the emphasis on body, weight, and shell character.",Warmer and more body-forward than the benchmark Heritage build; stronger outward throw; the Blackened finish pushes the read toward stronger control and a more disciplined shell response; touch sensitivity is traded for a more locked-in note center; Triple Flange hoops preserve more of the line’s native openness.
14x8.0 • 10 lugs • 20 - 12mm • Triple Flange • Brass/Gold • Light Torch,14|8.0|10|20 - 12mm|Triple Flange|Brass/Gold|Light Torch,14,8.0,10,20 - 12mm,Triple Flange,Brass/Gold,Light Torch,3.5,1.71,"Warm, deep settled center",2.2894,Grounded body with directed carry,2.8775,Body that blooms outward,1.9909,simple:warm-deep-settled-center > shaped:grounded-body-directed-carry > complex:body-blooms-outward,5.05,4.91,6.12,5.52,5.86,4.41,5.27,0.05,-0.09,1.12,0.52,0.86,-0.59,0.27,"A fuller Heritage read with broader body, deeper bloom, and a more grounded voice in the room.","A cleaner, richer Heritage presentation with a lighter TorchTuned imprint that preserves more openness, touch response, and a slightly freer shell reaction, while keeping the emphasis on body, weight, and shell character.",Warmer and more body-forward than the benchmark Heritage build; stronger outward throw; Triple Flange hoops preserve more of the line’s native openness.
14x8.0 • 10 lugs • 20 - 12mm • Triple Flange • Brass/Gold • Medium Torch,14|8.0|10|20 - 12mm|Triple Flange|Brass/Gold|Medium Torch,14,8.0,10,20 - 12mm,Triple Flange,Brass/Gold,Medium Torch,4.11,1.84,"Warm, deep settled center",2.2114,Grounded body with directed carry,3.119,Body that blooms outward,1.8808,simple:warm-deep-settled-center > shaped:grounded-body-directed-carry > complex:body-blooms-outward,5.23,4.73,6.01,5.26,5.94,4.17,5.57,0.23,-0.27,1.01,0.26,0.94,-0.83,0.57,"A fuller Heritage read with broader body, deeper bloom, and a more grounded voice in the room.","A seasoned, richer Heritage presentation with a balanced TorchTuned posture, while keeping the emphasis on body, weight, and shell character.","Warmer and more body-forward than the benchmark Heritage build; stronger outward throw; a darker, drier top edge is balanced by classic Triple Flange openness; Triple Flange hoops preserve more of the line’s native openness."
14x8.0 • 10 lugs • 20 - 12mm • Triple Flange • Brass/Gold • Blackened,14|8.0|10|20 - 12mm|Triple Flange|Brass/Gold|Blackened,14,8.0,10,20 - 12mm,Triple Flange,Brass/Gold,Blackened,4.42,1.97,Focused throw with clean shape,2.07,Grounded body with directed carry,3.1205,"Dark, contained shell shape",3.078,simple:focused-throw-clean-shape > shaped:grounded-body-directed-carry > complex:dark-contained-shell-shape,5.41,4.61,5.9,5,5.78,3.93,5.87,0.41,-0.39,0.9,0,0.78,-1.07,0.87,"A more TorchTuned-forward Heritage read, where the heavier scorch treatment adds a firmer center, slightly tighter bloom, and a more settled shell response.","A darker, richer Heritage presentation with a stronger TorchTuned imprint that favors firmer note control, slightly lower sensitivity, and a more unified shell response under heavier treatment, while keeping the emphasis on body, weight, and shell character.",Warmer and more body-forward than the benchmark Heritage build; stronger outward throw; the Blackened finish pushes the read toward stronger control and a more disciplined shell response; touch sensitivity is traded for a more locked-in note center; Triple Flange hoops preserve more of the line’s native openness.
14x8.0 • 10 lugs • 20 - 12mm • Die-Cast • Chrome • Light Torch,14|8.0|10|20 - 12mm|Die-Cast|Chrome|Light Torch,14,8.0,10,20 - 12mm,Die-Cast,Chrome,Light Torch,4.26,2.14,Focused throw with clean shape,2.821,Grounded body with directed carry,3.5255,Shorter note with firm response,2.748,simple:focused-throw-clean-shape > shaped:grounded-body-directed-carry > complex:shorter-note-firm-response,5.38,5.1,6.32,5.21,5.7,4.18,5.73,0.38,0.1,1.32,0.21,0.7,-0.82,0.73,"A focused-but-open Heritage read: the die-cast hoops tighten the rim response, while the lighter TorchTune finish keeps more touch, air, and upper-shell liveliness in the voice.","A cleaner, classic Heritage presentation with a lighter TorchTuned imprint that preserves more openness, touch response, and a slightly freer shell reaction, while keeping the emphasis on body, weight, and shell character.",Warmer and more body-forward than the benchmark Heritage build; stronger outward throw; Light Torch keeps more touch and liveliness while the die-cast hoops add rim focus; Die-Cast hoops add focus and containment.
14x8.0 • 10 lugs • 20 - 12mm • Die-Cast • Chrome • Medium Torch,14|8.0|10|20 - 12mm|Die-Cast|Chrome|Medium Torch,14,8.0,10,20 - 12mm,Die-Cast,Chrome,Medium Torch,4.78,2.27,Focused throw with clean shape,2.891,Grounded body with directed carry,3.767,Shorter note with firm response,3.1815,simple:focused-throw-clean-shape > shaped:grounded-body-directed-carry > complex:shorter-note-firm-response,5.56,4.91,6.21,4.95,5.78,3.94,6.03,0.56,-0.09,1.21,-0.05,0.78,-1.06,1.03,"A deeper focused Heritage read with stronger room throw, firmer note shape, and a more controlled bloom than the open triple-flange version.","A seasoned, classic Heritage presentation with a balanced TorchTuned posture, while keeping the emphasis on body, weight, and shell character.",Warmer and more body-forward than the benchmark Heritage build; stronger outward throw; Die-Cast hoops add focus and containment.
14x8.0 • 10 lugs • 20 - 12mm • Die-Cast • Chrome • Blackened,14|8.0|10|20 - 12mm|Die-Cast|Chrome|Blackened,14,8.0,10,20 - 12mm,Die-Cast,Chrome,Blackened,5.51,2.63,Focused throw with clean shape,3.037,Grounded body with directed carry,3.7185,"Dark, contained shell shape",4.0365,simple:focused-throw-clean-shape > shaped:grounded-body-directed-carry > complex:dark-contained-shell-shape,5.74,4.84,6.1,4.69,5.57,3.7,6.33,0.74,-0.16,1.1,-0.31,0.57,-1.3,1.33,"A beefy, high-projection Heritage read with a pronounced crack, firmer die-cast focus, and a drier TorchTuned shell response from the Blackened finish.","A darker, classic Heritage presentation with a stronger TorchTuned imprint that favors firmer note control, slightly lower sensitivity, and a more unified shell response under heavier treatment, while keeping the front edge firm and articulate.","Warmer and more body-forward than the benchmark Heritage build; a quicker, drier bite with a more defined front edge; stronger outward throw; the 10-lug 12mm shell adds beef and crack while Die-Cast hoops push projection; Die-Cast hoops add focus and containment."
14x8.0 • 10 lugs • 20 - 12mm • Die-Cast • Black Nickel • Light Torch,14|8.0|10|20 - 12mm|Die-Cast|Black Nickel|Light Torch,14,8.0,10,20 - 12mm,Die-Cast,Black Nickel,Light Torch,4.26,2.14,Focused throw with clean shape,2.821,Grounded body with directed carry,3.5255,Shorter note with firm response,2.748,simple:focused-throw-clean-shape > shaped:grounded-body-directed-carry > complex:shorter-note-firm-response,5.38,5.1,6.32,5.21,5.7,4.18,5.73,0.38,0.1,1.32,0.21,0.7,-0.82,0.73,"A focused-but-open Heritage read: the die-cast hoops tighten the rim response, while the lighter TorchTune finish keeps more touch, air, and upper-shell liveliness in the voice.","A cleaner, slightly more modern Heritage presentation with a lighter TorchTuned imprint that preserves more openness, touch response, and a slightly freer shell reaction, while keeping the emphasis on body, weight, and shell character.",Warmer and more body-forward than the benchmark Heritage build; stronger outward throw; Light Torch keeps more touch and liveliness while the die-cast hoops add rim focus; Die-Cast hoops add focus and containment.
14x8.0 • 10 lugs • 20 - 12mm • Die-Cast • Black Nickel • Medium Torch,14|8.0|10|20 - 12mm|Die-Cast|Black Nickel|Medium Torch,14,8.0,10,20 - 12mm,Die-Cast,Black Nickel,Medium Torch,4.78,2.27,Focused throw with clean shape,2.891,Grounded body with directed carry,3.767,Shorter note with firm response,3.1815,simple:focused-throw-clean-shape > shaped:grounded-body-directed-carry > complex:shorter-note-firm-response,5.56,4.91,6.21,4.95,5.78,3.94,6.03,0.56,-0.09,1.21,-0.05,0.78,-1.06,1.03,"A deeper focused Heritage read with stronger room throw, firmer note shape, and a more controlled bloom than the open triple-flange version.","A seasoned, slightly more modern Heritage presentation with a balanced TorchTuned posture, while keeping the emphasis on body, weight, and shell character.",Warmer and more body-forward than the benchmark Heritage build; stronger outward throw; Die-Cast hoops add focus and containment.
14x8.0 • 10 lugs • 20 - 12mm • Die-Cast • Black Nickel • Blackened,14|8.0|10|20 - 12mm|Die-Cast|Black Nickel|Blackened,14,8.0,10,20 - 12mm,Die-Cast,Black Nickel,Blackened,5.51,2.63,Focused throw with clean shape,3.037,Grounded body with directed carry,3.7185,"Dark, contained shell shape",4.0365,simple:focused-throw-clean-shape > shaped:grounded-body-directed-carry > complex:dark-contained-shell-shape,5.74,4.84,6.1,4.69,5.57,3.7,6.33,0.74,-0.16,1.1,-0.31,0.57,-1.3,1.33,"A beefy, high-projection Heritage read with a pronounced crack, firmer die-cast focus, and a drier TorchTuned shell response from the Blackened finish.","A darker, slightly more modern Heritage presentation with a stronger TorchTuned imprint that favors firmer note control, slightly lower sensitivity, and a more unified shell response under heavier treatment, while keeping the front edge firm and articulate.","Warmer and more body-forward than the benchmark Heritage build; a quicker, drier bite with a more defined front edge; stronger outward throw; the 10-lug 12mm shell adds beef and crack while Die-Cast hoops push projection; Die-Cast hoops add focus and containment."
14x8.0 • 10 lugs • 20 - 12mm • Die-Cast • Brass/Gold • Light Torch,14|8.0|10|20 - 12mm|Die-Cast|Brass/Gold|Light Torch,14,8.0,10,20 - 12mm,Die-Cast,Brass/Gold,Light Torch,4.26,2.14,Focused throw with clean shape,2.821,Grounded body with directed carry,3.5255,Shorter note with firm response,2.748,simple:focused-throw-clean-shape > shaped:grounded-body-directed-carry > complex:shorter-note-firm-response,5.38,5.1,6.32,5.21,5.7,4.18,5.73,0.38,0.1,1.32,0.21,0.7,-0.82,0.73,"A focused-but-open Heritage read: the die-cast hoops tighten the rim response, while the lighter TorchTune finish keeps more touch, air, and upper-shell liveliness in the voice.","A cleaner, richer Heritage presentation with a lighter TorchTuned imprint that preserves more openness, touch response, and a slightly freer shell reaction, while keeping the emphasis on body, weight, and shell character.",Warmer and more body-forward than the benchmark Heritage build; stronger outward throw; Light Torch keeps more touch and liveliness while the die-cast hoops add rim focus; Die-Cast hoops add focus and containment.
14x8.0 • 10 lugs • 20 - 12mm • Die-Cast • Brass/Gold • Medium Torch,14|8.0|10|20 - 12mm|Die-Cast|Brass/Gold|Medium Torch,14,8.0,10,20 - 12mm,Die-Cast,Brass/Gold,Medium Torch,4.78,2.27,Focused throw with clean shape,2.891,Grounded body with directed carry,3.767,Shorter note with firm response,3.1815,simple:focused-throw-clean-shape > shaped:grounded-body-directed-carry > complex:shorter-note-firm-response,5.56,4.91,6.21,4.95,5.78,3.94,6.03,0.56,-0.09,1.21,-0.05,0.78,-1.06,1.03,"A deeper focused Heritage read with stronger room throw, firmer note shape, and a more controlled bloom than the open triple-flange version.","A seasoned, richer Heritage presentation with a balanced TorchTuned posture, while keeping the emphasis on body, weight, and shell character.",Warmer and more body-forward than the benchmark Heritage build; stronger outward throw; Die-Cast hoops add focus and containment.
14x8.0 • 10 lugs • 20 - 12mm • Die-Cast • Brass/Gold • Blackened,14|8.0|10|20 - 12mm|Die-Cast|Brass/Gold|Blackened,14,8.0,10,20 - 12mm,Die-Cast,Brass/Gold,Blackened,5.51,2.63,Focused throw with clean shape,3.037,Grounded body with directed carry,3.7185,"Dark, contained shell shape",4.0365,simple:focused-throw-clean-shape > shaped:grounded-body-directed-carry > complex:dark-contained-shell-shape,5.74,4.84,6.1,4.69,5.57,3.7,6.33,0.74,-0.16,1.1,-0.31,0.57,-1.3,1.33,"A beefy, high-projection Heritage read with a pronounced crack, firmer die-cast focus, and a drier TorchTuned shell response from the Blackened finish.","A darker, richer Heritage presentation with a stronger TorchTuned imprint that favors firmer note control, slightly lower sensitivity, and a more unified shell response under heavier treatment, while keeping the front edge firm and articulate.","Warmer and more body-forward than the benchmark Heritage build; a quicker, drier bite with a more defined front edge; stronger outward throw; the 10-lug 12mm shell adds beef and crack while Die-Cast hoops push projection; Die-Cast hoops add focus and containment."
14x8.0 • 10 lugs • 10 - 7mm + $150 (Re-Rings Required) • Triple Flange • Chrome • Light Torch,14|8.0|10|10 - 7mm + $150 (Re-Rings Required)|Triple Flange|Chrome|Light Torch,14,8.0,10,10 - 7mm + $150 (Re-Rings Required),Triple Flange,Chrome,Light Torch,5.44,2.62,"Warm, deep settled center",3.8124,Rounded body with a clear start,3.4635,"Dark, complex Heritage bloom",4.2855,simple:warm-deep-settled-center > shaped:rounded-body-clear-start > complex:dark-complex-heritage-bloom,3.97,4.45,5.13,6.59,6.42,5.07,4.35,-1.03,-0.55,0.13,1.59,1.42,0.07,-0.65,"A fuller Heritage read with broader body, deeper bloom, and a more grounded voice in the room.","A cleaner, classic Heritage presentation with a lighter TorchTuned imprint that preserves more openness, touch response, and a slightly freer shell reaction, while keeping the emphasis on body, weight, and shell character.","Warmer and more body-forward than the benchmark Heritage build; a rounder and less immediate note start; a longer, broader note bloom; the lighter TorchTune finish preserves more touch response and a freer shell reaction; the thin re-ring shell adds darker complex overtones and longer sustain."
14x8.0 • 10 lugs • 10 - 7mm + $150 (Re-Rings Required) • Triple Flange • Chrome • Medium Torch,14|8.0|10|10 - 7mm + $150 (Re-Rings Required)|Triple Flange|Chrome|Medium Torch,14,8.0,10,10 - 7mm + $150 (Re-Rings Required),Triple Flange,Chrome,Medium Torch,4.95,2.35,"Warm, deep settled center",3.7344,Rounded body with a clear start,3.3635,"Dark, complex Heritage bloom",3.9175,simple:warm-deep-settled-center > shaped:rounded-body-clear-start > complex:dark-complex-heritage-bloom,4.15,4.27,5.02,6.33,6.5,4.83,4.65,-0.85,-0.73,0.02,1.33,1.5,-0.17,-0.35,"A darker, deeper Heritage read with a drier top edge, grounded body, and enough classic Triple Flange openness to keep the shell alive.","A seasoned, classic Heritage presentation with a balanced TorchTuned posture, while keeping the emphasis on body, weight, and shell character.","Warmer and more body-forward than the benchmark Heritage build; a rounder and less immediate note start; a longer, broader note bloom; a darker, drier top edge is balanced by classic Triple Flange openness; Triple Flange hoops preserve more of the line’s native openness."
14x8.0 • 10 lugs • 10 - 7mm + $150 (Re-Rings Required) • Triple Flange • Chrome • Blackened,14|8.0|10|10 - 7mm + $150 (Re-Rings Required)|Triple Flange|Chrome|Blackened,14,8.0,10,10 - 7mm + $150 (Re-Rings Required),Triple Flange,Chrome,Blackened,4.48,2.19,"Warm, deep settled center",3.2644,Rounded body with a clear start,2.6815,"Dark, complex Heritage bloom",3.4485,simple:warm-deep-settled-center > shaped:rounded-body-clear-start > complex:dark-complex-heritage-bloom,4.33,4.15,4.91,6.07,6.34,4.59,4.95,-0.67,-0.85,-0.09,1.07,1.34,-0.41,-0.05,"A more TorchTuned-forward Heritage read, where the heavier scorch treatment adds a firmer center, slightly tighter bloom, and a more settled shell response.","A darker, classic Heritage presentation with a stronger TorchTuned imprint that favors firmer note control, slightly lower sensitivity, and a more unified shell response under heavier treatment, while keeping the emphasis on body, weight, and shell character.","Warmer and more body-forward than the benchmark Heritage build; a rounder and less immediate note start; a longer, broader note bloom; Triple Flange hoops preserve more of the line’s native openness."
14x8.0 • 10 lugs • 10 - 7mm + $150 (Re-Rings Required) • Triple Flange • Black Nickel • Light Torch,14|8.0|10|10 - 7mm + $150 (Re-Rings Required)|Triple Flange|Black Nickel|Light Torch,14,8.0,10,10 - 7mm + $150 (Re-Rings Required),Triple Flange,Black Nickel,Light Torch,5.44,2.62,"Warm, deep settled center",3.8124,Rounded body with a clear start,3.4635,"Dark, complex Heritage bloom",4.2855,simple:warm-deep-settled-center > shaped:rounded-body-clear-start > complex:dark-complex-heritage-bloom,3.97,4.45,5.13,6.59,6.42,5.07,4.35,-1.03,-0.55,0.13,1.59,1.42,0.07,-0.65,"A fuller Heritage read with broader body, deeper bloom, and a more grounded voice in the room.","A cleaner, slightly more modern Heritage presentation with a lighter TorchTuned imprint that preserves more openness, touch response, and a slightly freer shell reaction, while keeping the emphasis on body, weight, and shell character.","Warmer and more body-forward than the benchmark Heritage build; a rounder and less immediate note start; a longer, broader note bloom; the lighter TorchTune finish preserves more touch response and a freer shell reaction; the thin re-ring shell adds darker complex overtones and longer sustain."
14x8.0 • 10 lugs • 10 - 7mm + $150 (Re-Rings Required) • Triple Flange • Black Nickel • Medium Torch,14|8.0|10|10 - 7mm + $150 (Re-Rings Required)|Triple Flange|Black Nickel|Medium Torch,14,8.0,10,10 - 7mm + $150 (Re-Rings Required),Triple Flange,Black Nickel,Medium Torch,4.95,2.35,"Warm, deep settled center",3.7344,Rounded body with a clear start,3.3635,"Dark, complex Heritage bloom",3.9175,simple:warm-deep-settled-center > shaped:rounded-body-clear-start > complex:dark-complex-heritage-bloom,4.15,4.27,5.02,6.33,6.5,4.83,4.65,-0.85,-0.73,0.02,1.33,1.5,-0.17,-0.35,"A darker, deeper Heritage read with a drier top edge, grounded body, and enough classic Triple Flange openness to keep the shell alive.","A seasoned, slightly more modern Heritage presentation with a balanced TorchTuned posture, while keeping the emphasis on body, weight, and shell character.","Warmer and more body-forward than the benchmark Heritage build; a rounder and less immediate note start; a longer, broader note bloom; a darker, drier top edge is balanced by classic Triple Flange openness; Triple Flange hoops preserve more of the line’s native openness."
14x8.0 • 10 lugs • 10 - 7mm + $150 (Re-Rings Required) • Triple Flange • Black Nickel • Blackened,14|8.0|10|10 - 7mm + $150 (Re-Rings Required)|Triple Flange|Black Nickel|Blackened,14,8.0,10,10 - 7mm + $150 (Re-Rings Required),Triple Flange,Black Nickel,Blackened,4.48,2.19,"Warm, deep settled center",3.2644,Rounded body with a clear start,2.6815,"Dark, complex Heritage bloom",3.4485,simple:warm-deep-settled-center > shaped:rounded-body-clear-start > complex:dark-complex-heritage-bloom,4.33,4.15,4.91,6.07,6.34,4.59,4.95,-0.67,-0.85,-0.09,1.07,1.34,-0.41,-0.05,"A more TorchTuned-forward Heritage read, where the heavier scorch treatment adds a firmer center, slightly tighter bloom, and a more settled shell response.","A darker, slightly more modern Heritage presentation with a stronger TorchTuned imprint that favors firmer note control, slightly lower sensitivity, and a more unified shell response under heavier treatment, while keeping the emphasis on body, weight, and shell character.","Warmer and more body-forward than the benchmark Heritage build; a rounder and less immediate note start; a longer, broader note bloom; Triple Flange hoops preserve more of the line’s native openness."
14x8.0 • 10 lugs • 10 - 7mm + $150 (Re-Rings Required) • Triple Flange • Brass/Gold • Light Torch,14|8.0|10|10 - 7mm + $150 (Re-Rings Required)|Triple Flange|Brass/Gold|Light Torch,14,8.0,10,10 - 7mm + $150 (Re-Rings Required),Triple Flange,Brass/Gold,Light Torch,5.44,2.62,"Warm, deep settled center",3.8124,Rounded body with a clear start,3.4635,"Dark, complex Heritage bloom",4.2855,simple:warm-deep-settled-center > shaped:rounded-body-clear-start > complex:dark-complex-heritage-bloom,3.97,4.45,5.13,6.59,6.42,5.07,4.35,-1.03,-0.55,0.13,1.59,1.42,0.07,-0.65,"A fuller Heritage read with broader body, deeper bloom, and a more grounded voice in the room.","A cleaner, richer Heritage presentation with a lighter TorchTuned imprint that preserves more openness, touch response, and a slightly freer shell reaction, while keeping the emphasis on body, weight, and shell character.","Warmer and more body-forward than the benchmark Heritage build; a rounder and less immediate note start; a longer, broader note bloom; the lighter TorchTune finish preserves more touch response and a freer shell reaction; the thin re-ring shell adds darker complex overtones and longer sustain."
14x8.0 • 10 lugs • 10 - 7mm + $150 (Re-Rings Required) • Triple Flange • Brass/Gold • Medium Torch,14|8.0|10|10 - 7mm + $150 (Re-Rings Required)|Triple Flange|Brass/Gold|Medium Torch,14,8.0,10,10 - 7mm + $150 (Re-Rings Required),Triple Flange,Brass/Gold,Medium Torch,4.95,2.35,"Warm, deep settled center",3.7344,Rounded body with a clear start,3.3635,"Dark, complex Heritage bloom",3.9175,simple:warm-deep-settled-center > shaped:rounded-body-clear-start > complex:dark-complex-heritage-bloom,4.15,4.27,5.02,6.33,6.5,4.83,4.65,-0.85,-0.73,0.02,1.33,1.5,-0.17,-0.35,"A darker, deeper Heritage read with a drier top edge, grounded body, and enough classic Triple Flange openness to keep the shell alive.","A seasoned, richer Heritage presentation with a balanced TorchTuned posture, while keeping the emphasis on body, weight, and shell character.","Warmer and more body-forward than the benchmark Heritage build; a rounder and less immediate note start; a longer, broader note bloom; a darker, drier top edge is balanced by classic Triple Flange openness; Triple Flange hoops preserve more of the line’s native openness."
14x8.0 • 10 lugs • 10 - 7mm + $150 (Re-Rings Required) • Triple Flange • Brass/Gold • Blackened,14|8.0|10|10 - 7mm + $150 (Re-Rings Required)|Triple Flange|Brass/Gold|Blackened,14,8.0,10,10 - 7mm + $150 (Re-Rings Required),Triple Flange,Brass/Gold,Blackened,4.48,2.19,"Warm, deep settled center",3.2644,Rounded body with a clear start,2.6815,"Dark, complex Heritage bloom",3.4485,simple:warm-deep-settled-center > shaped:rounded-body-clear-start > complex:dark-complex-heritage-bloom,4.33,4.15,4.91,6.07,6.34,4.59,4.95,-0.67,-0.85,-0.09,1.07,1.34,-0.41,-0.05,"A more TorchTuned-forward Heritage read, where the heavier scorch treatment adds a firmer center, slightly tighter bloom, and a more settled shell response.","A darker, richer Heritage presentation with a stronger TorchTuned imprint that favors firmer note control, slightly lower sensitivity, and a more unified shell response under heavier treatment, while keeping the emphasis on body, weight, and shell character.","Warmer and more body-forward than the benchmark Heritage build; a rounder and less immediate note start; a longer, broader note bloom; Triple Flange hoops preserve more of the line’s native openness."
14x8.0 • 10 lugs • 10 - 7mm + $150 (Re-Rings Required) • Die-Cast • Chrome • Light Torch,14|8.0|10|10 - 7mm + $150 (Re-Rings Required)|Die-Cast|Chrome|Light Torch,14,8.0,10,10 - 7mm + $150 (Re-Rings Required),Die-Cast,Chrome,Light Torch,4.32,1.99,"Warm, deep settled center",3.3074,Rounded body with a clear start,2.6935,"Dark, complex Heritage bloom",3.353,simple:warm-deep-settled-center > shaped:rounded-body-clear-start > complex:dark-complex-heritage-bloom,4.29,4.64,5.33,6.28,6.27,4.85,4.78,-0.71,-0.36,0.33,1.28,1.27,-0.15,-0.22,"A focused-but-open Heritage read: the die-cast hoops tighten the rim response, while the lighter TorchTune finish keeps more touch, air, and upper-shell liveliness in the voice.","A cleaner, classic Heritage presentation with a lighter TorchTuned imprint that preserves more openness, touch response, and a slightly freer shell reaction, while keeping the emphasis on body, weight, and shell character.","Warmer and more body-forward than the benchmark Heritage build; a rounder and less immediate note start; a longer, broader note bloom; Light Torch keeps more touch and liveliness while the die-cast hoops add rim focus; the thin re-ring shell adds darker complex overtones and longer sustain."
14x8.0 • 10 lugs • 10 - 7mm + $150 (Re-Rings Required) • Die-Cast • Chrome • Medium Torch,14|8.0|10|10 - 7mm + $150 (Re-Rings Required)|Die-Cast|Chrome|Medium Torch,14,8.0,10,10 - 7mm + $150 (Re-Rings Required),Die-Cast,Chrome,Medium Torch,4.14,1.9,"Warm, deep settled center",3.2294,Grounded body with directed carry,2.688,"Dark, complex Heritage bloom",3.036,simple:warm-deep-settled-center > shaped:grounded-body-directed-carry > complex:dark-complex-heritage-bloom,4.47,4.45,5.22,6.02,6.35,4.61,5.08,-0.53,-0.55,0.22,1.02,1.35,-0.39,0.08,"A more focused Heritage read with firmer note shape, cleaner front edge, and tighter overall behavior.","A seasoned, classic Heritage presentation with a balanced TorchTuned posture, while keeping the emphasis on body, weight, and shell character.","Warmer and more body-forward than the benchmark Heritage build; a longer, broader note bloom; Die-Cast hoops add focus and containment."
14x8.0 • 10 lugs • 10 - 7mm + $150 (Re-Rings Required) • Die-Cast • Chrome • Blackened,14|8.0|10|10 - 7mm + $150 (Re-Rings Required)|Die-Cast|Chrome|Blackened,14,8.0,10,10 - 7mm + $150 (Re-Rings Required),Die-Cast,Chrome,Blackened,3.99,1.77,"Warm, deep settled center",2.7094,Grounded body with directed carry,2.6395,Body that blooms outward,1.9875,simple:warm-deep-settled-center > shaped:grounded-body-directed-carry > complex:body-blooms-outward,4.65,4.38,5.11,5.76,6.14,4.37,5.38,-0.35,-0.62,0.11,0.76,1.14,-0.63,0.38,"A more TorchTuned-forward Heritage read, where the heavier scorch treatment adds a firmer center, slightly tighter bloom, and a more settled shell response.","A darker, classic Heritage presentation with a stronger TorchTuned imprint that favors firmer note control, slightly lower sensitivity, and a more unified shell response under heavier treatment, while keeping the emphasis on body, weight, and shell character.","Warmer and more body-forward than the benchmark Heritage build; a longer, broader note bloom; the Blackened finish adds a more contained center and slightly firmer shell behavior; touch sensitivity is traded for a more locked-in note center; Die-Cast hoops add focus and containment."
14x8.0 • 10 lugs • 10 - 7mm + $150 (Re-Rings Required) • Die-Cast • Black Nickel • Light Torch,14|8.0|10|10 - 7mm + $150 (Re-Rings Required)|Die-Cast|Black Nickel|Light Torch,14,8.0,10,10 - 7mm + $150 (Re-Rings Required),Die-Cast,Black Nickel,Light Torch,4.32,1.99,"Warm, deep settled center",3.3074,Rounded body with a clear start,2.6935,"Dark, complex Heritage bloom",3.353,simple:warm-deep-settled-center > shaped:rounded-body-clear-start > complex:dark-complex-heritage-bloom,4.29,4.64,5.33,6.28,6.27,4.85,4.78,-0.71,-0.36,0.33,1.28,1.27,-0.15,-0.22,"A focused-but-open Heritage read: the die-cast hoops tighten the rim response, while the lighter TorchTune finish keeps more touch, air, and upper-shell liveliness in the voice.","A cleaner, slightly more modern Heritage presentation with a lighter TorchTuned imprint that preserves more openness, touch response, and a slightly freer shell reaction, while keeping the emphasis on body, weight, and shell character.","Warmer and more body-forward than the benchmark Heritage build; a rounder and less immediate note start; a longer, broader note bloom; Light Torch keeps more touch and liveliness while the die-cast hoops add rim focus; the thin re-ring shell adds darker complex overtones and longer sustain."
14x8.0 • 10 lugs • 10 - 7mm + $150 (Re-Rings Required) • Die-Cast • Black Nickel • Medium Torch,14|8.0|10|10 - 7mm + $150 (Re-Rings Required)|Die-Cast|Black Nickel|Medium Torch,14,8.0,10,10 - 7mm + $150 (Re-Rings Required),Die-Cast,Black Nickel,Medium Torch,4.14,1.9,"Warm, deep settled center",3.2294,Grounded body with directed carry,2.688,"Dark, complex Heritage bloom",3.036,simple:warm-deep-settled-center > shaped:grounded-body-directed-carry > complex:dark-complex-heritage-bloom,4.47,4.45,5.22,6.02,6.35,4.61,5.08,-0.53,-0.55,0.22,1.02,1.35,-0.39,0.08,"A more focused Heritage read with firmer note shape, cleaner front edge, and tighter overall behavior.","A seasoned, slightly more modern Heritage presentation with a balanced TorchTuned posture, while keeping the emphasis on body, weight, and shell character.","Warmer and more body-forward than the benchmark Heritage build; a longer, broader note bloom; Die-Cast hoops add focus and containment."
14x8.0 • 10 lugs • 10 - 7mm + $150 (Re-Rings Required) • Die-Cast • Black Nickel • Blackened,14|8.0|10|10 - 7mm + $150 (Re-Rings Required)|Die-Cast|Black Nickel|Blackened,14,8.0,10,10 - 7mm + $150 (Re-Rings Required),Die-Cast,Black Nickel,Blackened,3.99,1.77,"Warm, deep settled center",2.7094,Grounded body with directed carry,2.6395,Body that blooms outward,1.9875,simple:warm-deep-settled-center > shaped:grounded-body-directed-carry > complex:body-blooms-outward,4.65,4.38,5.11,5.76,6.14,4.37,5.38,-0.35,-0.62,0.11,0.76,1.14,-0.63,0.38,"A more TorchTuned-forward Heritage read, where the heavier scorch treatment adds a firmer center, slightly tighter bloom, and a more settled shell response.","A darker, slightly more modern Heritage presentation with a stronger TorchTuned imprint that favors firmer note control, slightly lower sensitivity, and a more unified shell response under heavier treatment, while keeping the emphasis on body, weight, and shell character.","Warmer and more body-forward than the benchmark Heritage build; a longer, broader note bloom; the Blackened finish adds a more contained center and slightly firmer shell behavior; touch sensitivity is traded for a more locked-in note center; Die-Cast hoops add focus and containment."
14x8.0 • 10 lugs • 10 - 7mm + $150 (Re-Rings Required) • Die-Cast • Brass/Gold • Light Torch,14|8.0|10|10 - 7mm + $150 (Re-Rings Required)|Die-Cast|Brass/Gold|Light Torch,14,8.0,10,10 - 7mm + $150 (Re-Rings Required),Die-Cast,Brass/Gold,Light Torch,4.32,1.99,"Warm, deep settled center",3.3074,Rounded body with a clear start,2.6935,"Dark, complex Heritage bloom",3.353,simple:warm-deep-settled-center > shaped:rounded-body-clear-start > complex:dark-complex-heritage-bloom,4.29,4.64,5.33,6.28,6.27,4.85,4.78,-0.71,-0.36,0.33,1.28,1.27,-0.15,-0.22,"A focused-but-open Heritage read: the die-cast hoops tighten the rim response, while the lighter TorchTune finish keeps more touch, air, and upper-shell liveliness in the voice.","A cleaner, richer Heritage presentation with a lighter TorchTuned imprint that preserves more openness, touch response, and a slightly freer shell reaction, while keeping the emphasis on body, weight, and shell character.","Warmer and more body-forward than the benchmark Heritage build; a rounder and less immediate note start; a longer, broader note bloom; Light Torch keeps more touch and liveliness while the die-cast hoops add rim focus; the thin re-ring shell adds darker complex overtones and longer sustain."
14x8.0 • 10 lugs • 10 - 7mm + $150 (Re-Rings Required) • Die-Cast • Brass/Gold • Medium Torch,14|8.0|10|10 - 7mm + $150 (Re-Rings Required)|Die-Cast|Brass/Gold|Medium Torch,14,8.0,10,10 - 7mm + $150 (Re-Rings Required),Die-Cast,Brass/Gold,Medium Torch,4.14,1.9,"Warm, deep settled center",3.2294,Grounded body with directed carry,2.688,"Dark, complex Heritage bloom",3.036,simple:warm-deep-settled-center > shaped:grounded-body-directed-carry > complex:dark-complex-heritage-bloom,4.47,4.45,5.22,6.02,6.35,4.61,5.08,-0.53,-0.55,0.22,1.02,1.35,-0.39,0.08,"A more focused Heritage read with firmer note shape, cleaner front edge, and tighter overall behavior.","A seasoned, richer Heritage presentation with a balanced TorchTuned posture, while keeping the emphasis on body, weight, and shell character.","Warmer and more body-forward than the benchmark Heritage build; a longer, broader note bloom; Die-Cast hoops add focus and containment."
14x8.0 • 10 lugs • 10 - 7mm + $150 (Re-Rings Required) • Die-Cast • Brass/Gold • Blackened,14|8.0|10|10 - 7mm + $150 (Re-Rings Required)|Die-Cast|Brass/Gold|Blackened,14,8.0,10,10 - 7mm + $150 (Re-Rings Required),Die-Cast,Brass/Gold,Blackened,3.99,1.77,"Warm, deep settled center",2.7094,Grounded body with directed carry,2.6395,Body that blooms outward,1.9875,simple:warm-deep-settled-center > shaped:grounded-body-directed-carry > complex:body-blooms-outward,4.65,4.38,5.11,5.76,6.14,4.37,5.38,-0.35,-0.62,0.11,0.76,1.14,-0.63,0.38,"A more TorchTuned-forward Heritage read, where the heavier scorch treatment adds a firmer center, slightly tighter bloom, and a more settled shell response.","A darker, richer Heritage presentation with a stronger TorchTuned imprint that favors firmer note control, slightly lower sensitivity, and a more unified shell response under heavier treatment, while keeping the emphasis on body, weight, and shell character.","Warmer and more body-forward than the benchmark Heritage build; a longer, broader note bloom; the Blackened finish adds a more contained center and slightly firmer shell behavior; touch sensitivity is traded for a more locked-in note center; Die-Cast hoops add focus and containment."