company,line,model,size,family,construction,material1,material2,thickness,bearingEdge,hoop,lugs,confidence,missing,id
A&F Drum Co.,Raw Brass / Raw Steel / Wood,Raw Brass 14x6.5,14x6.5,metal,Metal,Brass,,MISSING,MISSING,unknown,,medium,"shellThickness, bearingEdgeOrFallback",aandf-drum-co_raw-brass-raw-steel-wood_raw-brass-14x6-5_14x6-5_metal_brass_de54835c
A&F Drum Co.,Raw Brass / Raw Steel / Wood,Raw Steel 14x6.5,14x6.5,metal,Metal,Steel,,MISSING,MISSING,unknown,,medium,"shellThickness, bearingEdgeOrFallback",aandf-drum-co_raw-brass-raw-steel-wood_raw-steel-14x6-5_14x6-5_metal_steel_3463c569
A&F Drum Co.,Raw Brass / Raw Steel / Wood,Maple Club Snare,14x6.5,wood,Ply,Maple,,MISSING,MISSING,unknown,,medium,"shellThickness, bearingEdgeOrFallback",aandf-drum-co_raw-brass-raw-steel-wood_maple-club-snare_14x6-5_ply_maple_ed5ed165
Brady Drum Company,Block Shell / Stave-Style,Jarrah Block Snare 12x5,12x5,unknown,Block,Jarrah,,MISSING,MISSING,2.3mm Super Hoop / rigid triple-flange style,10,medium,"shellThickness, bearingEdgeOrFallback",brady-drum-company_block-shell-stave-style_jarrah-block-snare-12x5_12x5_block_jarrah_unknown-likely-brady-style-45-famil_8267b6f6
Brady Drum Company,Block Shell / Stave-Style,Jarrah Block Snare 12x7,12x7,unknown,Block,Jarrah,,MISSING,MISSING,2.3mm Super Hoop / rigid triple-flange style,10,medium,"shellThickness, bearingEdgeOrFallback",brady-drum-company_block-shell-stave-style_jarrah-block-snare-12x7_12x7_block_jarrah_unknown-likely-brady-style-45-famil_03553a4e
Brady Drum Company,Block Shell / Stave-Style,Jarrah Block Snare 13x5.5,13x5.5,unknown,Block,Jarrah,,MISSING,MISSING,2.3mm Super Hoop / rigid triple-flange style,10,medium,"shellThickness, bearingEdgeOrFallback",brady-drum-company_block-shell-stave-style_jarrah-block-snare-13x5-5_13x5-5_block_jarrah_unknown-likely-brady-style-45-f_e8fbd6dc
Brady Drum Company,Block Shell / Stave-Style,Jarrah Block Snare 13x7,13x7,unknown,Block,Jarrah,,MISSING,MISSING,2.3mm Super Hoop / rigid triple-flange style,10,medium,"shellThickness, bearingEdgeOrFallback",brady-drum-company_block-shell-stave-style_jarrah-block-snare-13x7_13x7_block_jarrah_unknown-likely-brady-style-45-famil_fb297460
Brady Drum Company,Block Shell / Stave-Style,Jarrah Block Snare 14x5.5,14x5.5,unknown,Block,Jarrah,,MISSING,MISSING,2.3mm Super Hoop / rigid triple-flange style,10,medium,"shellThickness, bearingEdgeOrFallback",brady-drum-company_block-shell-stave-style_jarrah-block-snare-14x5-5_14x5-5_block_jarrah_unknown-likely-brady-style-45-f_575a3776
Brady Drum Company,Block Shell / Stave-Style,Jarrah Block Snare 14x6.5,14x6.5,unknown,Block,Jarrah,,MISSING,MISSING,2.3mm Super Hoop / rigid triple-flange style,10,medium,"shellThickness, bearingEdgeOrFallback",brady-drum-company_block-shell-stave-style_jarrah-block-snare-14x6-5_14x6-5_block_jarrah_unknown-likely-brady-style-45-f_90e38a75
Brady Drum Company,Block Shell / Stave-Style,Jarrah Block Snare 14x7,14x7,unknown,Block,Jarrah,,MISSING,MISSING,2.3mm Super Hoop / rigid triple-flange style,10,medium,"shellThickness, bearingEdgeOrFallback",brady-drum-company_block-shell-stave-style_jarrah-block-snare-14x7_14x7_block_jarrah_unknown-likely-brady-style-45-famil_44f82325
Brady Drum Company,Block Shell / Stave-Style,Jarrah Block Snare 14x8,14x8,unknown,Block,Jarrah,,MISSING,MISSING,2.3mm Super Hoop / rigid triple-flange style,10,medium,"shellThickness, bearingEdgeOrFallback",brady-drum-company_block-shell-stave-style_jarrah-block-snare-14x8_14x8_block_jarrah_unknown-likely-brady-style-45-famil_d1232fc2
Brady Drum Company,Block Shell / Stave-Style,Marri Block Snare 12x5,12x5,unknown,Block,Marri,,MISSING,MISSING,2.3mm Super Hoop / rigid triple-flange style,10,medium,"shellThickness, bearingEdgeOrFallback",brady-drum-company_block-shell-stave-style_marri-block-snare-12x5_12x5_block_marri_unknown-likely-brady-style-45-family-_27fdfe33
Brady Drum Company,Block Shell / Stave-Style,Marri Block Snare 12x7,12x7,unknown,Block,Marri,,MISSING,MISSING,2.3mm Super Hoop / rigid triple-flange style,10,medium,"shellThickness, bearingEdgeOrFallback",brady-drum-company_block-shell-stave-style_marri-block-snare-12x7_12x7_block_marri_unknown-likely-brady-style-45-family-_c48583d7
Brady Drum Company,Block Shell / Stave-Style,Marri Block Snare 13x5.5,13x5.5,unknown,Block,Marri,,MISSING,MISSING,2.3mm Super Hoop / rigid triple-flange style,10,medium,"shellThickness, bearingEdgeOrFallback",brady-drum-company_block-shell-stave-style_marri-block-snare-13x5-5_13x5-5_block_marri_unknown-likely-brady-style-45-fam_4873cf09
Brady Drum Company,Block Shell / Stave-Style,Marri Block Snare 13x7,13x7,unknown,Block,Marri,,MISSING,MISSING,2.3mm Super Hoop / rigid triple-flange style,10,medium,"shellThickness, bearingEdgeOrFallback",brady-drum-company_block-shell-stave-style_marri-block-snare-13x7_13x7_block_marri_unknown-likely-brady-style-45-family-_057e68d9
Brady Drum Company,Block Shell / Stave-Style,Marri Block Snare 14x5.5,14x5.5,unknown,Block,Marri,,MISSING,MISSING,2.3mm Super Hoop / rigid triple-flange style,10,medium,"shellThickness, bearingEdgeOrFallback",brady-drum-company_block-shell-stave-style_marri-block-snare-14x5-5_14x5-5_block_marri_unknown-likely-brady-style-45-fam_4375965f
Brady Drum Company,Block Shell / Stave-Style,Marri Block Snare 14x6.5,14x6.5,unknown,Block,Marri,,MISSING,MISSING,2.3mm Super Hoop / rigid triple-flange style,10,medium,"shellThickness, bearingEdgeOrFallback",brady-drum-company_block-shell-stave-style_marri-block-snare-14x6-5_14x6-5_block_marri_unknown-likely-brady-style-45-fam_78757ea7
Brady Drum Company,Block Shell / Stave-Style,Marri Block Snare 14x7,14x7,unknown,Block,Marri,,MISSING,MISSING,2.3mm Super Hoop / rigid triple-flange style,10,medium,"shellThickness, bearingEdgeOrFallback",brady-drum-company_block-shell-stave-style_marri-block-snare-14x7_14x7_block_marri_unknown-likely-brady-style-45-family-_43617380
Brady Drum Company,Block Shell / Stave-Style,Marri Block Snare 14x8,14x8,unknown,Block,Marri,,MISSING,MISSING,2.3mm Super Hoop / rigid triple-flange style,10,medium,"shellThickness, bearingEdgeOrFallback",brady-drum-company_block-shell-stave-style_marri-block-snare-14x8_14x8_block_marri_unknown-likely-brady-style-45-family-_47da69ef
Brady Drum Company,Block Shell / Stave-Style,Sheoak Block Snare 12x5,12x5,unknown,Block,Oak,,MISSING,MISSING,2.3mm Super Hoop / rigid triple-flange style,10,medium,"shellThickness, bearingEdgeOrFallback",brady-drum-company_block-shell-stave-style_sheoak-block-snare-12x5_12x5_block_oak_unknown-likely-brady-style-45-family-e_66bfebff
Brady Drum Company,Block Shell / Stave-Style,Sheoak Block Snare 12x7,12x7,unknown,Block,Oak,,MISSING,MISSING,2.3mm Super Hoop / rigid triple-flange style,10,medium,"shellThickness, bearingEdgeOrFallback",brady-drum-company_block-shell-stave-style_sheoak-block-snare-12x7_12x7_block_oak_unknown-likely-brady-style-45-family-e_fad5897f
Brady Drum Company,Block Shell / Stave-Style,Sheoak Block Snare 13x5.5,13x5.5,unknown,Block,Oak,,MISSING,MISSING,2.3mm Super Hoop / rigid triple-flange style,10,medium,"shellThickness, bearingEdgeOrFallback",brady-drum-company_block-shell-stave-style_sheoak-block-snare-13x5-5_13x5-5_block_oak_unknown-likely-brady-style-45-fami_173170ee
Brady Drum Company,Block Shell / Stave-Style,Sheoak Block Snare 13x7,13x7,unknown,Block,Oak,,MISSING,MISSING,2.3mm Super Hoop / rigid triple-flange style,10,medium,"shellThickness, bearingEdgeOrFallback",brady-drum-company_block-shell-stave-style_sheoak-block-snare-13x7_13x7_block_oak_unknown-likely-brady-style-45-family-e_2934404e
Brady Drum Company,Block Shell / Stave-Style,Sheoak Block Snare 14x5.5,14x5.5,unknown,Block,Oak,,MISSING,MISSING,2.3mm Super Hoop / rigid triple-flange style,10,medium,"shellThickness, bearingEdgeOrFallback",brady-drum-company_block-shell-stave-style_sheoak-block-snare-14x5-5_14x5-5_block_oak_unknown-likely-brady-style-45-fami_fa307476
Brady Drum Company,Block Shell / Stave-Style,Sheoak Block Snare 14x6.5,14x6.5,unknown,Block,Oak,,MISSING,MISSING,2.3mm Super Hoop / rigid triple-flange style,10,medium,"shellThickness, bearingEdgeOrFallback",brady-drum-company_block-shell-stave-style_sheoak-block-snare-14x6-5_14x6-5_block_oak_unknown-likely-brady-style-45-fami_8cd45326
Brady Drum Company,Block Shell / Stave-Style,Sheoak Block Snare 14x7,14x7,unknown,Block,Oak,,MISSING,MISSING,2.3mm Super Hoop / rigid triple-flange style,10,medium,"shellThickness, bearingEdgeOrFallback",brady-drum-company_block-shell-stave-style_sheoak-block-snare-14x7_14x7_block_oak_unknown-likely-brady-style-45-family-e_ad801c01
Brady Drum Company,Block Shell / Stave-Style,Sheoak Block Snare 14x8,14x8,unknown,Block,Oak,,MISSING,MISSING,2.3mm Super Hoop / rigid triple-flange style,10,medium,"shellThickness, bearingEdgeOrFallback",brady-drum-company_block-shell-stave-style_sheoak-block-snare-14x8_14x8_block_oak_unknown-likely-brady-style-45-family-e_82e38cf7
Brady Drum Company,Block Shell / Stave-Style,Wandoo Block Snare 12x5,12x5,unknown,Block,Wandoo,,MISSING,MISSING,2.3mm Super Hoop / rigid triple-flange style,10,medium,"shellThickness, bearingEdgeOrFallback",brady-drum-company_block-shell-stave-style_wandoo-block-snare-12x5_12x5_block_wandoo_unknown-likely-brady-style-45-famil_65fa3a16
Brady Drum Company,Block Shell / Stave-Style,Wandoo Block Snare 12x7,12x7,unknown,Block,Wandoo,,MISSING,MISSING,2.3mm Super Hoop / rigid triple-flange style,10,medium,"shellThickness, bearingEdgeOrFallback",brady-drum-company_block-shell-stave-style_wandoo-block-snare-12x7_12x7_block_wandoo_unknown-likely-brady-style-45-famil_76ba5313
Brady Drum Company,Block Shell / Stave-Style,Wandoo Block Snare 13x5.5,13x5.5,unknown,Block,Wandoo,,MISSING,MISSING,2.3mm Super Hoop / rigid triple-flange style,10,medium,"shellThickness, bearingEdgeOrFallback",brady-drum-company_block-shell-stave-style_wandoo-block-snare-13x5-5_13x5-5_block_wandoo_unknown-likely-brady-style-45-f_b39424bb
Brady Drum Company,Block Shell / Stave-Style,Wandoo Block Snare 13x7,13x7,unknown,Block,Wandoo,,MISSING,MISSING,2.3mm Super Hoop / rigid triple-flange style,10,medium,"shellThickness, bearingEdgeOrFallback",brady-drum-company_block-shell-stave-style_wandoo-block-snare-13x7_13x7_block_wandoo_unknown-likely-brady-style-45-famil_9f920af1
Brady Drum Company,Block Shell / Stave-Style,Wandoo Block Snare 14x5.5,14x5.5,unknown,Block,Wandoo,,MISSING,MISSING,2.3mm Super Hoop / rigid triple-flange style,10,medium,"shellThickness, bearingEdgeOrFallback",brady-drum-company_block-shell-stave-style_wandoo-block-snare-14x5-5_14x5-5_block_wandoo_unknown-likely-brady-style-45-f_159bd148
Brady Drum Company,Block Shell / Stave-Style,Wandoo Block Snare 14x6.5,14x6.5,unknown,Block,Wandoo,,MISSING,MISSING,2.3mm Super Hoop / rigid triple-flange style,10,medium,"shellThickness, bearingEdgeOrFallback",brady-drum-company_block-shell-stave-style_wandoo-block-snare-14x6-5_14x6-5_block_wandoo_unknown-likely-brady-style-45-f_ee114bb0
Brady Drum Company,Block Shell / Stave-Style,Wandoo Block Snare 14x7,14x7,unknown,Block,Wandoo,,MISSING,MISSING,2.3mm Super Hoop / rigid triple-flange style,10,medium,"shellThickness, bearingEdgeOrFallback",brady-drum-company_block-shell-stave-style_wandoo-block-snare-14x7_14x7_block_wandoo_unknown-likely-brady-style-45-famil_2de6450c
Brady Drum Company,Block Shell / Stave-Style,Wandoo Block Snare 14x8,14x8,unknown,Block,Wandoo,,MISSING,MISSING,2.3mm Super Hoop / rigid triple-flange style,10,medium,"shellThickness, bearingEdgeOrFallback",brady-drum-company_block-shell-stave-style_wandoo-block-snare-14x8_14x8_block_wandoo_unknown-likely-brady-style-45-famil_bbd1df09
Brady Drum Company,Handmade Exotic Australian Hardwood,Jarrah Block shell 14x6.5,14x6.5,unknown,Block,Jarrah,,MISSING,45° bearing edges,2.3mm Super Hoop / rigid triple-flange style,10,medium,shellThickness,brady-drum-company_handmade-exotic-australian-hardwood_jarrah-block-shell-14x6-5_14x6-5_block_jarrah_45-bearing-edges_1-_e1401ddf
Brady Drum Company,Handmade Exotic Australian Hardwood,Sheoak Block shell 14x6.5,14x6.5,unknown,Block,Oak,,MISSING,45° bearing edges,2.3mm Super Hoop / rigid triple-flange style,10,medium,shellThickness,brady-drum-company_handmade-exotic-australian-hardwood_sheoak-block-shell-14x6-5_14x6-5_block_oak_45-bearing-edges_1-5mm_f07e0eb3
Brady Drum Company,Historical / Early Experimental,1984 Sheoak Block Snare 14x7 with DW Hardware,14x7,unknown,Block,Oak,,MISSING,MISSING,2.3mm Super Hoop / rigid triple-flange style,10,medium,"shellThickness, bearingEdgeOrFallback",brady-drum-company_historical-early-experimental_1984-sheoak-block-snare-14x7-with-dw-hardware_14x7_block_oak_unknown-li_da921be8
Brady Drum Company,Walkabout / Multi-Wood,Wandoo / Sheoak / Marri Block Stave Snare 14x6.5,14x6.5,unknown,Block,Wandoo,Oak,MISSING,MISSING,2.3mm Super Hoop / rigid triple-flange style,10,medium,"shellThickness, bearingEdgeOrFallback",brady-drum-company_walkabout-multi-wood_wandoo-sheoak-marri-block-stave-snare-14x6-5_14x6-5_block_wandoo_oak_marri_unkno_235fa8a3
Brady Drum Company,Block Shell / Stave-Style,Lemon Scented Gum Block Snare 12x5,12x5,wood,Block,Gum,,MISSING,MISSING,2.3mm Super Hoop / rigid triple-flange style,10,medium,"shellThickness, bearingEdgeOrFallback",brady-drum-company_block-shell-stave-style_lemon-scented-gum-block-snare-12x5_12x5_block_gum_unknown-likely-brady-style-_1a0e46be
Brady Drum Company,Block Shell / Stave-Style,Lemon Scented Gum Block Snare 12x7,12x7,wood,Block,Gum,,MISSING,MISSING,2.3mm Super Hoop / rigid triple-flange style,10,medium,"shellThickness, bearingEdgeOrFallback",brady-drum-company_block-shell-stave-style_lemon-scented-gum-block-snare-12x7_12x7_block_gum_unknown-likely-brady-style-_39ddbd88
Brady Drum Company,Block Shell / Stave-Style,Lemon Scented Gum Block Snare 13x5.5,13x5.5,wood,Block,Gum,,MISSING,MISSING,2.3mm Super Hoop / rigid triple-flange style,10,medium,"shellThickness, bearingEdgeOrFallback",brady-drum-company_block-shell-stave-style_lemon-scented-gum-block-snare-13x5-5_13x5-5_block_gum_unknown-likely-brady-st_9cfb5eaa
Brady Drum Company,Block Shell / Stave-Style,Lemon Scented Gum Block Snare 13x7,13x7,wood,Block,Gum,,MISSING,MISSING,2.3mm Super Hoop / rigid triple-flange style,10,medium,"shellThickness, bearingEdgeOrFallback",brady-drum-company_block-shell-stave-style_lemon-scented-gum-block-snare-13x7_13x7_block_gum_unknown-likely-brady-style-_0b4d5bc8
Brady Drum Company,Block Shell / Stave-Style,Lemon Scented Gum Block Snare 14x5.5,14x5.5,wood,Block,Gum,,MISSING,MISSING,2.3mm Super Hoop / rigid triple-flange style,10,medium,"shellThickness, bearingEdgeOrFallback",brady-drum-company_block-shell-stave-style_lemon-scented-gum-block-snare-14x5-5_14x5-5_block_gum_unknown-likely-brady-st_42af2ffd
Brady Drum Company,Block Shell / Stave-Style,Lemon Scented Gum Block Snare 14x6.5,14x6.5,wood,Block,Gum,,MISSING,MISSING,2.3mm Super Hoop / rigid triple-flange style,10,medium,"shellThickness, bearingEdgeOrFallback",brady-drum-company_block-shell-stave-style_lemon-scented-gum-block-snare-14x6-5_14x6-5_block_gum_unknown-likely-brady-st_8bba8f08
Brady Drum Company,Block Shell / Stave-Style,Lemon Scented Gum Block Snare 14x7,14x7,wood,Block,Gum,,MISSING,MISSING,2.3mm Super Hoop / rigid triple-flange style,10,medium,"shellThickness, bearingEdgeOrFallback",brady-drum-company_block-shell-stave-style_lemon-scented-gum-block-snare-14x7_14x7_block_gum_unknown-likely-brady-style-_5f0f4c97
Brady Drum Company,Block Shell / Stave-Style,Lemon Scented Gum Block Snare 14x8,14x8,wood,Block,Gum,,MISSING,MISSING,2.3mm Super Hoop / rigid triple-flange style,10,medium,"shellThickness, bearingEdgeOrFallback",brady-drum-company_block-shell-stave-style_lemon-scented-gum-block-snare-14x8_14x8_block_gum_unknown-likely-brady-style-_8689bcf5
Brady Drum Company,Block Shell / Stave-Style,Spotted Gum Block Snare 12x5,12x5,wood,Block,Gum,,MISSING,MISSING,2.3mm Super Hoop / rigid triple-flange style,10,medium,"shellThickness, bearingEdgeOrFallback",brady-drum-company_block-shell-stave-style_spotted-gum-block-snare-12x5_12x5_block_gum_unknown-likely-brady-style-45-fam_b8c26664
Brady Drum Company,Block Shell / Stave-Style,Spotted Gum Block Snare 12x7,12x7,wood,Block,Gum,,MISSING,MISSING,2.3mm Super Hoop / rigid triple-flange style,10,medium,"shellThickness, bearingEdgeOrFallback",brady-drum-company_block-shell-stave-style_spotted-gum-block-snare-12x7_12x7_block_gum_unknown-likely-brady-style-45-fam_083bd2ab
Brady Drum Company,Block Shell / Stave-Style,Spotted Gum Block Snare 13x5.5,13x5.5,wood,Block,Gum,,MISSING,MISSING,2.3mm Super Hoop / rigid triple-flange style,10,medium,"shellThickness, bearingEdgeOrFallback",brady-drum-company_block-shell-stave-style_spotted-gum-block-snare-13x5-5_13x5-5_block_gum_unknown-likely-brady-style-45_2194deb4
Brady Drum Company,Block Shell / Stave-Style,Spotted Gum Block Snare 13x7,13x7,wood,Block,Gum,,MISSING,MISSING,2.3mm Super Hoop / rigid triple-flange style,10,medium,"shellThickness, bearingEdgeOrFallback",brady-drum-company_block-shell-stave-style_spotted-gum-block-snare-13x7_13x7_block_gum_unknown-likely-brady-style-45-fam_e4b2fd4c
Brady Drum Company,Block Shell / Stave-Style,Spotted Gum Block Snare 14x5.5,14x5.5,wood,Block,Gum,,MISSING,MISSING,2.3mm Super Hoop / rigid triple-flange style,10,medium,"shellThickness, bearingEdgeOrFallback",brady-drum-company_block-shell-stave-style_spotted-gum-block-snare-14x5-5_14x5-5_block_gum_unknown-likely-brady-style-45_03a00cd3
Brady Drum Company,Block Shell / Stave-Style,Spotted Gum Block Snare 14x6.5,14x6.5,wood,Block,Gum,,MISSING,MISSING,2.3mm Super Hoop / rigid triple-flange style,10,medium,"shellThickness, bearingEdgeOrFallback",brady-drum-company_block-shell-stave-style_spotted-gum-block-snare-14x6-5_14x6-5_block_gum_unknown-likely-brady-style-45_f441162c
Brady Drum Company,Block Shell / Stave-Style,Spotted Gum Block Snare 14x7,14x7,wood,Block,Gum,,MISSING,MISSING,2.3mm Super Hoop / rigid triple-flange style,10,medium,"shellThickness, bearingEdgeOrFallback",brady-drum-company_block-shell-stave-style_spotted-gum-block-snare-14x7_14x7_block_gum_unknown-likely-brady-style-45-fam_b0011b94
Brady Drum Company,Block Shell / Stave-Style,Spotted Gum Block Snare 14x8,14x8,wood,Block,Gum,,MISSING,MISSING,2.3mm Super Hoop / rigid triple-flange style,10,medium,"shellThickness, bearingEdgeOrFallback",brady-drum-company_block-shell-stave-style_spotted-gum-block-snare-14x8_14x8_block_gum_unknown-likely-brady-style-45-fam_4dde0f09
Brady Drum Company,Early Solid / Hollow Log,Jarrah Hollow Log / Solid-Shell Snare 14x5.5,14x5.5,wood,Solid Shell,Jarrah,,MISSING,MISSING,2.3mm Super Hoop / rigid triple-flange style,10,medium,"shellThickness, bearingEdgeOrFallback",brady-drum-company_early-solid-hollow-log_jarrah-hollow-log-solid-shell-snare-14x5-5_14x5-5_solid-shell_jarrah_unknown-l_dec3eeb4
Brady Drum Company,Early Solid / Hollow Log,Jarrah Hollow Log / Solid-Shell Snare 14x6.5,14x6.5,wood,Solid Shell,Jarrah,,MISSING,MISSING,2.3mm Super Hoop / rigid triple-flange style,10,medium,"shellThickness, bearingEdgeOrFallback",brady-drum-company_early-solid-hollow-log_jarrah-hollow-log-solid-shell-snare-14x6-5_14x6-5_solid-shell_jarrah_unknown-l_a9157580
Brady Drum Company,Early Solid / Hollow Log,Jarrah Hollow Log / Solid-Shell Snare 14x8,14x8,wood,Solid Shell,Jarrah,,MISSING,MISSING,2.3mm Super Hoop / rigid triple-flange style,10,medium,"shellThickness, bearingEdgeOrFallback",brady-drum-company_early-solid-hollow-log_jarrah-hollow-log-solid-shell-snare-14x8_14x8_solid-shell_jarrah_unknown-likel_9e8e654a
Brady Drum Company,Early Solid / Hollow Log,Sheoak Hollow Log / Solid-Shell Snare 14x5.5,14x5.5,wood,Solid Shell,Oak,,MISSING,MISSING,2.3mm Super Hoop / rigid triple-flange style,10,medium,"shellThickness, bearingEdgeOrFallback",brady-drum-company_early-solid-hollow-log_sheoak-hollow-log-solid-shell-snare-14x5-5_14x5-5_solid-shell_oak_unknown-like_46ec8f8f
Brady Drum Company,Early Solid / Hollow Log,Sheoak Hollow Log / Solid-Shell Snare 14x6.5,14x6.5,wood,Solid Shell,Oak,,MISSING,MISSING,2.3mm Super Hoop / rigid triple-flange style,10,medium,"shellThickness, bearingEdgeOrFallback",brady-drum-company_early-solid-hollow-log_sheoak-hollow-log-solid-shell-snare-14x6-5_14x6-5_solid-shell_oak_unknown-like_c43a6b80
Brady Drum Company,Early Solid / Hollow Log,Sheoak Hollow Log / Solid-Shell Snare 14x8,14x8,wood,Solid Shell,Oak,,MISSING,MISSING,2.3mm Super Hoop / rigid triple-flange style,10,medium,"shellThickness, bearingEdgeOrFallback",brady-drum-company_early-solid-hollow-log_sheoak-hollow-log-solid-shell-snare-14x8_14x8_solid-shell_oak_unknown-likely-b_7775c5ed
Brady Drum Company,Handmade Exotic Australian Hardwood,Jarrah Ply shell 14x6.5,14x6.5,wood,Ply,Jarrah,,MISSING,45° bearing edges,2.3mm Super Hoop / rigid triple-flange style,10,medium,shellThickness,brady-drum-company_handmade-exotic-australian-hardwood_jarrah-ply-shell-14x6-5_14x6-5_ply_jarrah_45-bearing-edges_1-5mm-_39cf6d3a
Brady Drum Company,Handmade Exotic Australian Hardwood,Marri Ply shell 14x6.5,14x6.5,wood,Ply,Marri,,MISSING,45° bearing edges,2.3mm Super Hoop / rigid triple-flange style,10,medium,shellThickness,brady-drum-company_handmade-exotic-australian-hardwood_marri-ply-shell-14x6-5_14x6-5_ply_marri_45-bearing-edges_1-5mm-pr_60c0ce85
Brady Drum Company,Handmade Exotic Australian Hardwood,Tasmanian Blackwood Block shell 14x6.5,14x6.5,wood,Block,Tasmanian Blackwood,,MISSING,45° bearing edges,2.3mm Super Hoop / rigid triple-flange style,10,medium,shellThickness,brady-drum-company_handmade-exotic-australian-hardwood_tasmanian-blackwood-block-shell-14x6-5_14x6-5_block_tasmanian-bla_c6c5bfc8
Brady Drum Company,Ply Shell,Australian Rose Gum Ply Snare 10x5,10x5,wood,Ply,Rose Gum,,MISSING,45° bearing edges,2.3mm Super Hoop / rigid triple-flange style,10,medium,shellThickness,brady-drum-company_ply-shell_australian-rose-gum-ply-snare-10x5_10x5_ply_rose-gum_45-bearing-edges_1-5mm-proper-snare-be_fcdeb7d0
Brady Drum Company,Ply Shell,Australian Rose Gum Ply Snare 12x5,12x5,wood,Ply,Rose Gum,,MISSING,45° bearing edges,2.3mm Super Hoop / rigid triple-flange style,10,medium,shellThickness,brady-drum-company_ply-shell_australian-rose-gum-ply-snare-12x5_12x5_ply_rose-gum_45-bearing-edges_1-5mm-proper-snare-be_7576b11d
Brady Drum Company,Ply Shell,Australian Rose Gum Ply Snare 13x5.5,13x5.5,wood,Ply,Rose Gum,,MISSING,45° bearing edges,2.3mm Super Hoop / rigid triple-flange style,10,medium,shellThickness,brady-drum-company_ply-shell_australian-rose-gum-ply-snare-13x5-5_13x5-5_ply_rose-gum_45-bearing-edges_1-5mm-proper-snar_ea5be61e
Brady Drum Company,Ply Shell,Australian Rose Gum Ply Snare 14x5.5,14x5.5,wood,Ply,Rose Gum,,MISSING,45° bearing edges,2.3mm Super Hoop / rigid triple-flange style,10,medium,shellThickness,brady-drum-company_ply-shell_australian-rose-gum-ply-snare-14x5-5_14x5-5_ply_rose-gum_45-bearing-edges_1-5mm-proper-snar_1c671eca
Brady Drum Company,Ply Shell,Australian Rose Gum Ply Snare 14x6.5,14x6.5,wood,Ply,Rose Gum,,MISSING,45° bearing edges,2.3mm Super Hoop / rigid triple-flange style,10,medium,shellThickness,brady-drum-company_ply-shell_australian-rose-gum-ply-snare-14x6-5_14x6-5_ply_rose-gum_45-bearing-edges_1-5mm-proper-snar_7da1e76d
Brady Drum Company,Ply Shell,Australian Rose Gum Ply Snare 14x8,14x8,wood,Ply,Rose Gum,,MISSING,45° bearing edges,2.3mm Super Hoop / rigid triple-flange style,10,medium,shellThickness,brady-drum-company_ply-shell_australian-rose-gum-ply-snare-14x8_14x8_ply_rose-gum_45-bearing-edges_1-5mm-proper-snare-be_ab87aef6
Brady Drum Company,Ply Shell,Australian Rose Gum Ply Snare 16x6.5,16x6.5,wood,Ply,Rose Gum,,MISSING,45° bearing edges,2.3mm Super Hoop / rigid triple-flange style,10,medium,shellThickness,brady-drum-company_ply-shell_australian-rose-gum-ply-snare-16x6-5_16x6-5_ply_rose-gum_45-bearing-edges_1-5mm-proper-snar_f7be8ad8
Brady Drum Company,Ply Shell,Blackheart Sassafras Ply Snare 10x5,10x5,wood,Ply,Sassafras,,MISSING,45° bearing edges,2.3mm Super Hoop / rigid triple-flange style,10,medium,shellThickness,brady-drum-company_ply-shell_blackheart-sassafras-ply-snare-10x5_10x5_ply_sassafras_45-bearing-edges_1-5mm-proper-snare-_840ae20e
Brady Drum Company,Ply Shell,Blackheart Sassafras Ply Snare 12x5,12x5,wood,Ply,Sassafras,,MISSING,45° bearing edges,2.3mm Super Hoop / rigid triple-flange style,10,medium,shellThickness,brady-drum-company_ply-shell_blackheart-sassafras-ply-snare-12x5_12x5_ply_sassafras_45-bearing-edges_1-5mm-proper-snare-_c2bf44a6
Brady Drum Company,Ply Shell,Blackheart Sassafras Ply Snare 13x5.5,13x5.5,wood,Ply,Sassafras,,MISSING,45° bearing edges,2.3mm Super Hoop / rigid triple-flange style,10,medium,shellThickness,brady-drum-company_ply-shell_blackheart-sassafras-ply-snare-13x5-5_13x5-5_ply_sassafras_45-bearing-edges_1-5mm-proper-sn_ae750c9c
Brady Drum Company,Ply Shell,Blackheart Sassafras Ply Snare 14x5.5,14x5.5,wood,Ply,Sassafras,,MISSING,45° bearing edges,2.3mm Super Hoop / rigid triple-flange style,10,medium,shellThickness,brady-drum-company_ply-shell_blackheart-sassafras-ply-snare-14x5-5_14x5-5_ply_sassafras_45-bearing-edges_1-5mm-proper-sn_4dada79d
Brady Drum Company,Ply Shell,Blackheart Sassafras Ply Snare 14x6.5,14x6.5,wood,Ply,Sassafras,,MISSING,45° bearing edges,2.3mm Super Hoop / rigid triple-flange style,10,medium,shellThickness,brady-drum-company_ply-shell_blackheart-sassafras-ply-snare-14x6-5_14x6-5_ply_sassafras_45-bearing-edges_1-5mm-proper-sn_71638253
Brady Drum Company,Ply Shell,Blackheart Sassafras Ply Snare 14x8,14x8,wood,Ply,Sassafras,,MISSING,45° bearing edges,2.3mm Super Hoop / rigid triple-flange style,10,medium,shellThickness,brady-drum-company_ply-shell_blackheart-sassafras-ply-snare-14x8_14x8_ply_sassafras_45-bearing-edges_1-5mm-proper-snare-_77a2a0e7
Brady Drum Company,Ply Shell,Blackheart Sassafras Ply Snare 16x6.5,16x6.5,wood,Ply,Sassafras,,MISSING,45° bearing edges,2.3mm Super Hoop / rigid triple-flange style,10,medium,shellThickness,brady-drum-company_ply-shell_blackheart-sassafras-ply-snare-16x6-5_16x6-5_ply_sassafras_45-bearing-edges_1-5mm-proper-sn_45d860c1
Brady Drum Company,Ply Shell,Jarrah Ply Snare 10x5,10x5,wood,Ply,Jarrah,,MISSING,45° bearing edges,2.3mm Super Hoop / rigid triple-flange style,10,medium,shellThickness,brady-drum-company_ply-shell_jarrah-ply-snare-10x5_10x5_ply_jarrah_45-bearing-edges_1-5mm-proper-snare-bed_natural-satin_a9104789
Brady Drum Company,Ply Shell,Jarrah Ply Snare 12x5,12x5,wood,Ply,Jarrah,,MISSING,45° bearing edges,2.3mm Super Hoop / rigid triple-flange style,10,medium,shellThickness,brady-drum-company_ply-shell_jarrah-ply-snare-12x5_12x5_ply_jarrah_45-bearing-edges_1-5mm-proper-snare-bed_natural-satin_c574815f
Brady Drum Company,Ply Shell,Jarrah Ply Snare 13x5.5,13x5.5,wood,Ply,Jarrah,,MISSING,45° bearing edges,2.3mm Super Hoop / rigid triple-flange style,10,medium,shellThickness,brady-drum-company_ply-shell_jarrah-ply-snare-13x5-5_13x5-5_ply_jarrah_45-bearing-edges_1-5mm-proper-snare-bed_natural-s_7bc792e4
Brady Drum Company,Ply Shell,Jarrah Ply Snare 14x5.5,14x5.5,wood,Ply,Jarrah,,MISSING,MISSING,2.3mm Super Hoop / rigid triple-flange style,10,medium,"shellThickness, bearingEdgeOrFallback",brady-drum-company_ply-shell_jarrah-ply-snare-14x5-5_14x5-5_ply_jarrah_unknown-likely-brady-style-45-family-edge_unknown_83bfb2e5
Brady Drum Company,Ply Shell,Jarrah Ply Snare 14x6.5,14x6.5,wood,Ply,Jarrah,,MISSING,MISSING,2.3mm Super Hoop / rigid triple-flange style,10,medium,"shellThickness, bearingEdgeOrFallback",brady-drum-company_ply-shell_jarrah-ply-snare-14x6-5_14x6-5_ply_jarrah_unknown-likely-brady-style-45-family-edge_unknown_7ecec5b5
Brady Drum Company,Ply Shell,Jarrah Ply Snare 14x8,14x8,wood,Ply,Jarrah,,MISSING,MISSING,2.3mm Super Hoop / rigid triple-flange style,10,medium,"shellThickness, bearingEdgeOrFallback",brady-drum-company_ply-shell_jarrah-ply-snare-14x8_14x8_ply_jarrah_unknown-likely-brady-style-45-family-edge_unknown-mod_9ef39f45
Brady Drum Company,Ply Shell,Jarrah Ply Snare 16x6.5,16x6.5,wood,Ply,Jarrah,,MISSING,MISSING,2.3mm Super Hoop / rigid triple-flange style,10,medium,"shellThickness, bearingEdgeOrFallback",brady-drum-company_ply-shell_jarrah-ply-snare-16x6-5_16x6-5_ply_jarrah_unknown-likely-brady-style-45-family-edge_unknown_d9aa9874
Brady Drum Company,Ply Shell,Marri Ply Snare 10x5,10x5,wood,Ply,Marri,,MISSING,45° bearing edges,2.3mm Super Hoop / rigid triple-flange style,10,medium,shellThickness,brady-drum-company_ply-shell_marri-ply-snare-10x5_10x5_ply_marri_45-bearing-edges_1-5mm-proper-snare-bed_natural-satin-g_8836e84c
Brady Drum Company,Ply Shell,Marri Ply Snare 12x5,12x5,wood,Ply,Marri,,MISSING,45° bearing edges,2.3mm Super Hoop / rigid triple-flange style,10,medium,shellThickness,brady-drum-company_ply-shell_marri-ply-snare-12x5_12x5_ply_marri_45-bearing-edges_1-5mm-proper-snare-bed_natural-satin-g_910cf005
Brady Drum Company,Ply Shell,Marri Ply Snare 13x5.5,13x5.5,wood,Ply,Marri,,MISSING,45° bearing edges,2.3mm Super Hoop / rigid triple-flange style,10,medium,shellThickness,brady-drum-company_ply-shell_marri-ply-snare-13x5-5_13x5-5_ply_marri_45-bearing-edges_1-5mm-proper-snare-bed_natural-sat_6d851fd6
Brady Drum Company,Ply Shell,Marri Ply Snare 14x5.5,14x5.5,wood,Ply,Marri,,MISSING,45° bearing edges,2.3mm Super Hoop / rigid triple-flange style,10,medium,shellThickness,brady-drum-company_ply-shell_marri-ply-snare-14x5-5_14x5-5_ply_marri_45-bearing-edges_1-5mm-proper-snare-bed_natural-sat_1b0af096
Brady Drum Company,Ply Shell,Marri Ply Snare 14x6.5,14x6.5,wood,Ply,Marri,,MISSING,45° bearing edges,2.3mm Super Hoop / rigid triple-flange style,10,medium,shellThickness,brady-drum-company_ply-shell_marri-ply-snare-14x6-5_14x6-5_ply_marri_45-bearing-edges_1-5mm-proper-snare-bed_natural-sat_9755e9c5
Brady Drum Company,Ply Shell,Marri Ply Snare 14x8,14x8,wood,Ply,Marri,,MISSING,45° bearing edges,2.3mm Super Hoop / rigid triple-flange style,10,medium,shellThickness,brady-drum-company_ply-shell_marri-ply-snare-14x8_14x8_ply_marri_45-bearing-edges_1-5mm-proper-snare-bed_natural-satin-g_9302fafc
Brady Drum Company,Ply Shell,Marri Ply Snare 16x6.5,16x6.5,wood,Ply,Marri,,MISSING,45° bearing edges,2.3mm Super Hoop / rigid triple-flange style,10,medium,shellThickness,brady-drum-company_ply-shell_marri-ply-snare-16x6-5_16x6-5_ply_marri_45-bearing-edges_1-5mm-proper-snare-bed_natural-sat_c536b9fa
Brady Drum Company,Ply Shell,Spotted Gum Ply Snare 10x5,10x5,wood,Ply,Gum,,MISSING,45° bearing edges,2.3mm Super Hoop / rigid triple-flange style,10,medium,shellThickness,brady-drum-company_ply-shell_spotted-gum-ply-snare-10x5_10x5_ply_gum_45-bearing-edges_1-5mm-proper-snare-bed_natural-sat_ffd106bf
Brady Drum Company,Ply Shell,Spotted Gum Ply Snare 12x5,12x5,wood,Ply,Gum,,MISSING,45° bearing edges,2.3mm Super Hoop / rigid triple-flange style,10,medium,shellThickness,brady-drum-company_ply-shell_spotted-gum-ply-snare-12x5_12x5_ply_gum_45-bearing-edges_1-5mm-proper-snare-bed_natural-sat_c599cd4a
Brady Drum Company,Ply Shell,Spotted Gum Ply Snare 13x5.5,13x5.5,wood,Ply,Gum,,MISSING,45° bearing edges,2.3mm Super Hoop / rigid triple-flange style,10,medium,shellThickness,brady-drum-company_ply-shell_spotted-gum-ply-snare-13x5-5_13x5-5_ply_gum_45-bearing-edges_1-5mm-proper-snare-bed_natural_ea55849e
Brady Drum Company,Ply Shell,Spotted Gum Ply Snare 14x5.5,14x5.5,wood,Ply,Gum,,MISSING,45° bearing edges,2.3mm Super Hoop / rigid triple-flange style,10,medium,shellThickness,brady-drum-company_ply-shell_spotted-gum-ply-snare-14x5-5_14x5-5_ply_gum_45-bearing-edges_1-5mm-proper-snare-bed_natural_82e834bd
Brady Drum Company,Ply Shell,Spotted Gum Ply Snare 14x6.5,14x6.5,wood,Ply,Gum,,MISSING,45° bearing edges,2.3mm Super Hoop / rigid triple-flange style,10,medium,shellThickness,brady-drum-company_ply-shell_spotted-gum-ply-snare-14x6-5_14x6-5_ply_gum_45-bearing-edges_1-5mm-proper-snare-bed_natural_abdd69bd
Brady Drum Company,Ply Shell,Spotted Gum Ply Snare 14x8,14x8,wood,Ply,Gum,,MISSING,45° bearing edges,2.3mm Super Hoop / rigid triple-flange style,10,medium,shellThickness,brady-drum-company_ply-shell_spotted-gum-ply-snare-14x8_14x8_ply_gum_45-bearing-edges_1-5mm-proper-snare-bed_natural-sat_69003309
Brady Drum Company,Ply Shell,Spotted Gum Ply Snare 16x6.5,16x6.5,wood,Ply,Gum,,MISSING,45° bearing edges,2.3mm Super Hoop / rigid triple-flange style,10,medium,shellThickness,brady-drum-company_ply-shell_spotted-gum-ply-snare-16x6-5_16x6-5_ply_gum_45-bearing-edges_1-5mm-proper-snare-bed_natural_58a1ff6a
Brady Drum Company,Ply Shell,Tasmanian Blackwood Ply Snare 10x5,10x5,wood,Ply,Tasmanian Blackwood,,MISSING,45° bearing edges,2.3mm Super Hoop / rigid triple-flange style,10,medium,shellThickness,brady-drum-company_ply-shell_tasmanian-blackwood-ply-snare-10x5_10x5_ply_tasmanian-blackwood_45-bearing-edges_1-5mm-prop_75b335c9
Brady Drum Company,Ply Shell,Tasmanian Blackwood Ply Snare 12x5,12x5,wood,Ply,Tasmanian Blackwood,,MISSING,45° bearing edges,2.3mm Super Hoop / rigid triple-flange style,10,medium,shellThickness,brady-drum-company_ply-shell_tasmanian-blackwood-ply-snare-12x5_12x5_ply_tasmanian-blackwood_45-bearing-edges_1-5mm-prop_75cb62d0
Brady Drum Company,Ply Shell,Tasmanian Blackwood Ply Snare 13x5.5,13x5.5,wood,Ply,Tasmanian Blackwood,,MISSING,45° bearing edges,2.3mm Super Hoop / rigid triple-flange style,10,medium,shellThickness,brady-drum-company_ply-shell_tasmanian-blackwood-ply-snare-13x5-5_13x5-5_ply_tasmanian-blackwood_45-bearing-edges_1-5mm-_cab2f5d0
Brady Drum Company,Ply Shell,Tasmanian Blackwood Ply Snare 14x5.5,14x5.5,wood,Ply,Tasmanian Blackwood,,MISSING,45° bearing edges,2.3mm Super Hoop / rigid triple-flange style,10,medium,shellThickness,brady-drum-company_ply-shell_tasmanian-blackwood-ply-snare-14x5-5_14x5-5_ply_tasmanian-blackwood_45-bearing-edges_1-5mm-_2bd4b854
Brady Drum Company,Ply Shell,Tasmanian Blackwood Ply Snare 14x6.5,14x6.5,wood,Ply,Tasmanian Blackwood,,MISSING,45° bearing edges,2.3mm Super Hoop / rigid triple-flange style,10,medium,shellThickness,brady-drum-company_ply-shell_tasmanian-blackwood-ply-snare-14x6-5_14x6-5_ply_tasmanian-blackwood_45-bearing-edges_1-5mm-_bf3a1224
Brady Drum Company,Ply Shell,Tasmanian Blackwood Ply Snare 14x8,14x8,wood,Ply,Tasmanian Blackwood,,MISSING,45° bearing edges,2.3mm Super Hoop / rigid triple-flange style,10,medium,shellThickness,brady-drum-company_ply-shell_tasmanian-blackwood-ply-snare-14x8_14x8_ply_tasmanian-blackwood_45-bearing-edges_1-5mm-prop_f977f322
Brady Drum Company,Ply Shell,Tasmanian Blackwood Ply Snare 16x6.5,16x6.5,wood,Ply,Tasmanian Blackwood,,MISSING,45° bearing edges,2.3mm Super Hoop / rigid triple-flange style,10,medium,shellThickness,brady-drum-company_ply-shell_tasmanian-blackwood-ply-snare-16x6-5_16x6-5_ply_tasmanian-blackwood_45-bearing-edges_1-5mm-_065bbcae
Brady Drum Company,Ply Shell,Wandoo Ply Snare 10x5,10x5,wood,Ply,Wandoo,,MISSING,45° bearing edges,2.3mm Super Hoop / rigid triple-flange style,10,medium,shellThickness,brady-drum-company_ply-shell_wandoo-ply-snare-10x5_10x5_ply_wandoo_45-bearing-edges_1-5mm-proper-snare-bed_natural-satin_75531621
Brady Drum Company,Ply Shell,Wandoo Ply Snare 12x5,12x5,wood,Ply,Wandoo,,MISSING,45° bearing edges,2.3mm Super Hoop / rigid triple-flange style,10,medium,shellThickness,brady-drum-company_ply-shell_wandoo-ply-snare-12x5_12x5_ply_wandoo_45-bearing-edges_1-5mm-proper-snare-bed_natural-satin_a0f0a8b0
Brady Drum Company,Ply Shell,Wandoo Ply Snare 13x5.5,13x5.5,wood,Ply,Wandoo,,MISSING,45° bearing edges,2.3mm Super Hoop / rigid triple-flange style,10,medium,shellThickness,brady-drum-company_ply-shell_wandoo-ply-snare-13x5-5_13x5-5_ply_wandoo_45-bearing-edges_1-5mm-proper-snare-bed_natural-s_b2a7af96
Brady Drum Company,Ply Shell,Wandoo Ply Snare 14x5.5,14x5.5,wood,Ply,Wandoo,,MISSING,45° bearing edges,2.3mm Super Hoop / rigid triple-flange style,10,medium,shellThickness,brady-drum-company_ply-shell_wandoo-ply-snare-14x5-5_14x5-5_ply_wandoo_45-bearing-edges_1-5mm-proper-snare-bed_natural-s_9453d8ee
Brady Drum Company,Ply Shell,Wandoo Ply Snare 14x6.5,14x6.5,wood,Ply,Wandoo,,MISSING,45° bearing edges,2.3mm Super Hoop / rigid triple-flange style,10,medium,shellThickness,brady-drum-company_ply-shell_wandoo-ply-snare-14x6-5_14x6-5_ply_wandoo_45-bearing-edges_1-5mm-proper-snare-bed_natural-s_7ad888a7
Brady Drum Company,Ply Shell,Wandoo Ply Snare 14x8,14x8,wood,Ply,Wandoo,,MISSING,45° bearing edges,2.3mm Super Hoop / rigid triple-flange style,10,medium,shellThickness,brady-drum-company_ply-shell_wandoo-ply-snare-14x8_14x8_ply_wandoo_45-bearing-edges_1-5mm-proper-snare-bed_natural-satin_ff859858
Brady Drum Company,Ply Shell,Wandoo Ply Snare 16x6.5,16x6.5,wood,Ply,Wandoo,,MISSING,45° bearing edges,2.3mm Super Hoop / rigid triple-flange style,10,medium,shellThickness,brady-drum-company_ply-shell_wandoo-ply-snare-16x6-5_16x6-5_ply_wandoo_45-bearing-edges_1-5mm-proper-snare-bed_natural-s_a807bc1e
Brooks Drum Co.,Steam-Bent Solid Shell,Steam-Bent Solid Shell Ash 14x5.5,14x5.5,wood,Steam Bent,Ash,,MISSING,MISSING,unknown,,medium,"shellThickness, bearingEdgeOrFallback",brooks-drum-co_steam-bent-solid-shell_steam-bent-solid-shell-ash-14x5-5_14x5-5_steam-bent_ash_3b033b85
Brooks Drum Co.,Steam-Bent Solid Shell,Steam-Bent Solid Shell Ash 14x6.5,14x6.5,wood,Steam Bent,Ash,,MISSING,MISSING,unknown,,medium,"shellThickness, bearingEdgeOrFallback",brooks-drum-co_steam-bent-solid-shell_steam-bent-solid-shell-ash-14x6-5_14x6-5_steam-bent_ash_5cc2ff34
Brooks Drum Co.,Steam-Bent Solid Shell,Steam-Bent Solid Shell Cherry 14x5.5,14x5.5,wood,Steam Bent,Cherry,,MISSING,MISSING,unknown,,medium,"shellThickness, bearingEdgeOrFallback",brooks-drum-co_steam-bent-solid-shell_steam-bent-solid-shell-cherry-14x5-5_14x5-5_steam-bent_cherry_13d41aa3
Brooks Drum Co.,Steam-Bent Solid Shell,Steam-Bent Solid Shell Cherry 14x6.5,14x6.5,wood,Steam Bent,Cherry,,MISSING,MISSING,unknown,,medium,"shellThickness, bearingEdgeOrFallback",brooks-drum-co_steam-bent-solid-shell_steam-bent-solid-shell-cherry-14x6-5_14x6-5_steam-bent_cherry_f14ec73e
Brooks Drum Co.,Steam-Bent Solid Shell,Steam-Bent Solid Shell Mahogany 14x5.5,14x5.5,wood,Steam Bent,Mahogany,,MISSING,MISSING,unknown,,medium,"shellThickness, bearingEdgeOrFallback",brooks-drum-co_steam-bent-solid-shell_steam-bent-solid-shell-mahogany-14x5-5_14x5-5_steam-bent_mahogany_43aede89
Brooks Drum Co.,Steam-Bent Solid Shell,Steam-Bent Solid Shell Mahogany 14x6.5,14x6.5,wood,Steam Bent,Mahogany,,MISSING,MISSING,unknown,,medium,"shellThickness, bearingEdgeOrFallback",brooks-drum-co_steam-bent-solid-shell_steam-bent-solid-shell-mahogany-14x6-5_14x6-5_steam-bent_mahogany_20e476c7
Brooks Drum Co.,Steam-Bent Solid Shell,Steam-Bent Solid Shell Maple 14x5.5,14x5.5,wood,Steam Bent,Maple,,MISSING,MISSING,unknown,,medium,"shellThickness, bearingEdgeOrFallback",brooks-drum-co_steam-bent-solid-shell_steam-bent-solid-shell-maple-14x5-5_14x5-5_steam-bent_maple_1b8cc0aa
Brooks Drum Co.,Steam-Bent Solid Shell,Steam-Bent Solid Shell Maple 14x6.5,14x6.5,wood,Steam Bent,Maple,,MISSING,MISSING,unknown,,medium,"shellThickness, bearingEdgeOrFallback",brooks-drum-co_steam-bent-solid-shell_steam-bent-solid-shell-maple-14x6-5_14x6-5_steam-bent_maple_cb66f81f
Brooks Drum Co.,Steam-Bent Solid Shell,Steam-Bent Solid Shell Oak 14x5.5,14x5.5,wood,Steam Bent,Oak,,MISSING,MISSING,unknown,,medium,"shellThickness, bearingEdgeOrFallback",brooks-drum-co_steam-bent-solid-shell_steam-bent-solid-shell-oak-14x5-5_14x5-5_steam-bent_oak_3c99065c
Brooks Drum Co.,Steam-Bent Solid Shell,Steam-Bent Solid Shell Oak 14x6.5,14x6.5,wood,Steam Bent,Oak,,MISSING,MISSING,unknown,,medium,"shellThickness, bearingEdgeOrFallback",brooks-drum-co_steam-bent-solid-shell_steam-bent-solid-shell-oak-14x6-5_14x6-5_steam-bent_oak_95cd944b
Brooks Drum Co.,Steam-Bent Solid Shell,Steam-Bent Solid Shell Walnut 14x5.5,14x5.5,wood,Steam Bent,Walnut,,MISSING,MISSING,unknown,,medium,"shellThickness, bearingEdgeOrFallback",brooks-drum-co_steam-bent-solid-shell_steam-bent-solid-shell-walnut-14x5-5_14x5-5_steam-bent_walnut_c241c44b
Brooks Drum Co.,Steam-Bent Solid Shell,Steam-Bent Solid Shell Walnut 14x6.5,14x6.5,wood,Steam Bent,Walnut,,MISSING,MISSING,unknown,,medium,"shellThickness, bearingEdgeOrFallback",brooks-drum-co_steam-bent-solid-shell_steam-bent-solid-shell-walnut-14x6-5_14x6-5_steam-bent_walnut_72c87ee3
C&C Drums USA,Custom Drums,Custom Acrylic 14x6.5,14x6.5,composite,Acrylic,Acrylic,,MISSING,Customer-selected bearing edge,unknown,,medium,shellThickness,candc-drums-usa_custom-drums_custom-acrylic-14x6-5_14x6-5_acrylic_acrylic_customer-selected-bearing-edge_f58e8692
C&C Drums USA,Custom Drums,Custom Luan 6 & 6 14x6.5,14x6.5,composite,Acrylic,Luan,,MISSING,Customer-selected bearing edge,unknown,,medium,shellThickness,candc-drums-usa_custom-drums_custom-luan-6-and-6-14x6-5_14x6-5_acrylic_luan_customer-selected-bearing-edge_ca8709ec
C&C Drums USA,Custom Drums,Custom 7 Ply Mahogany 14x6.5,14x6.5,wood,Acrylic,Mahogany,,MISSING,Customer-selected bearing edge,unknown,,medium,shellThickness,candc-drums-usa_custom-drums_custom-7-ply-mahogany-14x6-5_14x6-5_acrylic_mahogany_customer-selected-bearing-edge_861b3e9b
C&C Drums USA,Custom Drums,Custom 7 Ply Maple 14x6.5,14x6.5,wood,Acrylic,Maple,,MISSING,Customer-selected bearing edge,unknown,,medium,shellThickness,candc-drums-usa_custom-drums_custom-7-ply-maple-14x6-5_14x6-5_acrylic_maple_customer-selected-bearing-edge_d88bc2ee
C&C Drums USA,Custom Drums,Custom Maple/Mahogany/Maple 14x6.5,14x6.5,wood,Acrylic,Maple,Mahogany,MISSING,Customer-selected bearing edge,unknown,,medium,shellThickness,candc-drums-usa_custom-drums_custom-maple-mahogany-maple-14x6-5_14x6-5_acrylic_maple_mahogany_maple_customer-selected-be_7c224be2
C&C Drums USA,Custom Drums,Custom Maple/Poplar/Maple 14x6.5,14x6.5,wood,Acrylic,Maple,Poplar,MISSING,Customer-selected bearing edge,unknown,,medium,shellThickness,candc-drums-usa_custom-drums_custom-maple-poplar-maple-14x6-5_14x6-5_acrylic_maple_poplar_maple_customer-selected-bearin_e339300b
Canopus,Black Nickel Brass II,Black Nickel Brass II 14x5.5,14x5.5,metal,Metal,Brass,,MISSING,MISSING,unknown,,medium,"shellThickness, bearingEdgeOrFallback",canopus_black-nickel-brass-ii_black-nickel-brass-ii-14x5-5_14x5-5_metal_brass_a81d3d2e
Canopus,Black Nickel Brass II,Black Nickel Brass II 14x6.5,14x6.5,metal,Metal,Brass,,MISSING,MISSING,unknown,,medium,"shellThickness, bearingEdgeOrFallback",canopus_black-nickel-brass-ii_black-nickel-brass-ii-14x6-5_14x6-5_metal_brass_8191fdcd
Canopus,Hammered Bronze,Hammered Bronze 14x5.5,14x5.5,metal,Metal,Bronze,,MISSING,MISSING,unknown,,medium,"shellThickness, bearingEdgeOrFallback",canopus_hammered-bronze_hammered-bronze-14x5-5_14x5-5_metal_bronze_dc26ad3e
Canopus,Hammered Bronze,Hammered Bronze 14x6.5,14x6.5,metal,Metal,Bronze,,MISSING,MISSING,unknown,,medium,"shellThickness, bearingEdgeOrFallback",canopus_hammered-bronze_hammered-bronze-14x6-5_14x6-5_metal_bronze_6125d9a7
Canopus,Patina Solid Brass,Patina Solid Brass 14x5.5,14x5.5,metal,Metal,Brass,,MISSING,MISSING,unknown,,medium,"shellThickness, bearingEdgeOrFallback",canopus_patina-solid-brass_patina-solid-brass-14x5-5_14x5-5_metal_brass_3022a08c
Canopus,Patina Solid Brass,Patina Solid Brass 14x6.5,14x6.5,metal,Metal,Brass,,MISSING,MISSING,unknown,,medium,"shellThickness, bearingEdgeOrFallback",canopus_patina-solid-brass_patina-solid-brass-14x6-5_14x6-5_metal_brass_1a7cfa6c
Canopus,Piccolo Bronze,Piccolo Bronze 14x4,14x4,metal,Metal,Bronze,,MISSING,MISSING,unknown,,medium,"shellThickness, bearingEdgeOrFallback",canopus_piccolo-bronze_piccolo-bronze-14x4_14x4_metal_bronze_08f088c9
Canopus,Solid Bronze,Solid Bronze 14x5.5,14x5.5,metal,Metal,Bronze,,MISSING,MISSING,unknown,,medium,"shellThickness, bearingEdgeOrFallback",canopus_solid-bronze_solid-bronze-14x5-5_14x5-5_metal_bronze_21c94d73
Canopus,Solid Bronze,Solid Bronze 14x6.5,14x6.5,metal,Metal,Bronze,,MISSING,MISSING,unknown,,medium,"shellThickness, bearingEdgeOrFallback",canopus_solid-bronze_solid-bronze-14x6-5_14x6-5_metal_bronze_ab4e7546
Canopus,Others,12Top / 6Bottom Lugs Piccolo Snare Drum,14x4,unknown,Other / Needs Research,unknown,,MISSING,MISSING,unknown,,medium,"shellThickness, bearingEdgeOrFallback",canopus_others_12top-6bottom-lugs-piccolo-snare-drum_14x4_other-needs-research_17efbea2
Canopus,R.O.F PROJECT,R.O.F Project Snare Drum,14x6.5,unknown,Other / Needs Research,unknown,,MISSING,MISSING,unknown,,medium,"shellThickness, bearingEdgeOrFallback",canopus_r-o-f-project_r-o-f-project-snare-drum_14x6-5_other-needs-research_0c72185e
Canopus,1ply Oak,1ply Oak 14x5.5,14x5.5,wood,Steam Bent,Oak,,MISSING,MISSING,unknown,,medium,"shellThickness, bearingEdgeOrFallback",canopus_1ply-oak_1ply-oak-14x5-5_14x5-5_steam-bent_oak_e41cb5d7
Canopus,1ply Oak,1ply Oak 14x6.5,14x6.5,wood,Steam Bent,Oak,,MISSING,MISSING,unknown,,medium,"shellThickness, bearingEdgeOrFallback",canopus_1ply-oak_1ply-oak-14x6-5_14x6-5_steam-bent_oak_457d6606
Canopus,1ply Soft Maple,1ply Soft Maple 14x5.5,14x5.5,wood,Steam Bent,Maple,,MISSING,MISSING,unknown,,medium,"shellThickness, bearingEdgeOrFallback",canopus_1ply-soft-maple_1ply-soft-maple-14x5-5_14x5-5_steam-bent_maple_cd277bcc
Canopus,1ply Soft Maple,1ply Soft Maple 14x6.5,14x6.5,wood,Steam Bent,Maple,,MISSING,MISSING,unknown,,medium,"shellThickness, bearingEdgeOrFallback",canopus_1ply-soft-maple_1ply-soft-maple-14x6-5_14x6-5_steam-bent_maple_172ecd37
Canopus,Ash,Ash Snare 14x5.5,14x5.5,wood,Ply,Ash,,MISSING,MISSING,unknown,,medium,"shellThickness, bearingEdgeOrFallback",canopus_ash_ash-snare-14x5-5_14x5-5_ply_ash_6063989f
Canopus,Ash,Ash Snare 14x6.5,14x6.5,wood,Ply,Ash,,MISSING,MISSING,unknown,,medium,"shellThickness, bearingEdgeOrFallback",canopus_ash_ash-snare-14x6-5_14x6-5_ply_ash_9873ec99
Canopus,Birch,Birch Snare 14x5.5,14x5.5,wood,Ply,Birch,,MISSING,MISSING,unknown,,medium,"shellThickness, bearingEdgeOrFallback",canopus_birch_birch-snare-14x5-5_14x5-5_ply_birch_a4ab4332
Canopus,Birch,Birch Snare 14x6.5,14x6.5,wood,Ply,Birch,,MISSING,MISSING,unknown,,medium,"shellThickness, bearingEdgeOrFallback",canopus_birch_birch-snare-14x6-5_14x6-5_ply_birch_cf57c977
Canopus,Mahogany,Mahogany Snare 14x5.5,14x5.5,wood,Ply,Mahogany,,MISSING,MISSING,unknown,,medium,"shellThickness, bearingEdgeOrFallback",canopus_mahogany_mahogany-snare-14x5-5_14x5-5_ply_mahogany_5110ce16
Canopus,Mahogany,Mahogany Snare 14x6.5,14x6.5,wood,Ply,Mahogany,,MISSING,MISSING,unknown,,medium,"shellThickness, bearingEdgeOrFallback",canopus_mahogany_mahogany-snare-14x6-5_14x6-5_ply_mahogany_f72beece
Canopus,Maize Yellow Birch,Maize Yellow Birch Snare 14x5.5,14x5.5,wood,Ply,Birch,,MISSING,MISSING,unknown,,medium,"shellThickness, bearingEdgeOrFallback",canopus_maize-yellow-birch_maize-yellow-birch-snare-14x5-5_14x5-5_ply_birch_d3439fff
Canopus,Maize Yellow Birch,Maize Yellow Birch Snare 14x6.5,14x6.5,wood,Ply,Birch,,MISSING,MISSING,unknown,,medium,"shellThickness, bearingEdgeOrFallback",canopus_maize-yellow-birch_maize-yellow-birch-snare-14x6-5_14x6-5_ply_birch_069826d6
Canopus,MO,MO Snare 14x5.5,14x5.5,wood,Ply,Maple,,8mm,MISSING,unknown,,medium,bearingEdgeOrFallback,canopus_mo_mo-snare-14x5-5_14x5-5_ply_maple_8_a67de129
Canopus,MO,MO Snare 14x6.5,14x6.5,wood,Ply,Maple,,8mm,MISSING,unknown,,medium,bearingEdgeOrFallback,canopus_mo_mo-snare-14x6-5_14x6-5_ply_maple_8_202689c8
Canopus,Neo-Vintage,NV50-M1 14x5.5,14x5.5,wood,Ply,Maple / Poplar,,MISSING,MISSING,unknown,,medium,"shellThickness, bearingEdgeOrFallback",canopus_neo-vintage_nv50-m1-14x5-5_14x5-5_ply_maple-poplar_nv50-m1_6e21ff45
Canopus,Neo-Vintage,NV50-M1 14x6.5,14x6.5,wood,Ply,Maple / Poplar,,MISSING,MISSING,unknown,,medium,"shellThickness, bearingEdgeOrFallback",canopus_neo-vintage_nv50-m1-14x6-5_14x6-5_ply_maple-poplar_nv50-m1_c010d5d8
Canopus,Neo-Vintage,NV60-M1 14x5.5,14x5.5,wood,Ply,Maple / Poplar,,MISSING,MISSING,unknown,,medium,"shellThickness, bearingEdgeOrFallback",canopus_neo-vintage_nv60-m1-14x5-5_14x5-5_ply_maple-poplar_nv60-m1_3a47e2f0
Canopus,Neo-Vintage,NV60-M1 14x6.5,14x6.5,wood,Ply,Maple / Poplar,,MISSING,MISSING,unknown,,medium,"shellThickness, bearingEdgeOrFallback",canopus_neo-vintage_nv60-m1-14x6-5_14x6-5_ply_maple-poplar_nv60-m1_c63d4e1c
Canopus,Neo-Vintage,NV60-M2 14x5.5,14x5.5,wood,Ply,Maple / Poplar,,MISSING,MISSING,unknown,,medium,"shellThickness, bearingEdgeOrFallback",canopus_neo-vintage_nv60-m2-14x5-5_14x5-5_ply_maple-poplar_nv60-m2_c11658ef
Canopus,Neo-Vintage,NV60-M2 14x6.5,14x6.5,wood,Ply,Maple / Poplar,,MISSING,MISSING,unknown,,medium,"shellThickness, bearingEdgeOrFallback",canopus_neo-vintage_nv60-m2-14x6-5_14x6-5_ply_maple-poplar_nv60-m2_389e834e
Canopus,Neo-Vintage,NV60-M5 14x5.5,14x5.5,wood,Ply,Maple / Poplar,,MISSING,MISSING,unknown,,medium,"shellThickness, bearingEdgeOrFallback",canopus_neo-vintage_nv60-m5-14x5-5_14x5-5_ply_maple-poplar_nv60-m5_d0279b86
Canopus,Neo-Vintage,NV60-M5 14x6.5,14x6.5,wood,Ply,Maple / Poplar,,MISSING,MISSING,unknown,,medium,"shellThickness, bearingEdgeOrFallback",canopus_neo-vintage_nv60-m5-14x6-5_14x6-5_ply_maple-poplar_nv60-m5_a2eb0c7c
Canopus,Session Superior,Session Superior Maple 14x5.5,14x5.5,wood,Ply,Maple,,8mm,MISSING,Steel 2mm 8H,8,medium,bearingEdgeOrFallback,canopus_session-superior_session-superior-maple-14x5-5_14x5-5_ply_maple_8_acrylic-uv-lacquer_steel-2mm-8h_sm-1455_0c997611
Canopus,Session Superior,Session Superior Maple 14x6.5,14x6.5,wood,Ply,Maple,,8mm,MISSING,Steel 2mm 8H,8,medium,bearingEdgeOrFallback,canopus_session-superior_session-superior-maple-14x6-5_14x6-5_ply_maple_8_acrylic-uv-lacquer_steel-2mm-8h_sm-1465_dde28ac7
Canopus,Signature,Harvey Mason Signature Snare Drum,14x5.5,wood,Ply,Maple,,MISSING,MISSING,unknown,,medium,"shellThickness, bearingEdgeOrFallback",canopus_signature_harvey-mason-signature-snare-drum_14x5-5_ply_maple_a6caf1da
Canopus,Signature,Jonathan Pinson Signature Snare Drum,14x6.5,wood,Ply,Maple,,MISSING,MISSING,unknown,,medium,"shellThickness, bearingEdgeOrFallback",canopus_signature_jonathan-pinson-signature-snare-drum_14x6-5_ply_maple_8f7c0ea1
Canopus,Signature,Mel Taylor Snare Drum,14x5.5,wood,Ply,Maple,,MISSING,MISSING,unknown,,medium,"shellThickness, bearingEdgeOrFallback",canopus_signature_mel-taylor-snare-drum_14x5-5_ply_maple_3c0d763d
Canopus,Signature,Takashi Kashikura toe 25th Anniversary Model,14x6.5,wood,Other / Needs Research,Ash,,MISSING,MISSING,unknown,,medium,"shellThickness, bearingEdgeOrFallback",canopus_signature_takashi-kashikura-toe-25th-anniversary-model_14x6-5_other-needs-research_ash_4fda59d5
Canopus,Stabilized Wood,Stabilized Wood Snare 14x5.5,14x5.5,wood,Ply,Wood,,MISSING,MISSING,unknown,,medium,"shellThickness, bearingEdgeOrFallback",canopus_stabilized-wood_stabilized-wood-snare-14x5-5_14x5-5_ply_wood_adbd59b0
Canopus,Stabilized Wood,Stabilized Wood Snare 14x6.5,14x6.5,wood,Ply,Wood,,MISSING,MISSING,unknown,,medium,"shellThickness, bearingEdgeOrFallback",canopus_stabilized-wood_stabilized-wood-snare-14x6-5_14x6-5_ply_wood_f0cc67f8
Canopus,Stave Bubinga,Stave Bubinga 14x5.5,14x5.5,wood,Stave,Bubinga,,MISSING,MISSING,unknown,,medium,"shellThickness, bearingEdgeOrFallback",canopus_stave-bubinga_stave-bubinga-14x5-5_14x5-5_stave_bubinga_e06f32e4
Canopus,Stave Bubinga,Stave Bubinga 14x6.5,14x6.5,wood,Stave,Bubinga,,MISSING,MISSING,unknown,,medium,"shellThickness, bearingEdgeOrFallback",canopus_stave-bubinga_stave-bubinga-14x6-5_14x6-5_stave_bubinga_6965d978
Canopus,Type-R,Type-R Maple 14x5.5,14x5.5,wood,Ply,Maple,,MISSING,MISSING,unknown,,medium,"shellThickness, bearingEdgeOrFallback",canopus_type-r_type-r-maple-14x5-5_14x5-5_ply_maple_1f9bcdc4
Canopus,Type-R,Type-R Maple 14x6.5,14x6.5,wood,Ply,Maple,,MISSING,MISSING,unknown,,medium,"shellThickness, bearingEdgeOrFallback",canopus_type-r_type-r-maple-14x6-5_14x6-5_ply_maple_74141835
Canopus,YAIBA II Birch,YAIBA II Birch 14x5.5,14x5.5,wood,Ply,Birch,,MISSING,MISSING,2.3mm Power Hoop / 8H,8,medium,"shellThickness, bearingEdgeOrFallback",canopus_yaiba-ii-birch_yaiba-ii-birch-14x5-5_14x5-5_ply_birch_forced-hardening-lacquer_2-3mm-power-hoop-8h_jsb-1455_ea39a253
Canopus,YAIBA II Birch,YAIBA II Birch 14x6.5,14x6.5,wood,Ply,Birch,,MISSING,MISSING,2.3mm Power Hoop / 8H,8,medium,"shellThickness, bearingEdgeOrFallback",canopus_yaiba-ii-birch_yaiba-ii-birch-14x6-5_14x6-5_ply_birch_forced-hardening-lacquer_2-3mm-power-hoop-8h_jsb-1465_74386dba
Canopus,YAIBA II Maple,YAIBA II Maple 14x5.5,14x5.5,wood,Ply,Maple,,MISSING,MISSING,2.3mm Power Hoop / 8H,8,medium,"shellThickness, bearingEdgeOrFallback",canopus_yaiba-ii-maple_yaiba-ii-maple-14x5-5_14x5-5_ply_maple_forced-hardening-lacquer_2-3mm-power-hoop-8h_jsm-1455_19d8ea83
Canopus,YAIBA II Maple,YAIBA II Maple 14x6.5,14x6.5,wood,Ply,Maple,,MISSING,MISSING,2.3mm Power Hoop / 8H,8,medium,"shellThickness, bearingEdgeOrFallback",canopus_yaiba-ii-maple_yaiba-ii-maple-14x6-5_14x6-5_ply_maple_forced-hardening-lacquer_2-3mm-power-hoop-8h_jsm-1465_a9c3478f
Canopus,Zelkova GINRAN,Zelkova GINRAN,14x6.5,wood,Solid Shell,Zelkova,,14mm,MISSING,Die-Cast / 8,8,medium,bearingEdgeOrFallback,canopus_zelkova-ginran_zelkova-ginran_14x6-5_solid-shell_zelkova_14_die-cast-8_02ef799a
Craviotto,Diamond Series / AK Collaboration,Diamond Series Copper 5.5x14,14x5.5,metal,Solid Shell,Copper,,MISSING,MISSING,Triple-Flanged Hoops,10,medium,"shellThickness, bearingEdgeOrFallback",craviotto_diamond-series-ak-collaboration_diamond-series-copper-5-5x14_14x5-5_solid-shell_copper_metal-bearing-edge-unkn_7896ed5b
Craviotto,Diamond Series / AK Collaboration,Diamond Series Copper 6.5x14,14x6.5,metal,Solid Shell,Copper,,MISSING,MISSING,Triple-Flanged Hoops,10,medium,"shellThickness, bearingEdgeOrFallback",craviotto_diamond-series-ak-collaboration_diamond-series-copper-6-5x14_14x6-5_solid-shell_copper_metal-bearing-edge-unkn_32d26cdf
Craviotto,Custom Shop Solid Shell,Custom Shop Ash Solid Shell 5.5x14,14x5.5,wood,Steam Bent,Ash,,MISSING,45° bearing edges,Triple-Flanged Hoops,10,medium,shellThickness,craviotto_custom-shop-solid-shell_custom-shop-ash-solid-shell-5-5x14_14x5-5_steam-bent_ash_45-bearing-edges_satin-oil-la_f1d11cf6
Craviotto,Custom Shop Solid Shell,Custom Shop Ash Solid Shell 6.5x14,14x6.5,wood,Steam Bent,Ash,,MISSING,45° bearing edges,Triple-Flanged Hoops,10,medium,shellThickness,craviotto_custom-shop-solid-shell_custom-shop-ash-solid-shell-6-5x14_14x6-5_steam-bent_ash_45-bearing-edges_satin-oil-la_b447c46a
Craviotto,Custom Shop Solid Shell,Custom Shop Birch Solid Shell 5.5x14,14x5.5,wood,Steam Bent,Birch,,MISSING,45° bearing edges,Triple-Flanged Hoops,10,medium,shellThickness,craviotto_custom-shop-solid-shell_custom-shop-birch-solid-shell-5-5x14_14x5-5_steam-bent_birch_45-bearing-edges_satin-oi_7baa6ec9
Craviotto,Custom Shop Solid Shell,Custom Shop Birch Solid Shell 6.5x14,14x6.5,wood,Steam Bent,Birch,,MISSING,45° bearing edges,Triple-Flanged Hoops,10,medium,shellThickness,craviotto_custom-shop-solid-shell_custom-shop-birch-solid-shell-6-5x14_14x6-5_steam-bent_birch_45-bearing-edges_satin-oi_db7b6f8b
Craviotto,Custom Shop Solid Shell,Custom Shop Cherry Solid Shell 5.5x13,13x5.5,wood,Steam Bent,Cherry,,MISSING,45° bearing edges,Triple-Flanged Hoops,10,medium,shellThickness,craviotto_custom-shop-solid-shell_custom-shop-cherry-solid-shell-5-5x13_13x5-5_steam-bent_cherry_45-bearing-edges_satin-_e214d01a
Craviotto,Custom Shop Solid Shell,Custom Shop Cherry Solid Shell 5.5x14,14x5.5,wood,Steam Bent,Cherry,,MISSING,45° bearing edges,Triple-Flanged Hoops,10,medium,shellThickness,craviotto_custom-shop-solid-shell_custom-shop-cherry-solid-shell-5-5x14_14x5-5_steam-bent_cherry_45-bearing-edges_satin-_9488cfa0
Craviotto,Custom Shop Solid Shell,Custom Shop Cherry Solid Shell 5x12,12x5,wood,Steam Bent,Cherry,,MISSING,45° bearing edges,Triple-Flanged Hoops,10,medium,shellThickness,craviotto_custom-shop-solid-shell_custom-shop-cherry-solid-shell-5x12_12x5_steam-bent_cherry_45-bearing-edges_satin-oil-_a4e4c673
Craviotto,Custom Shop Solid Shell,Custom Shop Cherry Solid Shell 6.5x14,14x6.5,wood,Steam Bent,Cherry,,MISSING,45° bearing edges,Triple-Flanged Hoops,10,medium,shellThickness,craviotto_custom-shop-solid-shell_custom-shop-cherry-solid-shell-6-5x14_14x6-5_steam-bent_cherry_45-bearing-edges_satin-_bed9f21c
Craviotto,Custom Shop Solid Shell,Custom Shop Cherry Solid Shell 7x14,14x7,wood,Steam Bent,Cherry,,MISSING,45° bearing edges,Triple-Flanged Hoops,10,medium,shellThickness,craviotto_custom-shop-solid-shell_custom-shop-cherry-solid-shell-7x14_14x7_steam-bent_cherry_45-bearing-edges_satin-oil-_d6db57ea
Craviotto,Custom Shop Solid Shell,Custom Shop Cherry Solid Shell 8x14,14x8,wood,Steam Bent,Cherry,,MISSING,45° bearing edges,Triple-Flanged Hoops,10,medium,shellThickness,craviotto_custom-shop-solid-shell_custom-shop-cherry-solid-shell-8x14_14x8_steam-bent_cherry_45-bearing-edges_satin-oil-_00c24701
Craviotto,Custom Shop Solid Shell,Custom Shop Mahogany Solid Shell 5.5x13,13x5.5,wood,Steam Bent,Mahogany,,MISSING,45° bearing edges,Triple-Flanged Hoops,10,medium,shellThickness,craviotto_custom-shop-solid-shell_custom-shop-mahogany-solid-shell-5-5x13_13x5-5_steam-bent_mahogany_45-bearing-edges_sa_a4ed5427
Craviotto,Custom Shop Solid Shell,Custom Shop Mahogany Solid Shell 5.5x14,14x5.5,wood,Steam Bent,Mahogany,,MISSING,45° bearing edges,Triple-Flanged Hoops,10,medium,shellThickness,craviotto_custom-shop-solid-shell_custom-shop-mahogany-solid-shell-5-5x14_14x5-5_steam-bent_mahogany_45-bearing-edges_sa_b3aea877
Craviotto,Custom Shop Solid Shell,Custom Shop Mahogany Solid Shell 5x12,12x5,wood,Steam Bent,Mahogany,,MISSING,45° bearing edges,Triple-Flanged Hoops,10,medium,shellThickness,craviotto_custom-shop-solid-shell_custom-shop-mahogany-solid-shell-5x12_12x5_steam-bent_mahogany_45-bearing-edges_satin-_047b1ecb
Craviotto,Custom Shop Solid Shell,Custom Shop Mahogany Solid Shell 6.5x14,14x6.5,wood,Steam Bent,Mahogany,,MISSING,45° bearing edges,Triple-Flanged Hoops,10,medium,shellThickness,craviotto_custom-shop-solid-shell_custom-shop-mahogany-solid-shell-6-5x14_14x6-5_steam-bent_mahogany_45-bearing-edges_sa_fca69913
Craviotto,Custom Shop Solid Shell,Custom Shop Mahogany Solid Shell 7x14,14x7,wood,Steam Bent,Mahogany,,MISSING,45° bearing edges,Triple-Flanged Hoops,10,medium,shellThickness,craviotto_custom-shop-solid-shell_custom-shop-mahogany-solid-shell-7x14_14x7_steam-bent_mahogany_45-bearing-edges_satin-_0b462145
Craviotto,Custom Shop Solid Shell,Custom Shop Mahogany Solid Shell 8x14,14x8,wood,Steam Bent,Mahogany,,MISSING,45° bearing edges,Triple-Flanged Hoops,10,medium,shellThickness,craviotto_custom-shop-solid-shell_custom-shop-mahogany-solid-shell-8x14_14x8_steam-bent_mahogany_45-bearing-edges_satin-_42d2a3ce
Craviotto,Custom Shop Solid Shell,Custom Shop Maple Solid Shell 5.5x13,13x5.5,wood,Steam Bent,Maple,,MISSING,45° bearing edges,Triple-Flanged Hoops,10,medium,shellThickness,craviotto_custom-shop-solid-shell_custom-shop-maple-solid-shell-5-5x13_13x5-5_steam-bent_maple_45-bearing-edges_satin-oi_4c49c5f2
Craviotto,Custom Shop Solid Shell,Custom Shop Maple Solid Shell 5.5x14,14x5.5,wood,Steam Bent,Maple,,MISSING,45° bearing edges,Triple-Flanged Hoops,10,medium,shellThickness,craviotto_custom-shop-solid-shell_custom-shop-maple-solid-shell-5-5x14_14x5-5_steam-bent_maple_45-bearing-edges_satin-oi_e6ac048b
Craviotto,Custom Shop Solid Shell,Custom Shop Maple Solid Shell 5x12,12x5,wood,Steam Bent,Maple,,MISSING,45° bearing edges,Triple-Flanged Hoops,10,medium,shellThickness,craviotto_custom-shop-solid-shell_custom-shop-maple-solid-shell-5x12_12x5_steam-bent_maple_45-bearing-edges_satin-oil-la_196306b4
Craviotto,Custom Shop Solid Shell,Custom Shop Maple Solid Shell 6.5x14,14x6.5,wood,Steam Bent,Maple,,MISSING,45° bearing edges,Triple-Flanged Hoops,10,medium,shellThickness,craviotto_custom-shop-solid-shell_custom-shop-maple-solid-shell-6-5x14_14x6-5_steam-bent_maple_45-bearing-edges_satin-oi_64598153
Craviotto,Custom Shop Solid Shell,Custom Shop Maple Solid Shell 7x14,14x7,wood,Steam Bent,Maple,,MISSING,45° bearing edges,Triple-Flanged Hoops,10,medium,shellThickness,craviotto_custom-shop-solid-shell_custom-shop-maple-solid-shell-7x14_14x7_steam-bent_maple_45-bearing-edges_satin-oil-la_895302ac
Craviotto,Custom Shop Solid Shell,Custom Shop Maple Solid Shell 8x14,14x8,wood,Steam Bent,Maple,,MISSING,45° bearing edges,Triple-Flanged Hoops,10,medium,shellThickness,craviotto_custom-shop-solid-shell_custom-shop-maple-solid-shell-8x14_14x8_steam-bent_maple_45-bearing-edges_satin-oil-la_d6af6462
Craviotto,Custom Shop Solid Shell,Custom Shop Poplar Solid Shell 5.5x14,14x5.5,wood,Steam Bent,Poplar,,MISSING,45° bearing edges,Triple-Flanged Hoops,10,medium,shellThickness,craviotto_custom-shop-solid-shell_custom-shop-poplar-solid-shell-5-5x14_14x5-5_steam-bent_poplar_45-bearing-edges_satin-_f405440f
Craviotto,Custom Shop Solid Shell,Custom Shop Poplar Solid Shell 6.5x14,14x6.5,wood,Steam Bent,Poplar,,MISSING,45° bearing edges,Triple-Flanged Hoops,10,medium,shellThickness,craviotto_custom-shop-solid-shell_custom-shop-poplar-solid-shell-6-5x14_14x6-5_steam-bent_poplar_45-bearing-edges_satin-_8c35ff3c
Craviotto,Custom Shop Solid Shell,Custom Shop Walnut Solid Shell 5.5x13,13x5.5,wood,Steam Bent,Walnut,,MISSING,45° bearing edges,Triple-Flanged Hoops,10,medium,shellThickness,craviotto_custom-shop-solid-shell_custom-shop-walnut-solid-shell-5-5x13_13x5-5_steam-bent_walnut_45-bearing-edges_satin-_a708ee0a
Craviotto,Custom Shop Solid Shell,Custom Shop Walnut Solid Shell 5.5x14,14x5.5,wood,Steam Bent,Walnut,,MISSING,45° bearing edges,Triple-Flanged Hoops,10,medium,shellThickness,craviotto_custom-shop-solid-shell_custom-shop-walnut-solid-shell-5-5x14_14x5-5_steam-bent_walnut_45-bearing-edges_satin-_bf102941
Craviotto,Custom Shop Solid Shell,Custom Shop Walnut Solid Shell 5x12,12x5,wood,Steam Bent,Walnut,,MISSING,45° bearing edges,Triple-Flanged Hoops,10,medium,shellThickness,craviotto_custom-shop-solid-shell_custom-shop-walnut-solid-shell-5x12_12x5_steam-bent_walnut_45-bearing-edges_satin-oil-_e5cbb0fa
Craviotto,Custom Shop Solid Shell,Custom Shop Walnut Solid Shell 6.5x14,14x6.5,wood,Steam Bent,Walnut,,MISSING,45° bearing edges,Triple-Flanged Hoops,10,medium,shellThickness,craviotto_custom-shop-solid-shell_custom-shop-walnut-solid-shell-6-5x14_14x6-5_steam-bent_walnut_45-bearing-edges_satin-_40b089f6
Craviotto,Custom Shop Solid Shell,Custom Shop Walnut Solid Shell 7x14,14x7,wood,Steam Bent,Walnut,,MISSING,45° bearing edges,Triple-Flanged Hoops,10,medium,shellThickness,craviotto_custom-shop-solid-shell_custom-shop-walnut-solid-shell-7x14_14x7_steam-bent_walnut_45-bearing-edges_satin-oil-_92e77b5e
Craviotto,Custom Shop Solid Shell,Custom Shop Walnut Solid Shell 8x14,14x8,wood,Steam Bent,Walnut,,MISSING,45° bearing edges,Triple-Flanged Hoops,10,medium,shellThickness,craviotto_custom-shop-solid-shell_custom-shop-walnut-solid-shell-8x14_14x8_steam-bent_walnut_45-bearing-edges_satin-oil-_cba3228b
Craviotto,Custom Shop Stacked Solid,Stacked Solid Ash/Maple 6.5x14,14x6.5,wood,Steam Bent,Ash,Maple,MISSING,45° bearing edges,Triple-Flanged Hoops,10,medium,shellThickness,craviotto_custom-shop-stacked-solid_stacked-solid-ash-maple-6-5x14_14x6-5_steam-bent_ash_maple_45-bearing-edges_satin-oi_7f9daee0
Craviotto,Custom Shop Stacked Solid,Stacked Solid Cherry/Mahogany 6.5x14,14x6.5,wood,Steam Bent,Cherry,Mahogany,MISSING,45° bearing edges,Triple-Flanged Hoops,10,medium,shellThickness,craviotto_custom-shop-stacked-solid_stacked-solid-cherry-mahogany-6-5x14_14x6-5_steam-bent_cherry_mahogany_45-bearing-ed_006914d9
Craviotto,Custom Shop Stacked Solid,Stacked Solid Cherry/Walnut 6.5x14,14x6.5,wood,Steam Bent,Cherry,Walnut,MISSING,45° bearing edges,Triple-Flanged Hoops,10,medium,shellThickness,craviotto_custom-shop-stacked-solid_stacked-solid-cherry-walnut-6-5x14_14x6-5_steam-bent_cherry_walnut_45-bearing-edges__c29fd114
Craviotto,Custom Shop Stacked Solid,Stacked Solid Mahogany/Maple 6.5x14,14x6.5,wood,Steam Bent,Mahogany,Maple,MISSING,45° bearing edges,Triple-Flanged Hoops,10,medium,shellThickness,craviotto_custom-shop-stacked-solid_stacked-solid-mahogany-maple-6-5x14_14x6-5_steam-bent_mahogany_maple_45-bearing-edge_2f2dc60e
Craviotto,Custom Shop Stacked Solid,Stacked Solid Maple/Walnut 6.5x14,14x6.5,wood,Steam Bent,Maple,Walnut,MISSING,45° bearing edges,Triple-Flanged Hoops,10,medium,shellThickness,craviotto_custom-shop-stacked-solid_stacked-solid-maple-walnut-6-5x14_14x6-5_steam-bent_maple_walnut_45-bearing-edges_sa_f2bce3c9
Craviotto,Custom Shop Stacked Solid,Stacked Solid Sycamore/Mahogany 6.5x14,14x6.5,wood,Steam Bent,Sycamore,Mahogany,MISSING,45° bearing edges,Triple-Flanged Hoops,10,medium,shellThickness,craviotto_custom-shop-stacked-solid_stacked-solid-sycamore-mahogany-6-5x14_14x6-5_steam-bent_sycamore_mahogany_45-bearin_d23a87e4
Craviotto,Custom Shop Stacked Solid,Stacked Solid Walnut/Ash/Walnut 6.5x14,14x6.5,wood,Steam Bent,Walnut,Ash,MISSING,45° bearing edges,Triple-Flanged Hoops,10,medium,shellThickness,craviotto_custom-shop-stacked-solid_stacked-solid-walnut-ash-walnut-6-5x14_14x6-5_steam-bent_walnut_ash_walnut_45-bearin_f47f02c6
Craviotto,DW / Craviotto Era,DW Craviotto Solid Maple 5.5x14,14x5.5,wood,Steam Bent,Maple,,MISSING,45° bearing edges,Die-Cast Hoops,10,medium,shellThickness,craviotto_dw-craviotto-era_dw-craviotto-solid-maple-5-5x14_14x5-5_steam-bent_maple_45-bearing-edges_satin-oil-lacquer-op_0a38d6b4
Craviotto,DW / Craviotto Era,DW Craviotto Solid Maple 6.5x14,14x6.5,wood,Steam Bent,Maple,,MISSING,45° bearing edges,Die-Cast Hoops,10,medium,shellThickness,craviotto_dw-craviotto-era_dw-craviotto-solid-maple-6-5x14_14x6-5_steam-bent_maple_45-bearing-edges_satin-oil-lacquer-op_602e146c
Craviotto,Limited Edition,Diamond Tube Lug Ash 5.5x14,14x5.5,wood,Steam Bent,Ash,,MISSING,45° bearing edges,Triple-Flanged Hoops,10,medium,shellThickness,craviotto_limited-edition_diamond-tube-lug-ash-5-5x14_14x5-5_steam-bent_ash_45-bearing-edges_satin-oil-lacquer-options_t_b5be3c99
Craviotto,Limited Edition,Diamond Tube Lug Birdseye Maple 5.5x14,14x5.5,wood,Steam Bent,Maple,Maple,MISSING,45° bearing edges,Triple-Flanged Hoops,10,medium,shellThickness,craviotto_limited-edition_diamond-tube-lug-birdseye-maple-5-5x14_14x5-5_steam-bent_maple_maple_45-bearing-edges_satin-oi_11a8ee68
Craviotto,Limited Edition,Diamond Tube Lug Black Cherry 5.5x14,14x5.5,wood,Steam Bent,Cherry,,MISSING,45° bearing edges,Triple-Flanged Hoops,10,medium,shellThickness,craviotto_limited-edition_diamond-tube-lug-black-cherry-5-5x14_14x5-5_steam-bent_cherry_45-bearing-edges_satin-oil-lacqu_96e56440
Craviotto,Limited Edition,Diamond Tube Lug Mahogany 5.5x14,14x5.5,wood,Steam Bent,Mahogany,,MISSING,45° bearing edges,Triple-Flanged Hoops,10,medium,shellThickness,craviotto_limited-edition_diamond-tube-lug-mahogany-5-5x14_14x5-5_steam-bent_mahogany_45-bearing-edges_satin-oil-lacquer_b1d3fcd1
Craviotto,Private Reserve,Private Reserve Mappa Burl/Walnut 6.5x14,14x6.5,wood,Steam Bent,Walnut,Mappa Burl veneer,MISSING,45° bearing edges,Triple-Flanged Hoops,10,medium,shellThickness,craviotto_private-reserve_private-reserve-mappa-burl-walnut-6-5x14_14x6-5_steam-bent_walnut_mappa-burl-veneer_45-bearing_9011056d
Craviotto,Private Reserve,Private Reserve Sycamore/Mahogany 6.5x14,14x6.5,wood,Steam Bent,Sycamore,Mahogany,MISSING,45° bearing edges,Triple-Flanged Hoops,10,medium,shellThickness,craviotto_private-reserve_private-reserve-sycamore-mahogany-6-5x14_14x6-5_steam-bent_sycamore_mahogany_45-bearing-edges__e8c2552c
Dunnett Classic Drums,2N Model 2N,Aluminum Hammered,14x5.5,metal,Metal,Aluminum,,MISSING,MISSING,Triple-flange / cold-rolled varies,810,medium,"shellThickness, bearingEdgeOrFallback",dunnett-classic-drums_2n-model-2n_aluminum-hammered_14x5-5_metal_aluminum_natural-raw-custom_triple-flange-cold-rolled-v_3960dc4b
Dunnett Classic Drums,2N Model 2N,Aluminum Hammered,14x6.5,metal,Metal,Aluminum,,MISSING,MISSING,Triple-flange / cold-rolled varies,810,medium,"shellThickness, bearingEdgeOrFallback",dunnett-classic-drums_2n-model-2n_aluminum-hammered_14x6-5_metal_aluminum_natural-raw-custom_triple-flange-cold-rolled-v_0827ecdc
Dunnett Classic Drums,2N Model 2N,Brass Hammered,14x5.5,metal,Metal,Brass,,MISSING,MISSING,Triple-flange / cold-rolled varies,810,medium,"shellThickness, bearingEdgeOrFallback",dunnett-classic-drums_2n-model-2n_brass-hammered_14x5-5_metal_brass_natural-raw-custom_triple-flange-cold-rolled-varies__eebbfcdf
Dunnett Classic Drums,2N Model 2N,Brass Hammered,14x6.5,metal,Metal,Brass,,MISSING,MISSING,Triple-flange / cold-rolled varies,810,medium,"shellThickness, bearingEdgeOrFallback",dunnett-classic-drums_2n-model-2n_brass-hammered_14x6-5_metal_brass_natural-raw-custom_triple-flange-cold-rolled-varies__8d852c1e
Dunnett Classic Drums,2N Model 2N,Model 2N Chrome Over Brass,13x6.5,metal,Metal,Brass,,MISSING,MISSING,Triple-flange / cold-rolled varies,810,medium,"shellThickness, bearingEdgeOrFallback",dunnett-classic-drums_2n-model-2n_model-2n-chrome-over-brass_13x6-5_metal_brass_chrome-over-brass_triple-flange-cold-rol_c1198bb3
Dunnett Classic Drums,2N Model 2N,Model 2N Chrome Over Brass,14x5.5,metal,Metal,Brass,,MISSING,MISSING,Triple-flange / cold-rolled varies,810,medium,"shellThickness, bearingEdgeOrFallback",dunnett-classic-drums_2n-model-2n_model-2n-chrome-over-brass_14x5-5_metal_brass_chrome-over-brass_triple-flange-cold-rol_1ddde8a3
Dunnett Classic Drums,2N Model 2N,Model 2N Chrome Over Brass,14x6.5,metal,Metal,Brass,,MISSING,MISSING,Triple-flange / cold-rolled varies,810,medium,"shellThickness, bearingEdgeOrFallback",dunnett-classic-drums_2n-model-2n_model-2n-chrome-over-brass_14x6-5_metal_brass_chrome-over-brass_triple-flange-cold-rol_b8711a5f
Dunnett Classic Drums,2N Model 2N,Model 2N Chrome Over Brass,14x7,metal,Metal,Brass,,MISSING,MISSING,Triple-flange / cold-rolled varies,810,medium,"shellThickness, bearingEdgeOrFallback",dunnett-classic-drums_2n-model-2n_model-2n-chrome-over-brass_14x7_metal_brass_chrome-over-brass_triple-flange-cold-rolle_2dbb8879
Dunnett Classic Drums,2N Model 2N,Model 2N Modelling Aluminum,13x6.5,metal,Metal,Aluminum,,MISSING,MISSING,Triple-flange / cold-rolled varies,810,medium,"shellThickness, bearingEdgeOrFallback",dunnett-classic-drums_2n-model-2n_model-2n-modelling-aluminum_13x6-5_metal_aluminum_brushed-polished-aluminum_triple-fla_92eab1ce
Dunnett Classic Drums,2N Model 2N,Model 2N Modelling Aluminum,14x5.5,metal,Metal,Aluminum,,MISSING,MISSING,Triple-flange / cold-rolled varies,810,medium,"shellThickness, bearingEdgeOrFallback",dunnett-classic-drums_2n-model-2n_model-2n-modelling-aluminum_14x5-5_metal_aluminum_brushed-polished-aluminum_triple-fla_21da78c0
Dunnett Classic Drums,2N Model 2N,Model 2N Modelling Aluminum,14x6.5,metal,Metal,Aluminum,,MISSING,MISSING,Triple-flange / cold-rolled varies,810,medium,"shellThickness, bearingEdgeOrFallback",dunnett-classic-drums_2n-model-2n_model-2n-modelling-aluminum_14x6-5_metal_aluminum_brushed-polished-aluminum_triple-fla_4b7ab74a
Dunnett Classic Drums,Components / Custom,Dunnett Components Custom Brass,14x6.5,metal,Metal,Brass,,MISSING,MISSING,Varies,810,medium,"shellThickness, bearingEdgeOrFallback",dunnett-classic-drums_components-custom_dunnett-components-custom-brass_14x6-5_metal_brass_custom_varies_co-custom-brass_570ea014
Dunnett Classic Drums,Components / Custom,Dunnett Components Custom Copper,14x6.5,metal,Metal,Copper,,MISSING,MISSING,Varies,810,medium,"shellThickness, bearingEdgeOrFallback",dunnett-classic-drums_components-custom_dunnett-components-custom-copper_14x6-5_metal_copper_custom_varies_co-custom-cop_172eba68
Dunnett Classic Drums,Dreamtime,Dreamtime Stainless,14x6.5,metal,Metal,Stainless Steel,,MISSING,MISSING,Varies,10,medium,"shellThickness, bearingEdgeOrFallback",dunnett-classic-drums_dreamtime_dreamtime-stainless_14x6-5_metal_stainless-steel_artist-engraved-specialty-finish_varies_c73f16a9
Dunnett Classic Drums,Dreamtime,Dreamtime Titanium,14x6.5,metal,Metal,Titanium,,MISSING,MISSING,Varies,10,medium,"shellThickness, bearingEdgeOrFallback",dunnett-classic-drums_dreamtime_dreamtime-titanium_14x6-5_metal_titanium_artist-engraved-specialty-finish_varies_dream-t_3a021c25
Dunnett Classic Drums,James Trussart Rust-O-Matic,James Trussart Rust O Matic Full Paisley Steel,14x6.5,metal,Metal,Steel,,MISSING,MISSING,Triple-flange / varies,10,medium,"shellThickness, bearingEdgeOrFallback",dunnett-classic-drums_james-trussart-rust-o-matic_james-trussart-rust-o-matic-full-paisley-steel_14x6-5_metal_steel_rust_65b9dbbe
Dunnett Classic Drums,K Model K,Model K,14x5.5,metal,Metal,Bronze,,MISSING,MISSING,Triple-flange / cold-rolled varies,810,medium,"shellThickness, bearingEdgeOrFallback",dunnett-classic-drums_k-model-k_model-k_14x5-5_metal_bronze_raw-patina-polished_triple-flange-cold-rolled-varies_5514k_c961e22f
Dunnett Classic Drums,K Model K,Model K,14x6.5,metal,Metal,Bronze,,MISSING,MISSING,Triple-flange / cold-rolled varies,810,medium,"shellThickness, bearingEdgeOrFallback",dunnett-classic-drums_k-model-k_model-k_14x6-5_metal_bronze_raw-patina-polished_triple-flange-cold-rolled-varies_6514k_f790b353
Dunnett Classic Drums,K Model K,Model K,14x7,metal,Metal,Bronze,,MISSING,MISSING,Triple-flange / cold-rolled varies,810,medium,"shellThickness, bearingEdgeOrFallback",dunnett-classic-drums_k-model-k_model-k_14x7_metal_bronze_raw-patina-polished_triple-flange-cold-rolled-varies_714k_e0c9d550
Dunnett Classic Drums,Mg Magnesium,Magnesium,13x6.5,metal,Metal,Magnesium,,MISSING,MISSING,Triple-flange / cold-rolled varies,810,medium,"shellThickness, bearingEdgeOrFallback",dunnett-classic-drums_mg-magnesium_magnesium_13x6-5_metal_magnesium_raw-brushed_triple-flange-cold-rolled-varies_6513mg_54cb06bc
Dunnett Classic Drums,Mg Magnesium,Magnesium,14x5.5,metal,Metal,Magnesium,,MISSING,MISSING,Triple-flange / cold-rolled varies,810,medium,"shellThickness, bearingEdgeOrFallback",dunnett-classic-drums_mg-magnesium_magnesium_14x5-5_metal_magnesium_raw-brushed_triple-flange-cold-rolled-varies_5514mg_99802b50
Dunnett Classic Drums,Mg Magnesium,Magnesium,14x6.5,metal,Metal,Magnesium,,MISSING,MISSING,Triple-flange / cold-rolled varies,810,medium,"shellThickness, bearingEdgeOrFallback",dunnett-classic-drums_mg-magnesium_magnesium_14x6-5_metal_magnesium_raw-brushed_triple-flange-cold-rolled-varies_6514mg_6a37e040
Dunnett Classic Drums,Ss Stainless,Stainless Steel,13x7,metal,Metal,Stainless Steel,,MISSING,MISSING,Triple-flange / cold-rolled varies,810,medium,"shellThickness, bearingEdgeOrFallback",dunnett-classic-drums_ss-stainless_stainless-steel_13x7_metal_stainless-steel_polished-raw-brushed_triple-flange-cold-ro_a83f1d2a
Dunnett Classic Drums,Ss Stainless,Stainless Steel,14x4,metal,Metal,Stainless Steel,,MISSING,MISSING,Triple-flange / cold-rolled varies,810,medium,"shellThickness, bearingEdgeOrFallback",dunnett-classic-drums_ss-stainless_stainless-steel_14x4_metal_stainless-steel_polished-raw-brushed_triple-flange-cold-ro_b6720126
Dunnett Classic Drums,Ss Stainless,Stainless Steel,14x5.5,metal,Metal,Stainless Steel,,MISSING,MISSING,Triple-flange / cold-rolled varies,810,medium,"shellThickness, bearingEdgeOrFallback",dunnett-classic-drums_ss-stainless_stainless-steel_14x5-5_metal_stainless-steel_polished-raw-brushed_triple-flange-cold-_bb4adfeb
Dunnett Classic Drums,Ss Stainless,Stainless Steel,14x6.5,metal,Metal,Stainless Steel,,MISSING,MISSING,Triple-flange / cold-rolled varies,810,medium,"shellThickness, bearingEdgeOrFallback",dunnett-classic-drums_ss-stainless_stainless-steel_14x6-5_metal_stainless-steel_polished-raw-brushed_triple-flange-cold-_a0c4f6ae
Dunnett Classic Drums,Ss Stainless,Stainless Steel,14x7,metal,Metal,Stainless Steel,,MISSING,MISSING,Triple-flange / cold-rolled varies,810,medium,"shellThickness, bearingEdgeOrFallback",dunnett-classic-drums_ss-stainless_stainless-steel_14x7_metal_stainless-steel_polished-raw-brushed_triple-flange-cold-ro_8040ae7a
Dunnett Classic Drums,Ss Stainless,Stainless Steel Hammered,14x5.5,metal,Metal,Stainless Steel,,MISSING,MISSING,Triple-flange / cold-rolled varies,810,medium,"shellThickness, bearingEdgeOrFallback",dunnett-classic-drums_ss-stainless_stainless-steel-hammered_14x5-5_metal_stainless-steel_natural-raw-custom_triple-flang_ade2dc82
Dunnett Classic Drums,Ss Stainless,Stainless Steel Hammered,14x6.5,metal,Metal,Stainless Steel,,MISSING,MISSING,Triple-flange / cold-rolled varies,810,medium,"shellThickness, bearingEdgeOrFallback",dunnett-classic-drums_ss-stainless_stainless-steel-hammered_14x6-5_metal_stainless-steel_natural-raw-custom_triple-flang_6b7e9e82
Dunnett Classic Drums,Ti Titanium,Titanium,12x5,metal,Metal,Titanium,,MISSING,MISSING,Triple-flange / cold-rolled varies,810,medium,"shellThickness, bearingEdgeOrFallback",dunnett-classic-drums_ti-titanium_titanium_12x5_metal_titanium_raw-polished-anodized_triple-flange-cold-rolled-varies_51_11b0a56e
Dunnett Classic Drums,Ti Titanium,Titanium,13x7,metal,Metal,Titanium,,MISSING,MISSING,Triple-flange / cold-rolled varies,810,medium,"shellThickness, bearingEdgeOrFallback",dunnett-classic-drums_ti-titanium_titanium_13x7_metal_titanium_raw-polished-anodized_triple-flange-cold-rolled-varies_71_e6e58a5f
Dunnett Classic Drums,Ti Titanium,Titanium,14x5.5,metal,Metal,Titanium,,MISSING,MISSING,Triple-flange / cold-rolled varies,810,medium,"shellThickness, bearingEdgeOrFallback",dunnett-classic-drums_ti-titanium_titanium_14x5-5_metal_titanium_raw-polished-anodized_triple-flange-cold-rolled-varies__6eed2604
Dunnett Classic Drums,Ti Titanium,Titanium,14x6.5,metal,Metal,Titanium,,MISSING,MISSING,Triple-flange / cold-rolled varies,810,medium,"shellThickness, bearingEdgeOrFallback",dunnett-classic-drums_ti-titanium_titanium_14x6-5_metal_titanium_raw-polished-anodized_triple-flange-cold-rolled-varies__262af3a0
Dunnett Classic Drums,Ti Titanium,Titanium,14x7,metal,Metal,Titanium,,MISSING,MISSING,Triple-flange / cold-rolled varies,810,medium,"shellThickness, bearingEdgeOrFallback",dunnett-classic-drums_ti-titanium_titanium_14x7_metal_titanium_raw-polished-anodized_triple-flange-cold-rolled-varies_71_633fedaa
Dunnett Classic Drums,Ti Titanium,Titanium Hammered,14x5.5,metal,Metal,Titanium,,MISSING,MISSING,Triple-flange / cold-rolled varies,810,medium,"shellThickness, bearingEdgeOrFallback",dunnett-classic-drums_ti-titanium_titanium-hammered_14x5-5_metal_titanium_natural-raw-custom_triple-flange-cold-rolled-v_ecf3c5e5
Dunnett Classic Drums,Ti Titanium,Titanium Hammered,14x6.5,metal,Metal,Titanium,,MISSING,MISSING,Triple-flange / cold-rolled varies,810,medium,"shellThickness, bearingEdgeOrFallback",dunnett-classic-drums_ti-titanium_titanium-hammered_14x6-5_metal_titanium_natural-raw-custom_triple-flange-cold-rolled-v_48df1dc0
Dunnett Classic Drums,Components / Custom,Dunnett Components Custom Maple,14x6.5,wood,Ply,Maple,,MISSING,MISSING,Varies,810,medium,"shellThickness, bearingEdgeOrFallback",dunnett-classic-drums_components-custom_dunnett-components-custom-maple_14x6-5_ply_maple_custom_varies_co-custom-maple_6a1b222f
Dunnett Classic Drums,Mp Monoply,Monoply Solid Bamboo,14x5.5,wood,Solid Shell,Bamboo,,MISSING,MISSING,Cold-rolled hoops,810,medium,"shellThickness, bearingEdgeOrFallback",dunnett-classic-drums_mp-monoply_monoply-solid-bamboo_14x5-5_solid-shell_bamboo_natural-raw-custom_cold-rolled-hoops_551_ca12ba24
Dunnett Classic Drums,Mp Monoply,Monoply Solid Bamboo,14x6.5,wood,Solid Shell,Bamboo,,MISSING,MISSING,Cold-rolled hoops,810,medium,"shellThickness, bearingEdgeOrFallback",dunnett-classic-drums_mp-monoply_monoply-solid-bamboo_14x6-5_solid-shell_bamboo_natural-raw-custom_cold-rolled-hoops_651_1f50a067
Dunnett Classic Drums,Mp Monoply,Monoply Solid Cherry,14x5.5,wood,Solid Shell,Cherry,,MISSING,MISSING,Cold-rolled hoops,810,medium,"shellThickness, bearingEdgeOrFallback",dunnett-classic-drums_mp-monoply_monoply-solid-cherry_14x5-5_solid-shell_cherry_oil-satin_cold-rolled-hoops_5514mp-c_69e93de6
Dunnett Classic Drums,Mp Monoply,Monoply Solid Cherry,14x6.5,wood,Solid Shell,Cherry,,MISSING,MISSING,Cold-rolled hoops,810,medium,"shellThickness, bearingEdgeOrFallback",dunnett-classic-drums_mp-monoply_monoply-solid-cherry_14x6-5_solid-shell_cherry_oil-satin_cold-rolled-hoops_6514mp-c_5e2cac1b
Dunnett Classic Drums,Mp Monoply,Monoply Solid Mahogany,14x5.5,wood,Solid Shell,Mahogany,,MISSING,MISSING,Cold-rolled hoops,810,medium,"shellThickness, bearingEdgeOrFallback",dunnett-classic-drums_mp-monoply_monoply-solid-mahogany_14x5-5_solid-shell_mahogany_natural-raw-custom_cold-rolled-hoops_6acff45d
Dunnett Classic Drums,Mp Monoply,Monoply Solid Mahogany,14x6.5,wood,Solid Shell,Mahogany,,MISSING,MISSING,Cold-rolled hoops,810,medium,"shellThickness, bearingEdgeOrFallback",dunnett-classic-drums_mp-monoply_monoply-solid-mahogany_14x6-5_solid-shell_mahogany_natural-raw-custom_cold-rolled-hoops_be23411c
Dunnett Classic Drums,Mp Monoply,Monoply Solid Maple,14x5.5,wood,Solid Shell,Maple,,MISSING,MISSING,Cold-rolled hoops,810,medium,"shellThickness, bearingEdgeOrFallback",dunnett-classic-drums_mp-monoply_monoply-solid-maple_14x5-5_solid-shell_maple_oil-satin_cold-rolled-hoops_5514mp-m_d040bdc0
Dunnett Classic Drums,Mp Monoply,Monoply Solid Maple,14x6.5,wood,Solid Shell,Maple,,MISSING,MISSING,Cold-rolled hoops,810,medium,"shellThickness, bearingEdgeOrFallback",dunnett-classic-drums_mp-monoply_monoply-solid-maple_14x6-5_solid-shell_maple_oil-satin_cold-rolled-hoops_6514mp-m_50b232a5
Dunnett Classic Drums,Mp Monoply,Monoply Solid Walnut,13x7,wood,Solid Shell,Walnut,,MISSING,MISSING,Cold-rolled hoops,810,medium,"shellThickness, bearingEdgeOrFallback",dunnett-classic-drums_mp-monoply_monoply-solid-walnut_13x7_solid-shell_walnut_oil-satin_cold-rolled-hoops_713mp-w_12e1f800
Dunnett Classic Drums,Mp Monoply,Monoply Solid Walnut,14x5.5,wood,Solid Shell,Walnut,,MISSING,MISSING,Cold-rolled hoops,810,medium,"shellThickness, bearingEdgeOrFallback",dunnett-classic-drums_mp-monoply_monoply-solid-walnut_14x5-5_solid-shell_walnut_oil-satin_cold-rolled-hoops_5514mp-w_5757e2ad
Dunnett Classic Drums,Mp Monoply,Monoply Solid Walnut,14x6.5,wood,Solid Shell,Walnut,,MISSING,MISSING,Cold-rolled hoops,810,medium,"shellThickness, bearingEdgeOrFallback",dunnett-classic-drums_mp-monoply_monoply-solid-walnut_14x6-5_solid-shell_walnut_oil-satin_cold-rolled-hoops_6514mp-w_e5de85a5
Dunnett Classic Drums,Sp Stereoply,Stereoply Mahogany/Maple,14x5.5,wood,Ply,Mahogany,Maple,MISSING,MISSING,Triple-flange / cold-rolled varies,810,medium,"shellThickness, bearingEdgeOrFallback",dunnett-classic-drums_sp-stereoply_stereoply-mahogany-maple_14x5-5_ply_mahogany_maple_satin-lacquer_triple-flange-cold-r_dfd9b072
Dunnett Classic Drums,Sp Stereoply,Stereoply Mahogany/Maple,14x6.5,wood,Ply,Mahogany,Maple,MISSING,MISSING,Triple-flange / cold-rolled varies,810,medium,"shellThickness, bearingEdgeOrFallback",dunnett-classic-drums_sp-stereoply_stereoply-mahogany-maple_14x6-5_ply_mahogany_maple_satin-lacquer_triple-flange-cold-r_3abf2f3b
Dunnett Classic Drums,Sp Stereoply,Stereoply Maple/Bamboo,14x5.5,wood,Ply,Maple,Bamboo,MISSING,MISSING,Triple-flange / cold-rolled varies,810,medium,"shellThickness, bearingEdgeOrFallback",dunnett-classic-drums_sp-stereoply_stereoply-maple-bamboo_14x5-5_ply_maple_bamboo_natural-raw-custom_triple-flange-cold-_8a4d7133
Dunnett Classic Drums,Sp Stereoply,Stereoply Maple/Bamboo,14x6.5,wood,Ply,Maple,Bamboo,MISSING,MISSING,Triple-flange / cold-rolled varies,810,medium,"shellThickness, bearingEdgeOrFallback",dunnett-classic-drums_sp-stereoply_stereoply-maple-bamboo_14x6-5_ply_maple_bamboo_natural-raw-custom_triple-flange-cold-_220f99b5
Dunnett Classic Drums,Sp Stereoply,Stereoply Maple/Walnut,14x5.5,wood,Ply,Maple,Walnut,MISSING,MISSING,Triple-flange / cold-rolled varies,810,medium,"shellThickness, bearingEdgeOrFallback",dunnett-classic-drums_sp-stereoply_stereoply-maple-walnut_14x5-5_ply_maple_walnut_satin-lacquer_triple-flange-cold-rolle_9445ad1c
Dunnett Classic Drums,Sp Stereoply,Stereoply Maple/Walnut,14x6.5,wood,Ply,Maple,Walnut,MISSING,MISSING,Triple-flange / cold-rolled varies,810,medium,"shellThickness, bearingEdgeOrFallback",dunnett-classic-drums_sp-stereoply_stereoply-maple-walnut_14x6-5_ply_maple_walnut_satin-lacquer_triple-flange-cold-rolle_09612fed
Dunnett Classic Drums,Sp Stereoply,Stereoply Walnut/Maple,13x7,wood,Ply,Walnut,Maple,MISSING,MISSING,Triple-flange / cold-rolled varies,810,medium,"shellThickness, bearingEdgeOrFallback",dunnett-classic-drums_sp-stereoply_stereoply-walnut-maple_13x7_ply_walnut_maple_natural-raw-custom_triple-flange-cold-ro_e62de174
Dunnett Classic Drums,Sp Stereoply,Stereoply Walnut/Maple,14x7,wood,Ply,Walnut,Maple,MISSING,MISSING,Triple-flange / cold-rolled varies,810,medium,"shellThickness, bearingEdgeOrFallback",dunnett-classic-drums_sp-stereoply_stereoply-walnut-maple_14x7_ply_walnut_maple_natural-raw-custom_triple-flange-cold-ro_c50f30b8
DW / PDP,Design Series,Design Series Acrylic 14x5.5,14x5.5,composite,Acrylic,Acrylic,,MISSING,MISSING,True Hoop / triple-flanged,10,medium,"shellThickness, bearingEdgeOrFallback",dw-pdp_design-series_design-series-acrylic-14x5-5_14x5-5_acrylic_acrylic_clear-smoke-acrylic_true-hoop-triple-flanged_24bdf5bb
DW / PDP,Design Series,Design Series Acrylic 14x6.5,14x6.5,composite,Acrylic,Acrylic,,MISSING,MISSING,True Hoop / triple-flanged,10,medium,"shellThickness, bearingEdgeOrFallback",dw-pdp_design-series_design-series-acrylic-14x6-5_14x6-5_acrylic_acrylic_clear-smoke-acrylic_true-hoop-triple-flanged_d2ed25f9
DW / PDP,Design Series,Design Series Acrylic 14x8,14x8,composite,Acrylic,Acrylic,,MISSING,MISSING,True Hoop / triple-flanged,10,medium,"shellThickness, bearingEdgeOrFallback",dw-pdp_design-series_design-series-acrylic-14x8_14x8_acrylic_acrylic_clear-smoke-acrylic_true-hoop-triple-flanged_c1a3471b
DW / PDP,PDP Concept Acrylic,Concept Acrylic 14x5.5,14x5.5,composite,Acrylic,Acrylic,,MISSING,MISSING,Triple-flanged,8,medium,"shellThickness, bearingEdgeOrFallback",dw-pdp_pdp-concept-acrylic_concept-acrylic-14x5-5_14x5-5_acrylic_acrylic_clear-colored-acrylic_triple-flanged_dca3397f
DW / PDP,PDP Concept Acrylic,Concept Acrylic 14x6.5,14x6.5,composite,Acrylic,Acrylic,,MISSING,MISSING,Acrylic hoops,10,medium,"shellThickness, bearingEdgeOrFallback",dw-pdp_pdp-concept-acrylic_concept-acrylic-14x6-5_14x6-5_acrylic_acrylic_clear-colored-acrylic_acrylic-hoops_ab2304e9
DW / PDP,PDP Concept Acrylic,Concept Acrylic 14x8,14x8,composite,Acrylic,Acrylic,,MISSING,MISSING,Triple-flanged,10,medium,"shellThickness, bearingEdgeOrFallback",dw-pdp_pdp-concept-acrylic_concept-acrylic-14x8_14x8_acrylic_acrylic_clear-colored-acrylic_triple-flanged_cf275f56
DW / PDP,Collector's Series,Collector's SonicPly Aluminum/Maple 13x5.5,13x5.5,metal,Ply,Aluminum,Maple,MISSING,MISSING,True Hoop / triple-flanged,10,medium,"shellThickness, bearingEdgeOrFallback",dw-pdp_collector-s-series_collector-s-sonicply-aluminum-maple-13x5-5_13x5-5_ply_aluminum_maple_lacquer-oil-natural-confi_73ccbdcd
DW / PDP,Collector's Series,Collector's SonicPly Aluminum/Maple 14x5.5,14x5.5,metal,Ply,Aluminum,Maple,MISSING,MISSING,True Hoop / triple-flanged,10,medium,"shellThickness, bearingEdgeOrFallback",dw-pdp_collector-s-series_collector-s-sonicply-aluminum-maple-14x5-5_14x5-5_ply_aluminum_maple_lacquer-oil-natural-confi_9f41b8c7
DW / PDP,Collector's Series,Collector's SonicPly Aluminum/Maple 14x6.5,14x6.5,metal,Ply,Aluminum,Maple,MISSING,MISSING,True Hoop / triple-flanged,10,medium,"shellThickness, bearingEdgeOrFallback",dw-pdp_collector-s-series_collector-s-sonicply-aluminum-maple-14x6-5_14x6-5_ply_aluminum_maple_lacquer-oil-natural-confi_116aa797
DW / PDP,Collector's Series,Collector's SonicPly Aluminum/Maple 14x8,14x8,metal,Ply,Aluminum,Maple,MISSING,MISSING,True Hoop / triple-flanged,10,medium,"shellThickness, bearingEdgeOrFallback",dw-pdp_collector-s-series_collector-s-sonicply-aluminum-maple-14x8_14x8_ply_aluminum_maple_lacquer-oil-natural-configura_b7ee6b5e
DW / PDP,Collector's Specialty / Metal,DW Aluminum 14x6.5,14x6.5,metal,Metal,Aluminum,,MISSING,MISSING,True Hoop / triple-flanged,10,medium,"shellThickness, bearingEdgeOrFallback",dw-pdp_collector-s-specialty-metal_dw-aluminum-14x6-5_14x6-5_metal_aluminum_varies_true-hoop-triple-flanged_609a0827
DW / PDP,Collector's Specialty / Metal,DW Brass 14x5.5,14x5.5,metal,Metal,Brass,,MISSING,MISSING,True Hoop / triple-flanged,10,medium,"shellThickness, bearingEdgeOrFallback",dw-pdp_collector-s-specialty-metal_dw-brass-14x5-5_14x5-5_metal_brass_varies_true-hoop-triple-flanged_1e9dde9b
DW / PDP,Collector's Specialty / Metal,DW Brass 14x6.5,14x6.5,metal,Metal,Brass,,MISSING,MISSING,True Hoop / triple-flanged,10,medium,"shellThickness, bearingEdgeOrFallback",dw-pdp_collector-s-specialty-metal_dw-brass-14x6-5_14x6-5_metal_brass_varies_true-hoop-triple-flanged_b770c9bb
DW / PDP,Collector's Specialty / Metal,DW Bronze 14x6.5,14x6.5,metal,Metal,Bronze,,MISSING,MISSING,True Hoop / triple-flanged,10,medium,"shellThickness, bearingEdgeOrFallback",dw-pdp_collector-s-specialty-metal_dw-bronze-14x6-5_14x6-5_metal_bronze_varies_true-hoop-triple-flanged_9fb017b1
DW / PDP,Collector's Specialty / Metal,DW Copper 14x6.5,14x6.5,metal,Metal,Copper,,MISSING,MISSING,True Hoop / triple-flanged,10,medium,"shellThickness, bearingEdgeOrFallback",dw-pdp_collector-s-specialty-metal_dw-copper-14x6-5_14x6-5_metal_copper_varies_true-hoop-triple-flanged_4b211db1
DW / PDP,Collector's Specialty / Metal,DW Stainless Steel 14x6.5,14x6.5,metal,Metal,Stainless Steel,,MISSING,MISSING,True Hoop / triple-flanged,10,medium,"shellThickness, bearingEdgeOrFallback",dw-pdp_collector-s-specialty-metal_dw-stainless-steel-14x6-5_14x6-5_metal_stainless-steel_varies_true-hoop-triple-flange_7c064417
DW / PDP,Collector's Specialty / Metal,DW Titanium 14x6.5,14x6.5,metal,Metal,Titanium,,MISSING,MISSING,True Hoop / triple-flanged,10,medium,"shellThickness, bearingEdgeOrFallback",dw-pdp_collector-s-specialty-metal_dw-titanium-14x6-5_14x6-5_metal_titanium_varies_true-hoop-triple-flanged_5c73d450
DW / PDP,Collector's Specialty / Metal,DW True Sonic Stainless Steel 14x5,14x5,metal,Metal,Stainless Steel,,MISSING,MISSING,True Hoop / triple-flanged,10,medium,"shellThickness, bearingEdgeOrFallback",dw-pdp_collector-s-specialty-metal_dw-true-sonic-stainless-steel-14x5_14x5_metal_stainless-steel_varies_true-hoop-triple_a1ae903f
DW / PDP,Collector's Specialty / Metal,DW True Sonic Stainless Steel 14x6.5,14x6.5,metal,Metal,Stainless Steel,,MISSING,MISSING,True Hoop / triple-flanged,10,medium,"shellThickness, bearingEdgeOrFallback",dw-pdp_collector-s-specialty-metal_dw-true-sonic-stainless-steel-14x6-5_14x6-5_metal_stainless-steel_varies_true-hoop-tr_a925b00a
DW / PDP,Design Series,Design Series Black Nickel over Brass 14x6.5,14x6.5,metal,Metal,Brass,,MISSING,MISSING,True Hoop / triple-flanged,10,medium,"shellThickness, bearingEdgeOrFallback",dw-pdp_design-series_design-series-black-nickel-over-brass-14x6-5_14x6-5_metal_brass_black-nickel-over-brass_true-hoop-t_ecf624f0
DW / PDP,Design Series,Design Series Brushed Aluminum 14x6.5,14x6.5,metal,Metal,Aluminum,,MISSING,MISSING,True Hoop / triple-flanged,10,medium,"shellThickness, bearingEdgeOrFallback",dw-pdp_design-series_design-series-brushed-aluminum-14x6-5_14x6-5_metal_aluminum_brushed-aluminum_true-hoop-triple-flang_823f1ea9
DW / PDP,Design Series,Design Series Steel 14x6.5,14x6.5,metal,Metal,Steel,,MISSING,MISSING,True Hoop / triple-flanged,10,medium,"shellThickness, bearingEdgeOrFallback",dw-pdp_design-series_design-series-steel-14x6-5_14x6-5_metal_steel_steel_true-hoop-triple-flanged_5d6bf97f
DW / PDP,PDP Concept Metal,Concept Black Nickel over Steel 14x5.5,14x5.5,metal,Metal,Steel,,MISSING,Flanged 45-degree edge estimated from review/listing,Triple-flanged,8,medium,shellThickness,dw-pdp_pdp-concept-metal_concept-black-nickel-over-steel-14x5-5_14x5-5_metal_steel_flanged-45-degree-edge-estimated-from_8dbbee2f
DW / PDP,PDP Concept Metal,Concept Black Nickel over Steel 14x6.5,14x6.5,metal,Metal,Steel,,MISSING,Flanged 45-degree edge estimated from review/listing,Triple-flanged,8,medium,shellThickness,dw-pdp_pdp-concept-metal_concept-black-nickel-over-steel-14x6-5_14x6-5_metal_steel_flanged-45-degree-edge-estimated-from_30641c17
DW / PDP,PDP Concept Metal,Concept Brass 14x6.5,14x6.5,metal,Metal,Brass,,MISSING,Flanged 45-degree edge estimated from review/listing,Triple-flanged,8,medium,shellThickness,dw-pdp_pdp-concept-metal_concept-brass-14x6-5_14x6-5_metal_brass_flanged-45-degree-edge-estimated-from-review-listing_br_51c51e3f
DW / PDP,PDP Concept Metal,Concept Brushed Aluminum 14x5,14x5,metal,Metal,Aluminum,,MISSING,Flanged 45-degree edge estimated from review/listing,Triple-flanged,8,medium,shellThickness,dw-pdp_pdp-concept-metal_concept-brushed-aluminum-14x5_14x5_metal_aluminum_flanged-45-degree-edge-estimated-from-review-_94509787
DW / PDP,PDP Concept Metal,Concept Brushed Aluminum 14x6.5,14x6.5,metal,Metal,Aluminum,,MISSING,Flanged 45-degree edge estimated from review/listing,Triple-flanged,8,medium,shellThickness,dw-pdp_pdp-concept-metal_concept-brushed-aluminum-14x6-5_14x6-5_metal_aluminum_flanged-45-degree-edge-estimated-from-rev_104a3567
DW / PDP,PDP Concept Metal,Concept Copper 14x6.5,14x6.5,metal,Metal,Copper,,MISSING,Flanged 45-degree edge estimated from review/listing,Triple-flanged,8,medium,shellThickness,dw-pdp_pdp-concept-metal_concept-copper-14x6-5_14x6-5_metal_copper_flanged-45-degree-edge-estimated-from-review-listing__3716c84f
DW / PDP,PDP Signature,Chad Smith Signature 14x5,14x5,metal,Metal,Steel,,MISSING,MISSING,Triple-flanged,8,medium,"shellThickness, bearingEdgeOrFallback",dw-pdp_pdp-signature_chad-smith-signature-14x5_14x5_metal_steel_triple-flanged_0d314dee
DW / PDP,Collector's Specialty / Metal,DW Concrete 14x6.5,14x6.5,unknown,Composite,Concrete Composite,,MISSING,MISSING,True Hoop / triple-flanged,10,medium,"shellThickness, bearingEdgeOrFallback",dw-pdp_collector-s-specialty-metal_dw-concrete-14x6-5_14x6-5_composite_concrete-composite_varies_true-hoop-triple-flange_eed680e3
DW / PDP,DW Historical / Discontinued,DW Carbon Fiber 14x6.5,14x6.5,unknown,Composite,Carbon Fiber,,MISSING,MISSING,Triple-flanged,10,medium,"shellThickness, bearingEdgeOrFallback",dw-pdp_dw-historical-discontinued_dw-carbon-fiber-14x6-5_14x6-5_composite_carbon-fiber_lacquer-natural-varies_triple-fla_152a2abd
DW / PDP,Collector's Series,Collector's Birch 13x5.5,13x5.5,wood,Ply,Birch,,MISSING,MISSING,True Hoop / triple-flanged,10,medium,"shellThickness, bearingEdgeOrFallback",dw-pdp_collector-s-series_collector-s-birch-13x5-5_13x5-5_ply_birch_lacquer-oil-natural-configurable_true-hoop-triple-fl_6cdafd5b
DW / PDP,Collector's Series,Collector's Birch 14x5.5,14x5.5,wood,Ply,Birch,,MISSING,MISSING,True Hoop / triple-flanged,10,medium,"shellThickness, bearingEdgeOrFallback",dw-pdp_collector-s-series_collector-s-birch-14x5-5_14x5-5_ply_birch_lacquer-oil-natural-configurable_true-hoop-triple-fl_dd12f9a9
DW / PDP,Collector's Series,Collector's Birch 14x6.5,14x6.5,wood,Ply,Birch,,MISSING,MISSING,True Hoop / triple-flanged,10,medium,"shellThickness, bearingEdgeOrFallback",dw-pdp_collector-s-series_collector-s-birch-14x6-5_14x6-5_ply_birch_lacquer-oil-natural-configurable_true-hoop-triple-fl_57e64c81
DW / PDP,Collector's Series,Collector's Birch 14x8,14x8,wood,Ply,Birch,,MISSING,MISSING,True Hoop / triple-flanged,10,medium,"shellThickness, bearingEdgeOrFallback",dw-pdp_collector-s-series_collector-s-birch-14x8_14x8_ply_birch_lacquer-oil-natural-configurable_true-hoop-triple-flange_ceb97f2e
DW / PDP,Collector's Series,Collector's Cherry 13x5.5,13x5.5,wood,Ply,Cherry,,MISSING,MISSING,True Hoop / triple-flanged,10,medium,"shellThickness, bearingEdgeOrFallback",dw-pdp_collector-s-series_collector-s-cherry-13x5-5_13x5-5_ply_cherry_lacquer-oil-natural-configurable_true-hoop-triple-_fb0b24a8
DW / PDP,Collector's Series,Collector's Cherry 14x5.5,14x5.5,wood,Ply,Cherry,,MISSING,MISSING,True Hoop / triple-flanged,10,medium,"shellThickness, bearingEdgeOrFallback",dw-pdp_collector-s-series_collector-s-cherry-14x5-5_14x5-5_ply_cherry_lacquer-oil-natural-configurable_true-hoop-triple-_0ccae8d5
DW / PDP,Collector's Series,Collector's Cherry 14x6.5,14x6.5,wood,Ply,Cherry,,MISSING,MISSING,True Hoop / triple-flanged,10,medium,"shellThickness, bearingEdgeOrFallback",dw-pdp_collector-s-series_collector-s-cherry-14x6-5_14x6-5_ply_cherry_lacquer-oil-natural-configurable_true-hoop-triple-_23f2053c
DW / PDP,Collector's Series,Collector's Cherry 14x8,14x8,wood,Ply,Cherry,,MISSING,MISSING,True Hoop / triple-flanged,10,medium,"shellThickness, bearingEdgeOrFallback",dw-pdp_collector-s-series_collector-s-cherry-14x8_14x8_ply_cherry_lacquer-oil-natural-configurable_true-hoop-triple-flan_5f96d676
DW / PDP,Collector's Series,Collector's Classics 13x5.5,13x5.5,wood,Ply,Maple,,MISSING,MISSING,True Hoop / triple-flanged,10,medium,"shellThickness, bearingEdgeOrFallback",dw-pdp_collector-s-series_collector-s-classics-13x5-5_13x5-5_ply_maple_lacquer-oil-natural-configurable_true-hoop-triple_19065de4
DW / PDP,Collector's Series,Collector's Classics 14x5.5,14x5.5,wood,Ply,Maple,,MISSING,MISSING,True Hoop / triple-flanged,10,medium,"shellThickness, bearingEdgeOrFallback",dw-pdp_collector-s-series_collector-s-classics-14x5-5_14x5-5_ply_maple_lacquer-oil-natural-configurable_true-hoop-triple_7fe4d7ae
DW / PDP,Collector's Series,Collector's Classics 14x6.5,14x6.5,wood,Ply,Maple,,MISSING,MISSING,True Hoop / triple-flanged,10,medium,"shellThickness, bearingEdgeOrFallback",dw-pdp_collector-s-series_collector-s-classics-14x6-5_14x6-5_ply_maple_lacquer-oil-natural-configurable_true-hoop-triple_35d43bfc
DW / PDP,Collector's Series,Collector's Classics 14x8,14x8,wood,Ply,Maple,,MISSING,MISSING,True Hoop / triple-flanged,10,medium,"shellThickness, bearingEdgeOrFallback",dw-pdp_collector-s-series_collector-s-classics-14x8_14x8_ply_maple_lacquer-oil-natural-configurable_true-hoop-triple-fla_8c54ad7e
DW / PDP,Collector's Series,Collector's Maple HVX 13x5.5,13x5.5,wood,Ply,Maple,,MISSING,MISSING,True Hoop / triple-flanged,10,medium,"shellThickness, bearingEdgeOrFallback",dw-pdp_collector-s-series_collector-s-maple-hvx-13x5-5_13x5-5_ply_maple_lacquer-oil-natural-configurable_true-hoop-tripl_2f96fd8f
DW / PDP,Collector's Series,Collector's Maple HVX 14x5.5,14x5.5,wood,Ply,Maple,,MISSING,MISSING,True Hoop / triple-flanged,10,medium,"shellThickness, bearingEdgeOrFallback",dw-pdp_collector-s-series_collector-s-maple-hvx-14x5-5_14x5-5_ply_maple_lacquer-oil-natural-configurable_true-hoop-tripl_b5c6eb34
DW / PDP,Collector's Series,Collector's Maple HVX 14x6.5,14x6.5,wood,Ply,Maple,,MISSING,MISSING,True Hoop / triple-flanged,10,medium,"shellThickness, bearingEdgeOrFallback",dw-pdp_collector-s-series_collector-s-maple-hvx-14x6-5_14x6-5_ply_maple_lacquer-oil-natural-configurable_true-hoop-tripl_d8ef42bd
DW / PDP,Collector's Series,Collector's Maple HVX 14x8,14x8,wood,Ply,Maple,,MISSING,MISSING,True Hoop / triple-flanged,10,medium,"shellThickness, bearingEdgeOrFallback",dw-pdp_collector-s-series_collector-s-maple-hvx-14x8_14x8_ply_maple_lacquer-oil-natural-configurable_true-hoop-triple-fl_277f15ad
DW / PDP,Collector's Series,Collector's Maple Mahogany 13x5.5,13x5.5,wood,Ply,Maple,Mahogany,MISSING,MISSING,True Hoop / triple-flanged,10,medium,"shellThickness, bearingEdgeOrFallback",dw-pdp_collector-s-series_collector-s-maple-mahogany-13x5-5_13x5-5_ply_maple_mahogany_lacquer-oil-natural-configurable_t_ad0d8f1e
DW / PDP,Collector's Series,Collector's Maple Mahogany 14x5.5,14x5.5,wood,Ply,Maple,Mahogany,MISSING,MISSING,True Hoop / triple-flanged,10,medium,"shellThickness, bearingEdgeOrFallback",dw-pdp_collector-s-series_collector-s-maple-mahogany-14x5-5_14x5-5_ply_maple_mahogany_lacquer-oil-natural-configurable_t_900c3645
DW / PDP,Collector's Series,Collector's Maple Mahogany 14x6.5,14x6.5,wood,Ply,Maple,Mahogany,MISSING,MISSING,True Hoop / triple-flanged,10,medium,"shellThickness, bearingEdgeOrFallback",dw-pdp_collector-s-series_collector-s-maple-mahogany-14x6-5_14x6-5_ply_maple_mahogany_lacquer-oil-natural-configurable_t_0d11d75c
DW / PDP,Collector's Series,Collector's Maple Mahogany 14x8,14x8,wood,Ply,Maple,Mahogany,MISSING,MISSING,True Hoop / triple-flanged,10,medium,"shellThickness, bearingEdgeOrFallback",dw-pdp_collector-s-series_collector-s-maple-mahogany-14x8_14x8_ply_maple_mahogany_lacquer-oil-natural-configurable_true-_284f6c4c
DW / PDP,Collector's Series,Collector's Maple VLT 13x5.5,13x5.5,wood,Ply,Maple,,MISSING,MISSING,True Hoop / triple-flanged,10,medium,"shellThickness, bearingEdgeOrFallback",dw-pdp_collector-s-series_collector-s-maple-vlt-13x5-5_13x5-5_ply_maple_lacquer-oil-natural-configurable_true-hoop-tripl_b0be3338
DW / PDP,Collector's Series,Collector's Maple VLT 14x5.5,14x5.5,wood,Ply,Maple,,MISSING,MISSING,True Hoop / triple-flanged,10,medium,"shellThickness, bearingEdgeOrFallback",dw-pdp_collector-s-series_collector-s-maple-vlt-14x5-5_14x5-5_ply_maple_lacquer-oil-natural-configurable_true-hoop-tripl_a6b7a863
DW / PDP,Collector's Series,Collector's Maple VLT 14x6.5,14x6.5,wood,Ply,Maple,,MISSING,MISSING,True Hoop / triple-flanged,10,medium,"shellThickness, bearingEdgeOrFallback",dw-pdp_collector-s-series_collector-s-maple-vlt-14x6-5_14x6-5_ply_maple_lacquer-oil-natural-configurable_true-hoop-tripl_7f7722fe
DW / PDP,Collector's Series,Collector's Maple VLT 14x8,14x8,wood,Ply,Maple,,MISSING,MISSING,True Hoop / triple-flanged,10,medium,"shellThickness, bearingEdgeOrFallback",dw-pdp_collector-s-series_collector-s-maple-vlt-14x8_14x8_ply_maple_lacquer-oil-natural-configurable_true-hoop-triple-fl_7ebac9a9
DW / PDP,Collector's Series,Collector's Maple X-Shell 13x5.5,13x5.5,wood,Ply,Maple,,MISSING,MISSING,True Hoop / triple-flanged,10,medium,"shellThickness, bearingEdgeOrFallback",dw-pdp_collector-s-series_collector-s-maple-x-shell-13x5-5_13x5-5_ply_maple_lacquer-oil-natural-configurable_true-hoop-t_ff2962c1
DW / PDP,Collector's Series,Collector's Maple X-Shell 14x5.5,14x5.5,wood,Ply,Maple,,MISSING,MISSING,True Hoop / triple-flanged,10,medium,"shellThickness, bearingEdgeOrFallback",dw-pdp_collector-s-series_collector-s-maple-x-shell-14x5-5_14x5-5_ply_maple_lacquer-oil-natural-configurable_true-hoop-t_2b2a9590
DW / PDP,Collector's Series,Collector's Maple X-Shell 14x6.5,14x6.5,wood,Ply,Maple,,MISSING,MISSING,True Hoop / triple-flanged,10,medium,"shellThickness, bearingEdgeOrFallback",dw-pdp_collector-s-series_collector-s-maple-x-shell-14x6-5_14x6-5_ply_maple_lacquer-oil-natural-configurable_true-hoop-t_b83b0f9e
DW / PDP,Collector's Series,Collector's Maple X-Shell 14x8,14x8,wood,Ply,Maple,,MISSING,MISSING,True Hoop / triple-flanged,10,medium,"shellThickness, bearingEdgeOrFallback",dw-pdp_collector-s-series_collector-s-maple-x-shell-14x8_14x8_ply_maple_lacquer-oil-natural-configurable_true-hoop-tripl_1bdd971d
DW / PDP,Collector's Series,Collector's Oak 13x5.5,13x5.5,wood,Ply,Oak,,MISSING,MISSING,True Hoop / triple-flanged,10,medium,"shellThickness, bearingEdgeOrFallback",dw-pdp_collector-s-series_collector-s-oak-13x5-5_13x5-5_ply_oak_lacquer-oil-natural-configurable_true-hoop-triple-flange_3df711dc
DW / PDP,Collector's Series,Collector's Oak 14x5.5,14x5.5,wood,Ply,Oak,,MISSING,MISSING,True Hoop / triple-flanged,10,medium,"shellThickness, bearingEdgeOrFallback",dw-pdp_collector-s-series_collector-s-oak-14x5-5_14x5-5_ply_oak_lacquer-oil-natural-configurable_true-hoop-triple-flange_bf5eeecb
DW / PDP,Collector's Series,Collector's Oak 14x6.5,14x6.5,wood,Ply,Oak,,MISSING,MISSING,True Hoop / triple-flanged,10,medium,"shellThickness, bearingEdgeOrFallback",dw-pdp_collector-s-series_collector-s-oak-14x6-5_14x6-5_ply_oak_lacquer-oil-natural-configurable_true-hoop-triple-flange_05574206
DW / PDP,Collector's Series,Collector's Oak 14x8,14x8,wood,Ply,Oak,,MISSING,MISSING,True Hoop / triple-flanged,10,medium,"shellThickness, bearingEdgeOrFallback",dw-pdp_collector-s-series_collector-s-oak-14x8_14x8_ply_oak_lacquer-oil-natural-configurable_true-hoop-triple-flanged_b2a58dd2
DW / PDP,Collector's Series,Collector's Purpleheart 13x5.5,13x5.5,wood,Ply,Purpleheart,,MISSING,MISSING,True Hoop / triple-flanged,10,medium,"shellThickness, bearingEdgeOrFallback",dw-pdp_collector-s-series_collector-s-purpleheart-13x5-5_13x5-5_ply_purpleheart_lacquer-oil-natural-configurable_true-ho_064f73c9
DW / PDP,Collector's Series,Collector's Purpleheart 14x5.5,14x5.5,wood,Ply,Purpleheart,,MISSING,MISSING,True Hoop / triple-flanged,10,medium,"shellThickness, bearingEdgeOrFallback",dw-pdp_collector-s-series_collector-s-purpleheart-14x5-5_14x5-5_ply_purpleheart_lacquer-oil-natural-configurable_true-ho_bcfa4329
DW / PDP,Collector's Series,Collector's Purpleheart 14x6.5,14x6.5,wood,Ply,Purpleheart,,MISSING,MISSING,True Hoop / triple-flanged,10,medium,"shellThickness, bearingEdgeOrFallback",dw-pdp_collector-s-series_collector-s-purpleheart-14x6-5_14x6-5_ply_purpleheart_lacquer-oil-natural-configurable_true-ho_c0bbc665
DW / PDP,Collector's Series,Collector's Purpleheart 14x8,14x8,wood,Ply,Purpleheart,,MISSING,MISSING,True Hoop / triple-flanged,10,medium,"shellThickness, bearingEdgeOrFallback",dw-pdp_collector-s-series_collector-s-purpleheart-14x8_14x8_ply_purpleheart_lacquer-oil-natural-configurable_true-hoop-t_a24ce298
DW / PDP,Collector's Series,Collector's Walnut 13x5.5,13x5.5,wood,Ply,Walnut,,MISSING,MISSING,True Hoop / triple-flanged,10,medium,"shellThickness, bearingEdgeOrFallback",dw-pdp_collector-s-series_collector-s-walnut-13x5-5_13x5-5_ply_walnut_lacquer-oil-natural-configurable_true-hoop-triple-_d80949bb
DW / PDP,Collector's Series,Collector's Walnut 14x5.5,14x5.5,wood,Ply,Walnut,,MISSING,MISSING,True Hoop / triple-flanged,10,medium,"shellThickness, bearingEdgeOrFallback",dw-pdp_collector-s-series_collector-s-walnut-14x5-5_14x5-5_ply_walnut_lacquer-oil-natural-configurable_true-hoop-triple-_824a346f
DW / PDP,Collector's Series,Collector's Walnut 14x6.5,14x6.5,wood,Ply,Walnut,,MISSING,MISSING,True Hoop / triple-flanged,10,medium,"shellThickness, bearingEdgeOrFallback",dw-pdp_collector-s-series_collector-s-walnut-14x6-5_14x6-5_ply_walnut_lacquer-oil-natural-configurable_true-hoop-triple-_9e72c6c9
DW / PDP,Collector's Series,Collector's Walnut 14x8,14x8,wood,Ply,Walnut,,MISSING,MISSING,True Hoop / triple-flanged,10,medium,"shellThickness, bearingEdgeOrFallback",dw-pdp_collector-s-series_collector-s-walnut-14x8_14x8_ply_walnut_lacquer-oil-natural-configurable_true-hoop-triple-flan_6d7a70c4
DW / PDP,Collector's Specialty / Metal,DW Edge Maple/Metal 14x6,14x6,wood,Hybrid,Maple,,MISSING,MISSING,True Hoop / triple-flanged,10,medium,"shellThickness, bearingEdgeOrFallback",dw-pdp_collector-s-specialty-metal_dw-edge-maple-metal-14x6_14x6_hybrid_maple_varies_true-hoop-triple-flanged_375984f2
DW / PDP,Collector's Specialty / Metal,DW Super Solid Maple 14x5.5,14x5.5,wood,Solid Shell,Maple,,MISSING,MISSING,True Hoop / triple-flanged,10,medium,"shellThickness, bearingEdgeOrFallback",dw-pdp_collector-s-specialty-metal_dw-super-solid-maple-14x5-5_14x5-5_solid-shell_maple_varies_true-hoop-triple-flanged_021e6484
DW / PDP,Collector's Specialty / Metal,DW Super Solid Maple 14x6.5,14x6.5,wood,Solid Shell,Maple,,MISSING,MISSING,True Hoop / triple-flanged,10,medium,"shellThickness, bearingEdgeOrFallback",dw-pdp_collector-s-specialty-metal_dw-super-solid-maple-14x6-5_14x6-5_solid-shell_maple_varies_true-hoop-triple-flanged_8cda9d93
DW / PDP,Collector's Specialty / Metal,DW Top Edge Maple/Metal 14x5.5,14x5.5,wood,Hybrid,Maple,,MISSING,MISSING,True Hoop / triple-flanged,10,medium,"shellThickness, bearingEdgeOrFallback",dw-pdp_collector-s-specialty-metal_dw-top-edge-maple-metal-14x5-5_14x5-5_hybrid_maple_varies_true-hoop-triple-flanged_a1266429
DW / PDP,DW Historical / Discontinued,Craviotto Solid Maple by DW 14x5.5,14x5.5,wood,Solid Shell,Maple,,MISSING,MISSING,Triple-flanged,10,medium,"shellThickness, bearingEdgeOrFallback",dw-pdp_dw-historical-discontinued_craviotto-solid-maple-by-dw-14x5-5_14x5-5_solid-shell_maple_lacquer-natural-varies_tri_2023d543
DW / PDP,DW Historical / Discontinued,Craviotto Solid Maple by DW 14x6.5,14x6.5,wood,Solid Shell,Maple,,MISSING,MISSING,Triple-flanged,10,medium,"shellThickness, bearingEdgeOrFallback",dw-pdp_dw-historical-discontinued_craviotto-solid-maple-by-dw-14x6-5_14x6-5_solid-shell_maple_lacquer-natural-varies_tri_a282f4ef
DW / PDP,DW Historical / Discontinued,DW Eco-X Bamboo/Birch 14x5.5,14x5.5,wood,Ply,Bamboo,,MISSING,MISSING,Triple-flanged,10,medium,"shellThickness, bearingEdgeOrFallback",dw-pdp_dw-historical-discontinued_dw-eco-x-bamboo-birch-14x5-5_14x5-5_ply_bamboo_lacquer-natural-varies_triple-flanged_afc92df0
DW / PDP,DW Historical / Discontinued,DW Eco-X Bamboo/Birch 14x6.5,14x6.5,wood,Ply,Bamboo,,MISSING,MISSING,Triple-flanged,10,medium,"shellThickness, bearingEdgeOrFallback",dw-pdp_dw-historical-discontinued_dw-eco-x-bamboo-birch-14x6-5_14x6-5_ply_bamboo_lacquer-natural-varies_triple-flanged_6a8057b4
DW / PDP,DW Historical / Discontinued,DW Jazz Series Maple/Gum 14x5.5,14x5.5,wood,Ply,Maple,,MISSING,Roundover/vintage-style estimated,Triple-flanged,10,medium,shellThickness,dw-pdp_dw-historical-discontinued_dw-jazz-series-maple-gum-14x5-5_14x5-5_ply_maple_roundover-vintage-style-estimated_lac_aa3ea5b8
DW / PDP,DW Historical / Discontinued,DW Maple 10+6 14x6,14x6,wood,Ply,Maple,,MISSING,MISSING,Triple-flanged,10,medium,"shellThickness, bearingEdgeOrFallback",dw-pdp_dw-historical-discontinued_dw-maple-10-6-14x6_14x6_ply_maple_lacquer-natural-varies_triple-flanged_31bca584
DW / PDP,DW Historical / Discontinued,DW Neil Peart R40 Icon Snare 14x6.5,14x6.5,wood,Ply,Maple,,MISSING,MISSING,Triple-flanged,10,medium,"shellThickness, bearingEdgeOrFallback",dw-pdp_dw-historical-discontinued_dw-neil-peart-r40-icon-snare-14x6-5_14x6-5_ply_maple_lacquer-natural-varies_triple-fla_caab5483
DW / PDP,DW Historical / Discontinued,DW Workshop Series Maple 14x6,14x6,wood,Ply,Maple,,MISSING,MISSING,Triple-flanged,10,medium,"shellThickness, bearingEdgeOrFallback",dw-pdp_dw-historical-discontinued_dw-workshop-series-maple-14x6_14x6_ply_maple_lacquer-natural-varies_triple-flanged_9c1dcfb5
DW / PDP,DW Historical / Discontinued,DW/Craviotto Solid Cherry 14x6.5,14x6.5,wood,Solid Shell,Cherry,,MISSING,MISSING,Triple-flanged,10,medium,"shellThickness, bearingEdgeOrFallback",dw-pdp_dw-historical-discontinued_dw-craviotto-solid-cherry-14x6-5_14x6-5_solid-shell_cherry_lacquer-natural-varies_trip_3d7e1442
DW / PDP,PDP Concept Series,Concept Black Wax Maple 10x6,10x6,wood,Ply,Maple,,MISSING,MISSING,Triple-flanged,6,medium,"shellThickness, bearingEdgeOrFallback",dw-pdp_pdp-concept-series_concept-black-wax-maple-10x6_10x6_ply_maple_black-wax-hand-applied-wax-based-sealer_triple-fla_68441786
DW / PDP,PDP Concept Series,Concept Black Wax Maple 12x6,12x6,wood,Ply,Maple,,MISSING,MISSING,Triple-flanged,6,medium,"shellThickness, bearingEdgeOrFallback",dw-pdp_pdp-concept-series_concept-black-wax-maple-12x6_12x6_ply_maple_black-wax-hand-applied-wax-based-sealer_triple-fla_aa986b89
DW / PDP,PDP Concept Series,Concept Black Wax Maple 13x5.5,13x5.5,wood,Ply,Maple,,MISSING,MISSING,Triple-flanged,8,medium,"shellThickness, bearingEdgeOrFallback",dw-pdp_pdp-concept-series_concept-black-wax-maple-13x5-5_13x5-5_ply_maple_black-wax-hand-applied-wax-based-sealer_triple_2f6ee285
DW / PDP,PDP Concept Series,Concept Black Wax Maple 13x7,13x7,wood,Ply,Maple,,MISSING,MISSING,Triple-flanged,8,medium,"shellThickness, bearingEdgeOrFallback",dw-pdp_pdp-concept-series_concept-black-wax-maple-13x7_13x7_ply_maple_black-wax-hand-applied-wax-based-sealer_triple-fla_1e1a026b
DW / PDP,PDP Concept Series,Concept Black Wax Maple 14x5.5,14x5.5,wood,Ply,Maple,,MISSING,MISSING,Triple-flanged,10,medium,"shellThickness, bearingEdgeOrFallback",dw-pdp_pdp-concept-series_concept-black-wax-maple-14x5-5_14x5-5_ply_maple_black-wax-hand-applied-wax-based-sealer_triple_9b008a0c
DW / PDP,PDP Concept Series,Concept Black Wax Maple 14x6.5,14x6.5,wood,Ply,Maple,,MISSING,MISSING,Triple-flanged,10,medium,"shellThickness, bearingEdgeOrFallback",dw-pdp_pdp-concept-series_concept-black-wax-maple-14x6-5_14x6-5_ply_maple_black-wax-hand-applied-wax-based-sealer_triple_185f847d
DW / PDP,PDP Concept Series,Concept Black Wax Maple 14x8,14x8,wood,Ply,Maple,,MISSING,MISSING,Triple-flanged,10,medium,"shellThickness, bearingEdgeOrFallback",dw-pdp_pdp-concept-series_concept-black-wax-maple-14x8_14x8_ply_maple_black-wax-hand-applied-wax-based-sealer_triple-fla_0cdf5cd6
DW / PDP,PDP Limited,PDP Ace 13x6.5,13x6.5,wood,Ply,Maple,,MISSING,MISSING,Triple-flanged,8,medium,"shellThickness, bearingEdgeOrFallback",dw-pdp_pdp-limited_pdp-ace-13x6-5_13x6-5_ply_maple_triple-flanged_f52c9b71
DW / PDP,PDP Limited,PDP Concept Limited Bubinga 14x6.5,14x6.5,wood,Ply,Bubinga,,MISSING,MISSING,Triple-flanged,8,medium,"shellThickness, bearingEdgeOrFallback",dw-pdp_pdp-limited_pdp-concept-limited-bubinga-14x6-5_14x6-5_ply_bubinga_triple-flanged_b0f83cc0
DW / PDP,PDP Limited,PDP Concept Limited Maple/Walnut 14x6.5,14x6.5,wood,Ply,Maple,Walnut,MISSING,MISSING,Triple-flanged,8,medium,"shellThickness, bearingEdgeOrFallback",dw-pdp_pdp-limited_pdp-concept-limited-maple-walnut-14x6-5_14x6-5_ply_maple_walnut_triple-flanged_f850de7b
DW / PDP,PDP Limited,PDP Concept Limited Walnut 14x6.5,14x6.5,wood,Ply,Walnut,Walnut,MISSING,MISSING,Triple-flanged,8,medium,"shellThickness, bearingEdgeOrFallback",dw-pdp_pdp-limited_pdp-concept-limited-walnut-14x6-5_14x6-5_ply_walnut_walnut_triple-flanged_5691be79
DW / PDP,PDP Limited,PDP Woody 13x7,13x7,wood,Ply,Maple,,MISSING,MISSING,Triple-flanged,8,medium,"shellThickness, bearingEdgeOrFallback",dw-pdp_pdp-limited_pdp-woody-13x7_13x7_ply_maple_triple-flanged_3845357d
DW / PDP,PDP Signature,Eric Hernandez Signature Concept Maple 14x4,14x4,wood,Ply,Maple,,MISSING,MISSING,Triple-flanged,8,medium,"shellThickness, bearingEdgeOrFallback",dw-pdp_pdp-signature_eric-hernandez-signature-concept-maple-14x4_14x4_ply_maple_triple-flanged_e301abd5
DW / PDP,Performance Series,Performance Series HVX Maple 14x5.5,14x5.5,wood,Ply,Maple,,MISSING,MISSING,True Hoop / triple-flanged,10,medium,"shellThickness, bearingEdgeOrFallback",dw-pdp_performance-series_performance-series-hvx-maple-14x5-5_14x5-5_ply_maple_lacquer_true-hoop-triple-flanged_ee472298
DW / PDP,Performance Series,Performance Series HVX Maple 14x6.5,14x6.5,wood,Ply,Maple,,MISSING,MISSING,True Hoop / triple-flanged,10,medium,"shellThickness, bearingEdgeOrFallback",dw-pdp_performance-series_performance-series-hvx-maple-14x6-5_14x6-5_ply_maple_lacquer_true-hoop-triple-flanged_7b3b34bc
DW / PDP,Performance Series,Performance Series HVX Maple 14x8,14x8,wood,Ply,Maple,,MISSING,MISSING,True Hoop / triple-flanged,10,medium,"shellThickness, bearingEdgeOrFallback",dw-pdp_performance-series_performance-series-hvx-maple-14x8_14x8_ply_maple_lacquer_true-hoop-triple-flanged_33783f76
Gretsch,Brooklyn Metal,Brooklyn Chrome-over-Brass,14x5.5,metal,Metal,Brass,,MISSING,Rolled metal edge,Gretsch 302 3mm double-flanged hoops,10,medium,shellThickness,gretsch_brooklyn-metal_brooklyn-chrome-over-brass_14x5-5_metal_brass_rolled-metal-edge_chrome-over-metal_gretsch-302-3mm_dec6311c
Gretsch,Brooklyn Metal,Brooklyn Chrome-over-Brass,14x6.5,metal,Metal,Brass,,MISSING,Rolled metal edge,Gretsch 302 3mm double-flanged hoops,10,medium,shellThickness,gretsch_brooklyn-metal_brooklyn-chrome-over-brass_14x6-5_metal_brass_rolled-metal-edge_chrome-over-metal_gretsch-302-3mm_e70207cd
Gretsch,Full Range,Full Range Aluminum,14x5.5,metal,Metal,Aluminum,,MISSING,MISSING,2.5mm triple-flanged hoops,10,medium,"shellThickness, bearingEdgeOrFallback",gretsch_full-range_full-range-aluminum_14x5-5_metal_aluminum_lacquer-plating-natural-metal_2-5mm-triple-flanged-hoops_fu_9c601cfb
Gretsch,Full Range,Full Range Brass,14x5.5,metal,Metal,Brass,,MISSING,MISSING,2.5mm triple-flanged hoops,10,medium,"shellThickness, bearingEdgeOrFallback",gretsch_full-range_full-range-brass_14x5-5_metal_brass_lacquer-plating-natural-metal_2-5mm-triple-flanged-hoops_full-ran_cb55cb6a
Gretsch,Full Range,Full Range Hammered Steel,14x6.5,metal,Metal,Steel,,MISSING,MISSING,2.5mm triple-flanged hoops,10,medium,"shellThickness, bearingEdgeOrFallback",gretsch_full-range_full-range-hammered-steel_14x6-5_metal_steel_lacquer-plating-natural-metal_2-5mm-triple-flanged-hoops_2191e92d
Gretsch,Full Range,Full Range Steel,14x5.5,metal,Metal,Steel,,MISSING,MISSING,2.5mm triple-flanged hoops,10,medium,"shellThickness, bearingEdgeOrFallback",gretsch_full-range_full-range-steel_14x5-5_metal_steel_lacquer-plating-natural-metal_2-5mm-triple-flanged-hoops_full-ran_482ef917
Gretsch,Signature,Steve Ferrone Signature Brass,14x6.5,metal,Metal,Brass,,MISSING,MISSING,Die-cast hoops,10,medium,"shellThickness, bearingEdgeOrFallback",gretsch_signature_steve-ferrone-signature-brass_14x6-5_metal_brass_black-nickel-brass_die-cast-hoops_04b2cfe6
Gretsch,USA Custom Metal,USA Aluminum,14x6.5,metal,Metal,Aluminum,,MISSING,MISSING,Die-cast hoops,10,medium,"shellThickness, bearingEdgeOrFallback",gretsch_usa-custom-metal_usa-aluminum_14x6-5_metal_aluminum_black-nickel-plated-natural-metal_die-cast-hoops_usa-aluminu_806ff632
Gretsch,USA Custom Metal,USA Bell Brass,14x6.5,metal,Metal,Bell Brass,,MISSING,MISSING,Die-cast hoops,10,medium,"shellThickness, bearingEdgeOrFallback",gretsch_usa-custom-metal_usa-bell-brass_14x6-5_metal_bell-brass_black-nickel-plated-natural-metal_die-cast-hoops_usa-bel_dfb213c8
Gretsch,USA Custom Metal,USA Brass,14x6.5,metal,Metal,Brass,,MISSING,MISSING,Die-cast hoops,10,medium,"shellThickness, bearingEdgeOrFallback",gretsch_usa-custom-metal_usa-brass_14x6-5_metal_brass_black-nickel-plated-natural-metal_die-cast-hoops_usa-brass_f0613960
Gretsch,USA Custom Metal,USA Bronze,14x6.5,metal,Metal,Bronze,,MISSING,MISSING,Die-cast hoops,10,medium,"shellThickness, bearingEdgeOrFallback",gretsch_usa-custom-metal_usa-bronze_14x6-5_metal_bronze_black-nickel-plated-natural-metal_die-cast-hoops_usa-bronze_93eb64cc
Gretsch,USA Custom Metal,USA Copper,14x6.5,metal,Metal,Copper,,MISSING,MISSING,Die-cast hoops,10,medium,"shellThickness, bearingEdgeOrFallback",gretsch_usa-custom-metal_usa-copper_14x6-5_metal_copper_black-nickel-plated-natural-metal_die-cast-hoops_usa-copper_823b497a
Gretsch,USA Custom Metal,USA Solid Steel,14x6.5,metal,Solid Shell,Steel,,MISSING,MISSING,Die-cast hoops,10,medium,"shellThickness, bearingEdgeOrFallback",gretsch_usa-custom-metal_usa-solid-steel_14x6-5_solid-shell_steel_black-nickel-plated-natural-metal_die-cast-hoops_usa-s_e2ff27f8
Gretsch,Broadkaster,Broadkaster Snare,14x5,wood,Ply,Maple,Poplar,MISSING,Reverse roundover / 30-degree family,Gretsch 302 3mm double-flanged steel hoops,10,medium,shellThickness,gretsch_broadkaster_broadkaster-snare_14x5_ply_maple_poplar_maple_reverse-roundover-30-degree-family_nitron-wrap-or-lacq_95e4fa0e
Gretsch,Broadkaster,Broadkaster Snare,14x5.5,wood,Ply,Maple,Poplar,MISSING,Reverse roundover / 30-degree family,Gretsch 302 3mm double-flanged steel hoops,10,medium,shellThickness,gretsch_broadkaster_broadkaster-snare_14x5-5_ply_maple_poplar_maple_reverse-roundover-30-degree-family_nitron-wrap-or-la_2cedbed7
Gretsch,Broadkaster,Broadkaster Snare,14x6.5,wood,Ply,Maple,Poplar,MISSING,Reverse roundover / 30-degree family,Gretsch 302 3mm double-flanged steel hoops,10,medium,shellThickness,gretsch_broadkaster_broadkaster-snare_14x6-5_ply_maple_poplar_maple_reverse-roundover-30-degree-family_nitron-wrap-or-la_85fd566d
Gretsch,Broadkaster,Broadkaster Snare,14x8,wood,Ply,Maple,Poplar,MISSING,Reverse roundover / 30-degree family,Gretsch 302 3mm double-flanged steel hoops,10,medium,shellThickness,gretsch_broadkaster_broadkaster-snare_14x8_ply_maple_poplar_maple_reverse-roundover-30-degree-family_nitron-wrap-or-lacq_e24be4f9
Gretsch,Broadkaster Vintage,Broadkaster Name Band Snare,14x5.5,wood,Ply,Maple,Poplar,MISSING,Roundover / vintage edge estimated,Stick Chopper / single-flange estimated,8,medium,shellThickness,gretsch_broadkaster-vintage_broadkaster-name-band-snare_14x5-5_ply_maple_poplar_maple_roundover-vintage-edge-estimated_p_874a429a
Gretsch,Catalina Club,Catalina Club Snare,14x5.5,wood,Ply,Mahogany / Poplar,,MISSING,30-degree / rounded family estimated,Triple-flanged hoops,8,medium,shellThickness,gretsch_catalina-club_catalina-club-snare_14x5-5_ply_mahogany-poplar_30-degree-rounded-family-estimated_wrap_triple-flan_ad22a65d
Gretsch,Catalina Maple,Catalina Maple Snare,14x5.5,wood,Ply,Maple,,MISSING,30-degree bearing edge estimated,Triple-flanged hoops,8,medium,shellThickness,gretsch_catalina-maple_catalina-maple-snare_14x5-5_ply_maple_30-degree-bearing-edge-estimated_lacquer-wrap_triple-flange_4ce38e41
Gretsch,Energy,Energy Snare,14x5.5,wood,Ply,Poplar,,MISSING,MISSING,Triple-flanged hoops,8,medium,"shellThickness, bearingEdgeOrFallback",gretsch_energy_energy-snare_14x5-5_ply_poplar_wrap_triple-flanged-hoops_49c332c4
Gretsch,Full Range,Full Range Birch,14x5.5,wood,Ply,Birch,,MISSING,30-degree bearing edge,2.5mm triple-flanged hoops,10,medium,shellThickness,gretsch_full-range_full-range-birch_14x5-5_ply_birch_30-degree-bearing-edge_lacquer-plating-natural-metal_2-5mm-triple-f_d281ba2e
Gretsch,Full Range,Full Range Birch,14x6.5,wood,Ply,Birch,,MISSING,30-degree bearing edge,2.5mm triple-flanged hoops,10,medium,shellThickness,gretsch_full-range_full-range-birch_14x6-5_ply_birch_30-degree-bearing-edge_lacquer-plating-natural-metal_2-5mm-triple-f_9c929400
Gretsch,Full Range,Full Range Maple,14x5.5,wood,Ply,Maple,,MISSING,MISSING,unknown,10,medium,"shellThickness, bearingEdgeOrFallback",gretsch_full-range_full-range-maple_14x5-5_ply_maple_lacquer-plating-natural-metal_full-range-maple_9dd6a5e4
Gretsch,Full Range,Full Range Maple,14x6.5,wood,Ply,Maple,,MISSING,MISSING,unknown,10,medium,"shellThickness, bearingEdgeOrFallback",gretsch_full-range_full-range-maple_14x6-5_ply_maple_lacquer-plating-natural-metal_full-range-maple_209d7f57
Gretsch,Full Range,Full Range Walnut,14x5.5,wood,Ply,Walnut,,MISSING,MISSING,unknown,10,medium,"shellThickness, bearingEdgeOrFallback",gretsch_full-range_full-range-walnut_14x5-5_ply_walnut_lacquer-plating-natural-metal_full-range-walnut_fd8b3405
Gretsch,Full Range,Full Range Walnut,14x6.5,wood,Ply,Walnut,,MISSING,MISSING,unknown,10,medium,"shellThickness, bearingEdgeOrFallback",gretsch_full-range_full-range-walnut_14x6-5_ply_walnut_lacquer-plating-natural-metal_full-range-walnut_5525d9ff
Gretsch,Renown,Renown Maple Snare,14x5.5,wood,Ply,Maple,,MISSING,30-degree bearing edge,Gretsch 302 double-flanged hoops,10,medium,shellThickness,gretsch_renown_renown-maple-snare_14x5-5_ply_maple_30-degree-bearing-edge_gloss-lacquer-wrap_gretsch-302-double-flanged-_ea147c9f
Gretsch,Renown,Renown Maple Snare,14x6.5,wood,Ply,Maple,,MISSING,30-degree bearing edge,Gretsch 302 double-flanged hoops,10,medium,shellThickness,gretsch_renown_renown-maple-snare_14x6-5_ply_maple_30-degree-bearing-edge_gloss-lacquer-wrap_gretsch-302-double-flanged-_429d3566
Gretsch,Round Badge,Round Badge Progressive Jazz Snare,14x5.5,wood,Ply,Maple,Gum,MISSING,30-degree bearing edge estimated,Die-cast hoops,8,medium,shellThickness,gretsch_round-badge_round-badge-progressive-jazz-snare_14x5-5_ply_maple_gum_poplar_30-degree-bearing-edge-estimated_nitr_4f605177
Gretsch,Signature,Vinnie Colaiuta Signature,14x5,wood,Ply,Maple,Gum,MISSING,MISSING,Die-cast hoops,10,medium,"shellThickness, bearingEdgeOrFallback",gretsch_signature_vinnie-colaiuta-signature_14x5_ply_maple_gum_lacquer_die-cast-hoops_af23d41d
Gretsch,Square Badge,Square Badge Snare,14x5.5,wood,Ply,Maple,Gum,MISSING,30-degree bearing edge estimated,Die-cast hoops,10,medium,shellThickness,gretsch_square-badge_square-badge-snare_14x5-5_ply_maple_gum_poplar_30-degree-bearing-edge-estimated_lacquer-wrap_die-ca_979b7848
Gretsch,Stop Sign Badge,Stop Sign Badge Snare,14x5.5,wood,Ply,Maple,Gum,MISSING,30-degree bearing edge estimated,Die-cast hoops,10,medium,shellThickness,gretsch_stop-sign-badge_stop-sign-badge-snare_14x5-5_ply_maple_gum_poplar_30-degree-bearing-edge-estimated_nitron-wrap-l_669a2eca
Gretsch,USA Custom,USA Custom Snare,14x5,wood,Ply,Maple,Gum,MISSING,30-degree bearing edge,Die-cast hoops or Gretsch 302 depending configuration,10,medium,shellThickness,gretsch_usa-custom_usa-custom-snare_14x5_ply_maple_gum_poplar_30-degree-bearing-edge_nitrocellulose-lacquer-wrap_die-cas_b7b6bae8
Gretsch,USA Custom,USA Custom Snare,14x5.5,wood,Ply,Maple,Gum,MISSING,30-degree bearing edge,Die-cast hoops or Gretsch 302 depending configuration,10,medium,shellThickness,gretsch_usa-custom_usa-custom-snare_14x5-5_ply_maple_gum_poplar_30-degree-bearing-edge_nitrocellulose-lacquer-wrap_die-c_7a6d341a
Gretsch,USA Custom,USA Custom Snare,14x6.5,wood,Ply,Maple,Gum,MISSING,30-degree bearing edge,Die-cast hoops or Gretsch 302 depending configuration,10,medium,shellThickness,gretsch_usa-custom_usa-custom-snare_14x6-5_ply_maple_gum_poplar_30-degree-bearing-edge_nitrocellulose-lacquer-wrap_die-c_3c6c37d4
Gretsch,USA Custom,USA Custom Snare,14x8,wood,Ply,Maple,Gum,MISSING,30-degree bearing edge,Die-cast hoops or Gretsch 302 depending configuration,10,medium,shellThickness,gretsch_usa-custom_usa-custom-snare_14x8_ply_maple_gum_poplar_30-degree-bearing-edge_nitrocellulose-lacquer-wrap_die-cas_6f9fdfb0
Hendrix Drums,Archetype Stave Series,Archetype Solid Stave Ash 14x6.5,14x6.5,wood,Solid Shell,Ash,,MISSING,MISSING,unknown,,medium,"shellThickness, bearingEdgeOrFallback",hendrix-drums_archetype-stave-series_archetype-solid-stave-ash-14x6-5_14x6-5_solid-shell_ash_4f56ee15
Hendrix Drums,Archetype Stave Series,Archetype Solid Stave Cherry 14x6.5,14x6.5,wood,Solid Shell,Cherry,,MISSING,MISSING,unknown,,medium,"shellThickness, bearingEdgeOrFallback",hendrix-drums_archetype-stave-series_archetype-solid-stave-cherry-14x6-5_14x6-5_solid-shell_cherry_78d01a71
Hendrix Drums,Archetype Stave Series,Archetype Solid Stave Mahogany 14x6.5,14x6.5,wood,Solid Shell,Mahogany,,MISSING,MISSING,unknown,,medium,"shellThickness, bearingEdgeOrFallback",hendrix-drums_archetype-stave-series_archetype-solid-stave-mahogany-14x6-5_14x6-5_solid-shell_mahogany_42afb1b7
Hendrix Drums,Archetype Stave Series,Archetype Solid Stave Maple 14x6.5,14x6.5,wood,Solid Shell,Maple,,MISSING,MISSING,unknown,,medium,"shellThickness, bearingEdgeOrFallback",hendrix-drums_archetype-stave-series_archetype-solid-stave-maple-14x6-5_14x6-5_solid-shell_maple_bd6aefc7
Hendrix Drums,Archetype Stave Series,Archetype Solid Stave Oak 14x6.5,14x6.5,wood,Solid Shell,Oak,,MISSING,MISSING,unknown,,medium,"shellThickness, bearingEdgeOrFallback",hendrix-drums_archetype-stave-series_archetype-solid-stave-oak-14x6-5_14x6-5_solid-shell_oak_e4f07e87
Hendrix Drums,Archetype Stave Series,Archetype Solid Stave Padauk 14x6.5,14x6.5,wood,Solid Shell,Padauk,,MISSING,MISSING,unknown,,medium,"shellThickness, bearingEdgeOrFallback",hendrix-drums_archetype-stave-series_archetype-solid-stave-padauk-14x6-5_14x6-5_solid-shell_padauk_bd9924d1
Hendrix Drums,Archetype Stave Series,Archetype Solid Stave Purpleheart 14x6.5,14x6.5,wood,Solid Shell,Purpleheart,,MISSING,MISSING,unknown,,medium,"shellThickness, bearingEdgeOrFallback",hendrix-drums_archetype-stave-series_archetype-solid-stave-purpleheart-14x6-5_14x6-5_solid-shell_purpleheart_c71d02b0
Hendrix Drums,Archetype Stave Series,Archetype Solid Stave Walnut 14x6.5,14x6.5,wood,Solid Shell,Walnut,,MISSING,MISSING,unknown,,medium,"shellThickness, bearingEdgeOrFallback",hendrix-drums_archetype-stave-series_archetype-solid-stave-walnut-14x6-5_14x6-5_solid-shell_walnut_01988229
INDe Drum Lab,Kalamazoo / Custom Metal-Wood,Kalamazoo Aluminum,14x6.5,metal,Metal,Aluminum,,MISSING,MISSING,unknown,,medium,"shellThickness, bearingEdgeOrFallback",inde-drum-lab_kalamazoo-custom-metal-wood_kalamazoo-aluminum_14x6-5_metal_aluminum_5432eb51
INDe Drum Lab,Kalamazoo / Custom Metal-Wood,Kalamazoo Brass,14x6.5,metal,Metal,Brass,,MISSING,MISSING,unknown,,medium,"shellThickness, bearingEdgeOrFallback",inde-drum-lab_kalamazoo-custom-metal-wood_kalamazoo-brass_14x6-5_metal_brass_b5ced32d
INDe Drum Lab,Kalamazoo / Custom Metal-Wood,Maple Custom,14x6.5,wood,Ply,Maple,,MISSING,MISSING,unknown,,medium,"shellThickness, bearingEdgeOrFallback",inde-drum-lab_kalamazoo-custom-metal-wood_maple-custom_14x6-5_ply_maple_dbeee215
Joyful Noise Drum Company,Custom / Reserve,Aluminum 14x6.5,14x6.5,metal,Metal,Aluminum,,MISSING,MISSING,unknown,,medium,"shellThickness, bearingEdgeOrFallback",joyful-noise-drum-company_custom-reserve_aluminum-14x6-5_14x6-5_metal_aluminum_ec1790e0
Joyful Noise Drum Company,Custom / Reserve,Beacon Bronze 14x6.5,14x6.5,metal,Metal,Bronze,,MISSING,MISSING,unknown,,medium,"shellThickness, bearingEdgeOrFallback",joyful-noise-drum-company_custom-reserve_beacon-bronze-14x6-5_14x6-5_metal_bronze_b21d31a4
Joyful Noise Drum Company,Custom / Reserve,Conquered Copper 14x6.5,14x6.5,metal,Metal,Copper,,MISSING,MISSING,unknown,,medium,"shellThickness, bearingEdgeOrFallback",joyful-noise-drum-company_custom-reserve_conquered-copper-14x6-5_14x6-5_metal_copper_d6278474
Joyful Noise Drum Company,Custom / Reserve,Core Model Brass 14x6.5,14x6.5,metal,Metal,Brass,,MISSING,MISSING,unknown,,medium,"shellThickness, bearingEdgeOrFallback",joyful-noise-drum-company_custom-reserve_core-model-brass-14x6-5_14x6-5_metal_brass_95fcecfc
Joyful Noise Drum Company,Custom / Reserve,Knight Hawk Ferromanganese Steel 14x6.5,14x6.5,metal,Metal,Steel,,MISSING,MISSING,unknown,,medium,"shellThickness, bearingEdgeOrFallback",joyful-noise-drum-company_custom-reserve_knight-hawk-ferromanganese-steel-14x6-5_14x6-5_metal_steel_b99a6c28
Joyful Noise Drum Company,Custom / Reserve,TKO Brass 14x6.5,14x6.5,metal,Metal,Brass,,MISSING,MISSING,unknown,,medium,"shellThickness, bearingEdgeOrFallback",joyful-noise-drum-company_custom-reserve_tko-brass-14x6-5_14x6-5_metal_brass_20583d5f
Joyful Noise Drum Company,Custom / Reserve,Legacy Mahogany 14x6.5,14x6.5,wood,Ply,Mahogany,,MISSING,MISSING,unknown,,medium,"shellThickness, bearingEdgeOrFallback",joyful-noise-drum-company_custom-reserve_legacy-mahogany-14x6-5_14x6-5_ply_mahogany_787bf0db
Joyful Noise Drum Company,Custom / Reserve,Personal Reserve Exotic Wood 14x6.5,14x6.5,wood,Ply,Exotic Hardwood,,MISSING,MISSING,unknown,,medium,"shellThickness, bearingEdgeOrFallback",joyful-noise-drum-company_custom-reserve_personal-reserve-exotic-wood-14x6-5_14x6-5_ply_exotic-hardwood_7710c3d1
Keplinger,Black Iron / Stainless,Black Iron 14x6.5,14x6.5,metal,Metal,Steel,,MISSING,MISSING,unknown,,medium,"shellThickness, bearingEdgeOrFallback",keplinger_black-iron-stainless_black-iron-14x6-5_14x6-5_metal_steel_0fae9ad0
Keplinger,Black Iron / Stainless,Stainless Steel 14x6.5,14x6.5,metal,Metal,Stainless Steel,,MISSING,MISSING,unknown,,medium,"shellThickness, bearingEdgeOrFallback",keplinger_black-iron-stainless_stainless-steel-14x6-5_14x6-5_metal_stainless-steel_27a10cc6
Ludwig,1970s Ludwig,Vistalite Snare 5x14,14x5,composite,Acrylic,Acrylic,,MISSING,MISSING,Triple-flanged,8,medium,"shellThickness, bearingEdgeOrFallback",ludwig_1970s-ludwig_vistalite-snare-5x14_14x5_acrylic_acrylic_transparent-acrylic_triple-flanged_cd29803d
Ludwig,1970s Ludwig,Vistalite Snare 6.5x14,14x6.5,composite,Acrylic,Acrylic,,MISSING,MISSING,Triple-flanged,10,medium,"shellThickness, bearingEdgeOrFallback",ludwig_1970s-ludwig_vistalite-snare-6-5x14_14x6-5_acrylic_acrylic_transparent-acrylic_triple-flanged_786fcc62
Ludwig,Vistalite,Vistalite Acrylic 5x14,14x5,composite,Acrylic,Acrylic,,MISSING,MISSING,Triple-flanged,8,medium,"shellThickness, bearingEdgeOrFallback",ludwig_vistalite_vistalite-acrylic-5x14_14x5_acrylic_acrylic_transparent-acrylic_triple-flanged_353a101d
Ludwig,Vistalite,Vistalite Acrylic 6.5x14,14x6.5,composite,Acrylic,Acrylic,,MISSING,MISSING,Triple-flanged,10,medium,"shellThickness, bearingEdgeOrFallback",ludwig_vistalite_vistalite-acrylic-6-5x14_14x6-5_acrylic_acrylic_transparent-acrylic_triple-flanged_429e1234
Ludwig,Vistalite,Vistalite Acrylic 8x14,14x8,composite,Acrylic,Acrylic,,MISSING,MISSING,Triple-flanged,10,medium,"shellThickness, bearingEdgeOrFallback",ludwig_vistalite_vistalite-acrylic-8x14_14x8_acrylic_acrylic_transparent-acrylic_triple-flanged_4328eeda
Ludwig,1911-1930s Ludwig & Ludwig,Professional Model 5x14,14x5,metal,Metal,Brass,,MISSING,MISSING,Single-flanged or era hoop,8,medium,"shellThickness, bearingEdgeOrFallback",ludwig_1911-1930s-ludwig-and-ludwig_professional-model-5x14_14x5_metal_brass_nob-lacquer-pearl_single-flanged-or-era-hoo_27297878
Ludwig,1911-1930s Ludwig & Ludwig,Professional Model 6.5x14,14x6.5,metal,Metal,Brass,,MISSING,MISSING,Single-flanged or era hoop,8,medium,"shellThickness, bearingEdgeOrFallback",ludwig_1911-1930s-ludwig-and-ludwig_professional-model-6-5x14_14x6-5_metal_brass_nob-lacquer-pearl_single-flanged-or-era_8939a4c5
Ludwig,1920s Ludwig & Ludwig,Black Beauty De Luxe 5x14,14x5,metal,Metal,Brass,,MISSING,MISSING,Single-flanged or era hoop,8,medium,"shellThickness, bearingEdgeOrFallback",ludwig_1920s-ludwig-and-ludwig_black-beauty-de-luxe-5x14_14x5_metal_brass_black-nickel-engraved-brass_single-flanged-or-_98489677
Ludwig,1920s Ludwig & Ludwig,Black Beauty De Luxe 6.5x14,14x6.5,metal,Metal,Brass,,MISSING,MISSING,Single-flanged or era hoop,8,medium,"shellThickness, bearingEdgeOrFallback",ludwig_1920s-ludwig-and-ludwig_black-beauty-de-luxe-6-5x14_14x6-5_metal_brass_black-nickel-engraved-brass_single-flanged_5ae3d434
Ludwig,1920s Ludwig & Ludwig,Super Ludwig 5x14 NOB,14x5,metal,Metal,Brass,,MISSING,MISSING,Single-flanged or era hoop,8,medium,"shellThickness, bearingEdgeOrFallback",ludwig_1920s-ludwig-and-ludwig_super-ludwig-5x14-nob_14x5_metal_brass_nickel-over-brass_single-flanged-or-era-hoop_c718211b
Ludwig,1930s Ludwig & Ludwig,Super Sensitive 5x14 NOB,14x5,metal,Metal,Brass,,MISSING,MISSING,Single-flanged or era hoop,8,medium,"shellThickness, bearingEdgeOrFallback",ludwig_1930s-ludwig-and-ludwig_super-sensitive-5x14-nob_14x5_metal_brass_nickel-over-brass_single-flanged-or-era-hoop_552351e1
Ludwig,1940s WFL,Compacto Snare Drum,14x3.5,metal,Metal,Maple / Poplar,,MISSING,MISSING,Era hoop,8,low,"shellThickness, bearingEdgeOrFallback",ludwig_1940s-wfl_compacto-snare-drum_14x3-5_metal_maple-poplar_lacquer-pearl_era-hoop_17c1c3a5
Ludwig,1960 Ludwig,Super Ludwig Metal 5x14,14x5,metal,metal,Brass,Unknown,MISSING,Formed metal bearing edge,Triple-flanged,10,medium,shellThickness,ludwig_1960-ludwig_super-ludwig-metal-5x14_14x5_metal_brass_chrome-over-metal_triple-flanged_5aef5292
Ludwig,1963-1970s Ludwig,Acrolite 5x14,14x5,metal,Metal,Aluminum,,MISSING,MISSING,Triple-flanged,8,medium,"shellThickness, bearingEdgeOrFallback",ludwig_1963-1970s-ludwig_acrolite-5x14_14x5_metal_aluminum_brushed-aluminum_triple-flanged_lm404_914e4560
Ludwig,1963-1970s Ludwig,Super Sensitive 5x14,14x5,metal,Metal,Aluminum,Brass,MISSING,MISSING,Triple-flanged,10,medium,"shellThickness, bearingEdgeOrFallback",ludwig_1963-1970s-ludwig_super-sensitive-5x14_14x5_metal_aluminum_brass_chrome-plated_triple-flanged_f05317dd
Ludwig,1963-1970s Ludwig,Super Sensitive 6.5x14,14x6.5,metal,Metal,Aluminum,Brass,MISSING,MISSING,Triple-flanged,10,medium,"shellThickness, bearingEdgeOrFallback",ludwig_1963-1970s-ludwig_super-sensitive-6-5x14_14x6-5_metal_aluminum_brass_chrome-plated_triple-flanged_305016ee
Ludwig,1970s Ludwig,Piccolo Snare 3x13,13x3,metal,Ply,Steel,,MISSING,MISSING,Triple-flanged,8,low,"shellThickness, bearingEdgeOrFallback",ludwig_1970s-ludwig_piccolo-snare-3x13_13x3_ply_steel_chrome-lacquer_triple-flanged_7abeac09
Ludwig,1980s Ludwig,Hammered Bronze 5x14,14x5,metal,metal,Bronze,Unknown,MISSING,Formed metal bearing edge,Triple-flanged,10,medium,shellThickness,ludwig_1980s-ludwig_hammered-bronze-5x14_14x5_metal_bronze_hammered-bronze_triple-flanged_7732000e
Ludwig,1980s Ludwig,Hammered Bronze 6.5x14,14x6.5,metal,metal,Bronze,Unknown,MISSING,Formed metal bearing edge,Triple-flanged,10,medium,shellThickness,ludwig_1980s-ludwig_hammered-bronze-6-5x14_14x6-5_metal_bronze_hammered-bronze_triple-flanged_00bb458c
Ludwig,1980s Ludwig,Hammered Chrome 5x14,14x5,metal,metal,Steel,Unknown,MISSING,Formed metal bearing edge,Triple-flanged,10,medium,shellThickness,ludwig_1980s-ludwig_hammered-chrome-5x14_14x5_metal_steel_hammered-chrome_triple-flanged_a0325acc
Ludwig,1980s Ludwig,Smooth Bronze 5x14,14x5,metal,metal,Bronze,Unknown,MISSING,Formed metal bearing edge,Triple-flanged,10,medium,shellThickness,ludwig_1980s-ludwig_smooth-bronze-5x14_14x5_metal_bronze_smooth-bronze_triple-flanged_cc1d672c
Ludwig,1989-1994 Ludwig,Bronze Series 5x14,14x5,metal,Metal,Bronze,,MISSING,MISSING,Triple-flanged,10,medium,"shellThickness, bearingEdgeOrFallback",ludwig_1989-1994-ludwig_bronze-series-5x14_14x5_metal_bronze_bronze_triple-flanged_c6bc1a0c
Ludwig,1989-1994 Ludwig,Metal Series 5x14,14x5,metal,Metal,Steel,Aluminum,MISSING,MISSING,Triple-flanged,10,low,"shellThickness, bearingEdgeOrFallback",ludwig_1989-1994-ludwig_metal-series-5x14_14x5_metal_steel_aluminum_chrome-or-metal-finish_triple-flanged_e6548e4b
Ludwig,1990s-2000s Ludwig,Black Magic 5x14,14x5,metal,Metal,Brass,,MISSING,MISSING,Die-cast or triple-flanged depending model,10,medium,"shellThickness, bearingEdgeOrFallback",ludwig_1990s-2000s-ludwig_black-magic-5x14_14x5_metal_brass_black-nickel-over-brass_die-cast-or-triple-flanged-depending_0cf67ab3
Ludwig,1990s-2000s Ludwig,Black Magic 6.5x14,14x6.5,metal,Metal,Brass,,MISSING,MISSING,Die-cast or triple-flanged depending model,10,medium,"shellThickness, bearingEdgeOrFallback",ludwig_1990s-2000s-ludwig_black-magic-6-5x14_14x6-5_metal_brass_black-nickel-over-brass_die-cast-or-triple-flanged-depen_7e603045
Ludwig,Artist / Signature,Jon Theodore Signature 6.5x14,14x6.5,metal,Metal,Brass,,MISSING,MISSING,Triple-flanged,10,medium,"shellThickness, bearingEdgeOrFallback",ludwig_artist-signature_jon-theodore-signature-6-5x14_14x6-5_metal_brass_raw-aged-brass_triple-flanged_99c1f0ff
Ludwig,Artist / Signature,Nate Smith Signature 4.75x14,14x4.75,metal,Metal,Brass,,MISSING,MISSING,Triple-flanged,10,medium,"shellThickness, bearingEdgeOrFallback",ludwig_artist-signature_nate-smith-signature-4-75x14_14x4-75_metal_brass_nickel-over-brass_triple-flanged_0d88b7c9
Ludwig,1940s WFL,Buddy Rich Super Classic 5.5x14,14x5.5,wood,Ply,Maple / Poplar,,MISSING,MISSING,Triple-flanged or era hoop,8,medium,"shellThickness, bearingEdgeOrFallback",ludwig_1940s-wfl_buddy-rich-super-classic-5-5x14_14x5-5_ply_maple-poplar_lacquer-or-pearl_triple-flanged-or-era-hoop_b6a601f6
Ludwig,1940s WFL,Ray McKinley Snare Drum 6.5x14,14x6.5,wood,Ply,Maple / Poplar,,MISSING,MISSING,Era hoop,8,medium,"shellThickness, bearingEdgeOrFallback",ludwig_1940s-wfl_ray-mckinley-snare-drum-6-5x14_14x6-5_ply_maple-poplar_lacquer-or-pearl_era-hoop_636f52e1
Ludwig,1950s Leedy & Ludwig,Broadway Floating Head 5.5x14,14x5.5,wood,Ply,Maple / Poplar,,MISSING,MISSING,Era hoop,8,medium,"shellThickness, bearingEdgeOrFallback",ludwig_1950s-leedy-and-ludwig_broadway-floating-head-5-5x14_14x5-5_ply_maple-poplar_lacquer-pearl_era-hoop_bada608b
Ludwig,1950s Leedy & Ludwig,Broadway New Era 5.5x14,14x5.5,wood,Ply,Maple / Poplar,,MISSING,MISSING,Era hoop,8,medium,"shellThickness, bearingEdgeOrFallback",ludwig_1950s-leedy-and-ludwig_broadway-new-era-5-5x14_14x5-5_ply_maple-poplar_lacquer-pearl_era-hoop_adb97a56
Ludwig,1950s Leedy & Ludwig,The Nifty 5x14,14x5,wood,Ply,Maple / Poplar,,MISSING,MISSING,Era hoop,6,medium,"shellThickness, bearingEdgeOrFallback",ludwig_1950s-leedy-and-ludwig_the-nifty-5x14_14x5_ply_maple-poplar_lacquer-pearl_era-hoop_47a48998
Ludwig,1950s Leedy & Ludwig,The Reliance 5x14,14x5,wood,Ply,Maple / Poplar,,MISSING,MISSING,Era hoop,6,medium,"shellThickness, bearingEdgeOrFallback",ludwig_1950s-leedy-and-ludwig_the-reliance-5x14_14x5_ply_maple-poplar_lacquer-pearl_era-hoop_c7c59a10
Ludwig,1950s Leedy & Ludwig,The Utility 5x14,14x5,wood,Ply,Maple / Poplar,,MISSING,MISSING,Era hoop,6,medium,"shellThickness, bearingEdgeOrFallback",ludwig_1950s-leedy-and-ludwig_the-utility-5x14_14x5_ply_maple-poplar_lacquer-pearl_era-hoop_72c2aed0
Ludwig,1960 Ludwig,Auditorium 6.5x14,14x6.5,wood,ply,Maple,Poplar,MISSING,Vintage Ludwig rounded-over bearing edge / baseball-bat era edge,Triple-flanged,unknown,medium,shellThickness,ludwig_1960-ludwig_auditorium-6-5x14_14x6-5_ply_maple-poplar_lacquer-pearl_triple-flanged_67866f31
Ludwig,1960 Ludwig,DownBeat 4x14,14x4,wood,ply,Maple,Poplar,MISSING,Vintage Ludwig rounded-over bearing edge / baseball-bat era edge,Triple-flanged,unknown,medium,shellThickness,ludwig_1960-ludwig_downbeat-4x14_14x4_ply_maple-poplar_lacquer-pearl_triple-flanged_dd90647b
Ludwig,1960 Ludwig,Jazz Combo 5x14,14x5,wood,ply,Maple,Poplar,MISSING,Vintage Ludwig rounded-over bearing edge / baseball-bat era edge,Triple-flanged,unknown,medium,shellThickness,ludwig_1960-ludwig_jazz-combo-5x14_14x5_ply_maple-poplar_lacquer-pearl_triple-flanged_5ed15c1c
Ludwig,1960 Ludwig,Jazz Festival 5.5x14,14x5.5,wood,ply,Mahogany,Poplar,MISSING,Vintage Ludwig rounded-over bearing edge / baseball-bat era edge,Triple-flanged,8,medium,shellThickness,ludwig_1960-ludwig_jazz-festival-5-5x14_14x5-5_ply_mahogany-poplar_lacquer-or-pearl-wrap_triple-flanged_db65937d
Ludwig,1960 Ludwig,Las Vegas 5x14,14x5,wood,ply,Maple,Poplar,MISSING,Vintage Ludwig rounded-over bearing edge / baseball-bat era edge,Triple-flanged,unknown,medium,shellThickness,ludwig_1960-ludwig_las-vegas-5x14_14x5_ply_maple-poplar_lacquer-pearl_triple-flanged_f13dd39e
Ludwig,1960 Ludwig,Pioneer 5.5x14,14x5.5,wood,ply,Mahogany,Poplar,MISSING,Vintage Ludwig rounded-over bearing edge / baseball-bat era edge,Triple-flanged,6,medium,shellThickness,ludwig_1960-ludwig_pioneer-5-5x14_14x5-5_ply_mahogany-poplar_lacquer-or-pearl-wrap_triple-flanged_d987b16f
Ludwig,1960 Ludwig,Porto Pak 3x13,13x3,wood,ply,Maple,Poplar,MISSING,Vintage Ludwig rounded-over bearing edge / baseball-bat era edge,Triple-flanged,unknown,medium,shellThickness,ludwig_1960-ludwig_porto-pak-3x13_13x3_ply_maple-poplar_lacquer-pearl_triple-flanged_c13c5e0d
Ludwig,1960 Ludwig,School Festival 5.5x14,14x5.5,wood,ply,Maple,Poplar,MISSING,Vintage Ludwig rounded-over bearing edge / baseball-bat era edge,Triple-flanged,unknown,medium,shellThickness,ludwig_1960-ludwig_school-festival-5-5x14_14x5-5_ply_maple-poplar_lacquer-pearl_triple-flanged_6511b6b9
Ludwig,1960 Ludwig,Super Classic Snare 5.5x14,14x5.5,wood,ply,Maple,Poplar,MISSING,Vintage Ludwig rounded-over bearing edge / baseball-bat era edge,Triple-flanged,unknown,medium,shellThickness,ludwig_1960-ludwig_super-classic-snare-5-5x14_14x5-5_ply_maple-poplar_lacquer-or-pearl-wrap_triple-flanged_cb20063a
Ludwig,1960 Ludwig,Symphonic Snare 6.5x14,14x6.5,wood,ply,Maple,Poplar,MISSING,Vintage Ludwig rounded-over bearing edge / baseball-bat era edge,Concert hoop,unknown,medium,shellThickness,ludwig_1960-ludwig_symphonic-snare-6-5x14_14x6-5_ply_maple-poplar_lacquer-pearl_concert-hoop_837e481d
Ludwig,1980s Ludwig,Coliseum 8x14,14x8,wood,ply,Maple,Unknown,MISSING,Modern Ludwig wood bearing edge; exact profile needs confirmation,Triple-flanged,10,medium,shellThickness,ludwig_1980s-ludwig_coliseum-8x14_14x8_ply_maple_lacquer-wrap_triple-flanged_44ab7d65
Ludwig,1980s Ludwig,Rock/Concert 6.5x14,14x6.5,wood,ply,Maple,Unknown,MISSING,Modern Ludwig wood bearing edge; exact profile needs confirmation,Triple-flanged,unknown,medium,shellThickness,ludwig_1980s-ludwig_rock-concert-6-5x14_14x6-5_ply_maple_lacquer-wrap_triple-flanged_d30d06e3
Ludwig,1980s Ludwig,S/L Snare Drum 5.5x14,14x5.5,wood,ply,Maple,Poplar,MISSING,Ludwig wood bearing edge; exact profile needs confirmation,Triple-flanged,unknown,medium,shellThickness,ludwig_1980s-ludwig_s-l-snare-drum-5-5x14_14x5-5_ply_maple-poplar_lacquer-wrap_triple-flanged_d6f09d4a
Ludwig,1980s Ludwig,Slotted Coliseum 8x14,14x8,wood,ply,Maple,Unknown,MISSING,Modern Ludwig wood bearing edge; exact profile needs confirmation,Triple-flanged,10,medium,shellThickness,ludwig_1980s-ludwig_slotted-coliseum-8x14_14x8_ply_maple_lacquer-wrap_triple-flanged_5f12b875
Ludwig,1989-1994 Ludwig,Classic Series 5.5x14,14x5.5,wood,Ply,Maple / Poplar,,MISSING,MISSING,Triple-flanged,8,medium,"shellThickness, bearingEdgeOrFallback",ludwig_1989-1994-ludwig_classic-series-5-5x14_14x5-5_ply_maple-poplar_lacquer-wrap_triple-flanged_ef9a63a1
Ludwig,1989-1994 Ludwig,Rocker Series 5.5x14,14x5.5,wood,Ply,Maple,,MISSING,MISSING,Triple-flanged,8,medium,"shellThickness, bearingEdgeOrFallback",ludwig_1989-1994-ludwig_rocker-series-5-5x14_14x5-5_ply_maple_wrap_triple-flanged_916f630a
Ludwig,2000s Ludwig,Centennial Snare 6.5x14,14x6.5,wood,Ply,Maple,,MISSING,MISSING,Triple-flanged,10,medium,"shellThickness, bearingEdgeOrFallback",ludwig_2000s-ludwig_centennial-snare-6-5x14_14x6-5_ply_maple_lacquer-wrap_triple-flanged_ad95bbc1
Ludwig,2000s Ludwig,Element Snare 5.5x14,14x5.5,wood,Ply,Poplar,,MISSING,MISSING,Triple-flanged,8,medium,"shellThickness, bearingEdgeOrFallback",ludwig_2000s-ludwig_element-snare-5-5x14_14x5-5_ply_poplar_wrap_triple-flanged_99e4d5fa
Ludwig,2000s Ludwig,Epic Snare 6.5x14,14x6.5,wood,Ply,Maple,,MISSING,MISSING,Triple-flanged,10,medium,"shellThickness, bearingEdgeOrFallback",ludwig_2000s-ludwig_epic-snare-6-5x14_14x6-5_ply_maple_lacquer-wrap_triple-flanged_be2517ef
Ludwig,2000s Ludwig,Keystone Snare 6.5x14,14x6.5,wood,Ply,Maple,,MISSING,MISSING,Triple-flanged,10,medium,"shellThickness, bearingEdgeOrFallback",ludwig_2000s-ludwig_keystone-snare-6-5x14_14x6-5_ply_maple_lacquer-wrap_triple-flanged_89955984
Ludwig,Artist / Signature,Questlove Breakbeats Snare 5x14,14x5,wood,Ply,Poplar,,MISSING,MISSING,Triple-flanged,8,medium,"shellThickness, bearingEdgeOrFallback",ludwig_artist-signature_questlove-breakbeats-snare-5x14_14x5_ply_poplar_wrap_triple-flanged_0c880d4f
Ludwig,Classic Oak,Classic Oak 5.5x14,14x5.5,wood,ply,Oak,Maple,6.5mm,MISSING,triple-flanged steel,8,high,bearingEdgeOrFallback,ludwig_classic-oak_classic-oak-5-5x14_14x5-5_ply_maple_ludwig-usa-bearing-edge-not-specified_ludwig-snare-bed-not-specif_c02c2837
Ludwig,Classic Oak,Classic Oak 5x14,14x5,wood,ply,Oak,Maple,6.5mm,MISSING,triple-flanged steel,8,high,bearingEdgeOrFallback,ludwig_classic-oak_classic-oak-5x14_14x5_ply_maple_ludwig-usa-bearing-edge-not-specified_ludwig-snare-bed-not-specified__c6e3547f
Ludwig,Classic Oak,Classic Oak 6.5x14,14x6.5,wood,ply,Oak,Maple,6.5mm,MISSING,triple-flanged steel,10,high,bearingEdgeOrFallback,ludwig_classic-oak_classic-oak-6-5x14_14x6-5_ply_maple_ludwig-usa-bearing-edge-not-specified_ludwig-snare-bed-not-specif_1ac0b079
Ludwig,Classic Oak,Classic Oak 8x14,14x8,wood,ply,Oak,Maple,6.5mm,MISSING,triple-flanged steel,10,high,bearingEdgeOrFallback,ludwig_classic-oak_classic-oak-8x14_14x8_ply_maple_ludwig-usa-bearing-edge-not-specified_ludwig-snare-bed-not-specified__e8b627e8
Ludwig,Coliseum,Slotted Coliseum 8x14,14x8,wood,Ply,Maple,,MISSING,MISSING,Triple-flanged,12,medium,"shellThickness, bearingEdgeOrFallback",ludwig_coliseum_slotted-coliseum-8x14_14x8_ply_maple_lacquer-or-wrap_triple-flanged_c133b5cb
Ludwig,Jazz Fest Series,Jazz Fest Series 5.5x14,14x5.5,wood,Ply,Mahogany / Poplar,,6mm,MISSING,Triple-flanged or customer option,8,medium,bearingEdgeOrFallback,ludwig_jazz-fest-series_jazz-fest-series-5-5x14_14x5-5_ply_mahogany-poplar_6_ludwig-usa-bearing-edge-not-specified_ludwi_7eeb3f23
Ludwig,Modern Ludwig,Club Date Reissue 5x14,14x5,wood,Ply,Maple / Poplar,,MISSING,MISSING,Triple-flanged,8,medium,"shellThickness, bearingEdgeOrFallback",ludwig_modern-ludwig_club-date-reissue-5x14_14x5_ply_maple-poplar_lacquer-wrap_triple-flanged_f5a2209a
Ludwig,Modern Ludwig,Club Date Reissue 6.5x14,14x6.5,wood,Ply,Maple / Poplar,,MISSING,MISSING,Triple-flanged,8,medium,"shellThickness, bearingEdgeOrFallback",ludwig_modern-ludwig_club-date-reissue-6-5x14_14x6-5_ply_maple-poplar_lacquer-wrap_triple-flanged_a26abc6c
Mapex,MPX,MPX Steel 14x5.5,14x5.5,metal,Metal,Steel,,MISSING,MISSING,Triple-flange hoops,8,medium,"shellThickness, bearingEdgeOrFallback",mapex_mpx_mpx-steel-14x5-5_14x5-5_metal_steel_chrome-plated_triple-flange-hoops_mpst4550_e61683e0
Mapex,Armory,Exterminator,14x6.5,wood,Ply,Walnut,,MISSING,SONIClear / modern Mapex edge,2.3mm Powerhoops,10,medium,shellThickness,mapex_armory_exterminator_14x6-5_ply_walnut_soniclear-modern-mapex-edge_lacquer_2-3mm-powerhoops_arbw4650_1b0cfe3e
Mapex,Armory,Peacemaker,14x5.5,wood,Ply,Maple / Walnut,,MISSING,SONIClear / modern Mapex edge,2.3mm Powerhoops,10,medium,shellThickness,mapex_armory_peacemaker_14x5-5_ply_maple-walnut_soniclear-modern-mapex-edge_lacquer_2-3mm-powerhoops_armw4550_d3bab458
Mapex,Armory,Sabre,14x5.5,wood,Ply,Maple,,MISSING,SONIClear / modern Mapex edge,2.3mm Powerhoops,10,medium,shellThickness,mapex_armory_sabre_14x5-5_ply_maple_soniclear-modern-mapex-edge_lacquer_2-3mm-powerhoops_arml4551_2883e912
Mapex,Black Panther,Shadow,14x6.5,wood,Ply,Walnut,,MISSING,MISSING,Sonic Saver Hoops,10,medium,"shellThickness, bearingEdgeOrFallback",mapex_black-panther_shadow_14x6-5_ply_walnut_dark-lacquer_sonic-saver-hoops_bpnbw4650cxn_d4b3336e
Mapex,Black Panther Archive / Catalog Era,Birdseye Maple 10x5.5,10x5.5,wood,Ply,Maple,,5.1mm,MISSING,Die-cast hoops,8,medium,bearingEdgeOrFallback,mapex_black-panther-archive-catalog-era_birdseye-maple-10x5-5_10x5-5_ply_maple_5-1_wax-lacquer-plated-finish-varies-by-m_1afd6637
Mapex,Black Panther Archive / Catalog Era,Birdseye Maple 12x5.5,12x5.5,wood,Ply,Maple,,5.1mm,MISSING,2.3mm Powerhoops,8,medium,bearingEdgeOrFallback,mapex_black-panther-archive-catalog-era_birdseye-maple-12x5-5_12x5-5_ply_maple_5-1_wax-lacquer-plated-finish-varies-by-m_32834c16
Mapex,Black Panther Archive / Catalog Era,Birdseye Maple 13x3.5,13x3.5,wood,Ply,Maple,,5.1mm,MISSING,2.3mm Powerhoops,8,medium,bearingEdgeOrFallback,mapex_black-panther-archive-catalog-era_birdseye-maple-13x3-5_13x3-5_ply_maple_5-1_wax-lacquer-plated-finish-varies-by-m_660d6a7a
Mapex,Black Panther Archive / Catalog Era,Birdseye Maple 13x6,13x6,wood,Ply,Maple,,5.1mm,MISSING,Die-cast hoops,8,medium,bearingEdgeOrFallback,mapex_black-panther-archive-catalog-era_birdseye-maple-13x6_13x6_ply_maple_5-1_wax-lacquer-plated-finish-varies-by-model_8a3037b8
Mapex,Black Panther Archive / Catalog Era,Birdseye Maple 14x3.5,14x3.5,wood,Ply,Maple,,5.1mm,MISSING,2.3mm Powerhoops,10,medium,bearingEdgeOrFallback,mapex_black-panther-archive-catalog-era_birdseye-maple-14x3-5_14x3-5_ply_maple_5-1_wax-lacquer-plated-finish-varies-by-m_651fd6a6
Mapex,Black Panther Archive / Catalog Era,Birdseye Maple 14x5,14x5,wood,Ply,Maple,,5.1mm,MISSING,2.3mm Powerhoops,10,medium,bearingEdgeOrFallback,mapex_black-panther-archive-catalog-era_birdseye-maple-14x5_14x5_ply_maple_5-1_wax-lacquer-plated-finish-varies-by-model_84920af3
Mapex,Black Panther Archive / Catalog Era,Birdseye Maple 14x5.5,14x5.5,wood,Ply,Maple,,5.1mm,MISSING,Die-cast hoops,10,medium,bearingEdgeOrFallback,mapex_black-panther-archive-catalog-era_birdseye-maple-14x5-5_14x5-5_ply_maple_5-1_wax-lacquer-plated-finish-varies-by-m_0510b806
Mapex,Black Panther Archive / Catalog Era,Birdseye Maple 14x6,14x6,wood,Ply,Maple,,5.1mm,MISSING,2.3mm Powerhoops,10,medium,bearingEdgeOrFallback,mapex_black-panther-archive-catalog-era_birdseye-maple-14x6_14x6_ply_maple_5-1_wax-lacquer-plated-finish-varies-by-model_e90417d8
Mapex,Black Panther Archive / Catalog Era,Birdseye Maple 14x6.5,14x6.5,wood,Ply,Maple,,5.1mm,MISSING,2.3mm Powerhoops,10,medium,bearingEdgeOrFallback,mapex_black-panther-archive-catalog-era_birdseye-maple-14x6-5_14x6-5_ply_maple_5-1_wax-lacquer-plated-finish-varies-by-m_6360a353
Mapex,Black Panther Archive / Catalog Era,Birdseye Maple 14x7,14x7,wood,Ply,Maple,,5.1mm,MISSING,Die-cast hoops,10,medium,bearingEdgeOrFallback,mapex_black-panther-archive-catalog-era_birdseye-maple-14x7_14x7_ply_maple_5-1_wax-lacquer-plated-finish-varies-by-model_275b5b6f
Mapex,Black Panther Archive / Catalog Era,Birdseye Maple 14x8,14x8,wood,Ply,Maple,,5.1mm,MISSING,2.3mm Powerhoops,10,medium,bearingEdgeOrFallback,mapex_black-panther-archive-catalog-era_birdseye-maple-14x8_14x8_ply_maple_5-1_wax-lacquer-plated-finish-varies-by-model_1d3f3ab0
Mapex,Black Panther Archive / Catalog Era,Cherry Maple 10x5.5,10x5.5,wood,Ply,Cherry,,5.1mm,MISSING,2.3mm Powerhoops,8,medium,bearingEdgeOrFallback,mapex_black-panther-archive-catalog-era_cherry-maple-10x5-5_10x5-5_ply_cherry_5-1_wax-lacquer-plated-finish-varies-by-mo_50190efd
Mapex,Black Panther Archive / Catalog Era,Cherry Maple 12x5.5,12x5.5,wood,Ply,Cherry,,5.1mm,MISSING,Die-cast hoops,8,medium,bearingEdgeOrFallback,mapex_black-panther-archive-catalog-era_cherry-maple-12x5-5_12x5-5_ply_cherry_5-1_wax-lacquer-plated-finish-varies-by-mo_c3ab9bb8
Mapex,Black Panther Archive / Catalog Era,Cherry Maple 13x3.5,13x3.5,wood,Ply,Cherry,,5.1mm,MISSING,2.3mm Powerhoops,8,medium,bearingEdgeOrFallback,mapex_black-panther-archive-catalog-era_cherry-maple-13x3-5_13x3-5_ply_cherry_5-1_wax-lacquer-plated-finish-varies-by-mo_8aadacfb
Mapex,Black Panther Archive / Catalog Era,Cherry Maple 13x6,13x6,wood,Ply,Cherry,,5.1mm,MISSING,2.3mm Powerhoops,8,medium,bearingEdgeOrFallback,mapex_black-panther-archive-catalog-era_cherry-maple-13x6_13x6_ply_cherry_5-1_wax-lacquer-plated-finish-varies-by-model__b61143bf
Mapex,Black Panther Archive / Catalog Era,Cherry Maple 14x3.5,14x3.5,wood,Ply,Cherry,,5.1mm,MISSING,Die-cast hoops,10,medium,bearingEdgeOrFallback,mapex_black-panther-archive-catalog-era_cherry-maple-14x3-5_14x3-5_ply_cherry_5-1_wax-lacquer-plated-finish-varies-by-mo_5245cedf
Mapex,Black Panther Archive / Catalog Era,Cherry Maple 14x5,14x5,wood,Ply,Cherry,,5.1mm,MISSING,2.3mm Powerhoops,10,medium,bearingEdgeOrFallback,mapex_black-panther-archive-catalog-era_cherry-maple-14x5_14x5_ply_cherry_5-1_wax-lacquer-plated-finish-varies-by-model__28937416
Mapex,Black Panther Archive / Catalog Era,Cherry Maple 14x5.5,14x5.5,wood,Ply,Cherry,,5.1mm,MISSING,2.3mm Powerhoops,10,medium,bearingEdgeOrFallback,mapex_black-panther-archive-catalog-era_cherry-maple-14x5-5_14x5-5_ply_cherry_5-1_wax-lacquer-plated-finish-varies-by-mo_06608ee6
Mapex,Black Panther Archive / Catalog Era,Cherry Maple 14x6,14x6,wood,Ply,Cherry,,5.1mm,MISSING,Die-cast hoops,10,medium,bearingEdgeOrFallback,mapex_black-panther-archive-catalog-era_cherry-maple-14x6_14x6_ply_cherry_5-1_wax-lacquer-plated-finish-varies-by-model__6f90c3f3
Mapex,Black Panther Archive / Catalog Era,Cherry Maple 14x6.5,14x6.5,wood,Ply,Cherry,,5.1mm,MISSING,2.3mm Powerhoops,10,medium,bearingEdgeOrFallback,mapex_black-panther-archive-catalog-era_cherry-maple-14x6-5_14x6-5_ply_cherry_5-1_wax-lacquer-plated-finish-varies-by-mo_c000021b
Mapex,Black Panther Archive / Catalog Era,Cherry Maple 14x7,14x7,wood,Ply,Cherry,,5.1mm,MISSING,2.3mm Powerhoops,10,medium,bearingEdgeOrFallback,mapex_black-panther-archive-catalog-era_cherry-maple-14x7_14x7_ply_cherry_5-1_wax-lacquer-plated-finish-varies-by-model__880e2c2b
Mapex,Black Panther Archive / Catalog Era,Cherry Maple 14x8,14x8,wood,Ply,Cherry,,5.1mm,MISSING,Die-cast hoops,10,medium,bearingEdgeOrFallback,mapex_black-panther-archive-catalog-era_cherry-maple-14x8_14x8_ply_cherry_5-1_wax-lacquer-plated-finish-varies-by-model__ceae8b7f
Mapex,Black Panther Archive / Catalog Era,Maple/Walnut Hybrid 10x5.5,10x5.5,wood,Ply,Maple / Walnut,,5.1mm,MISSING,2.3mm Powerhoops,8,medium,bearingEdgeOrFallback,mapex_black-panther-archive-catalog-era_maple-walnut-hybrid-10x5-5_10x5-5_ply_maple-walnut_5-1_wax-lacquer-plated-finish_7bf51930
Mapex,Black Panther Archive / Catalog Era,Maple/Walnut Hybrid 12x5.5,12x5.5,wood,Ply,Maple / Walnut,,5.1mm,MISSING,2.3mm Powerhoops,8,medium,bearingEdgeOrFallback,mapex_black-panther-archive-catalog-era_maple-walnut-hybrid-12x5-5_12x5-5_ply_maple-walnut_5-1_wax-lacquer-plated-finish_046f0252
Mapex,Black Panther Archive / Catalog Era,Maple/Walnut Hybrid 13x3.5,13x3.5,wood,Ply,Maple / Walnut,,5.1mm,MISSING,Die-cast hoops,8,medium,bearingEdgeOrFallback,mapex_black-panther-archive-catalog-era_maple-walnut-hybrid-13x3-5_13x3-5_ply_maple-walnut_5-1_wax-lacquer-plated-finish_ac6f2d45
Mapex,Black Panther Archive / Catalog Era,Maple/Walnut Hybrid 13x6,13x6,wood,Ply,Maple / Walnut,,5.1mm,MISSING,2.3mm Powerhoops,8,medium,bearingEdgeOrFallback,mapex_black-panther-archive-catalog-era_maple-walnut-hybrid-13x6_13x6_ply_maple-walnut_5-1_wax-lacquer-plated-finish-var_6d456c8f
Mapex,Black Panther Archive / Catalog Era,Maple/Walnut Hybrid 14x3.5,14x3.5,wood,Ply,Maple / Walnut,,5.1mm,MISSING,2.3mm Powerhoops,10,medium,bearingEdgeOrFallback,mapex_black-panther-archive-catalog-era_maple-walnut-hybrid-14x3-5_14x3-5_ply_maple-walnut_5-1_wax-lacquer-plated-finish_3b4ef804
Mapex,Black Panther Archive / Catalog Era,Maple/Walnut Hybrid 14x5,14x5,wood,Ply,Maple / Walnut,,5.1mm,MISSING,Die-cast hoops,10,medium,bearingEdgeOrFallback,mapex_black-panther-archive-catalog-era_maple-walnut-hybrid-14x5_14x5_ply_maple-walnut_5-1_wax-lacquer-plated-finish-var_183813ef
Mapex,Black Panther Archive / Catalog Era,Maple/Walnut Hybrid 14x5.5,14x5.5,wood,Ply,Maple / Walnut,,5.1mm,MISSING,2.3mm Powerhoops,10,medium,bearingEdgeOrFallback,mapex_black-panther-archive-catalog-era_maple-walnut-hybrid-14x5-5_14x5-5_ply_maple-walnut_5-1_wax-lacquer-plated-finish_4a6c51c4
Mapex,Black Panther Archive / Catalog Era,Maple/Walnut Hybrid 14x6,14x6,wood,Ply,Maple / Walnut,,5.1mm,MISSING,2.3mm Powerhoops,10,medium,bearingEdgeOrFallback,mapex_black-panther-archive-catalog-era_maple-walnut-hybrid-14x6_14x6_ply_maple-walnut_5-1_wax-lacquer-plated-finish-var_20791d4c
Mapex,Black Panther Archive / Catalog Era,Maple/Walnut Hybrid 14x6.5,14x6.5,wood,Ply,Maple / Walnut,,5.1mm,MISSING,Die-cast hoops,10,medium,bearingEdgeOrFallback,mapex_black-panther-archive-catalog-era_maple-walnut-hybrid-14x6-5_14x6-5_ply_maple-walnut_5-1_wax-lacquer-plated-finish_fb67a806
Mapex,Black Panther Archive / Catalog Era,Maple/Walnut Hybrid 14x7,14x7,wood,Ply,Maple / Walnut,,5.1mm,MISSING,2.3mm Powerhoops,10,medium,bearingEdgeOrFallback,mapex_black-panther-archive-catalog-era_maple-walnut-hybrid-14x7_14x7_ply_maple-walnut_5-1_wax-lacquer-plated-finish-var_a9d7b96a
Mapex,Black Panther Archive / Catalog Era,Maple/Walnut Hybrid 14x8,14x8,wood,Ply,Maple / Walnut,,5.1mm,MISSING,2.3mm Powerhoops,10,medium,bearingEdgeOrFallback,mapex_black-panther-archive-catalog-era_maple-walnut-hybrid-14x8_14x8_ply_maple-walnut_5-1_wax-lacquer-plated-finish-var_b02c0f59
Mapex,Black Panther Archive / Catalog Era,Traditional Birch 10x5.5,10x5.5,wood,Ply,Birch,,5.1mm,MISSING,2.3mm Powerhoops,8,medium,bearingEdgeOrFallback,mapex_black-panther-archive-catalog-era_traditional-birch-10x5-5_10x5-5_ply_birch_5-1_wax-lacquer-plated-finish-varies-b_f8d6787f
Mapex,Black Panther Archive / Catalog Era,Traditional Birch 12x5.5,12x5.5,wood,Ply,Birch,,5.1mm,MISSING,Die-cast hoops,8,medium,bearingEdgeOrFallback,mapex_black-panther-archive-catalog-era_traditional-birch-12x5-5_12x5-5_ply_birch_5-1_wax-lacquer-plated-finish-varies-b_144cf130
Mapex,Black Panther Archive / Catalog Era,Traditional Birch 13x3.5,13x3.5,wood,Ply,Birch,,5.1mm,MISSING,2.3mm Powerhoops,8,medium,bearingEdgeOrFallback,mapex_black-panther-archive-catalog-era_traditional-birch-13x3-5_13x3-5_ply_birch_5-1_wax-lacquer-plated-finish-varies-b_b7c3bf1b
Mapex,Black Panther Archive / Catalog Era,Traditional Birch 13x6,13x6,wood,Ply,Birch,,5.1mm,MISSING,2.3mm Powerhoops,8,medium,bearingEdgeOrFallback,mapex_black-panther-archive-catalog-era_traditional-birch-13x6_13x6_ply_birch_5-1_wax-lacquer-plated-finish-varies-by-mo_0855714e
Mapex,Black Panther Archive / Catalog Era,Traditional Birch 14x3.5,14x3.5,wood,Ply,Birch,,5.1mm,MISSING,Die-cast hoops,10,medium,bearingEdgeOrFallback,mapex_black-panther-archive-catalog-era_traditional-birch-14x3-5_14x3-5_ply_birch_5-1_wax-lacquer-plated-finish-varies-b_a7697e14
Mapex,Black Panther Archive / Catalog Era,Traditional Birch 14x5,14x5,wood,Ply,Birch,,5.1mm,MISSING,2.3mm Powerhoops,10,medium,bearingEdgeOrFallback,mapex_black-panther-archive-catalog-era_traditional-birch-14x5_14x5_ply_birch_5-1_wax-lacquer-plated-finish-varies-by-mo_d8bf5a00
Mapex,Black Panther Archive / Catalog Era,Traditional Birch 14x5.5,14x5.5,wood,Ply,Birch,,5.1mm,MISSING,2.3mm Powerhoops,10,medium,bearingEdgeOrFallback,mapex_black-panther-archive-catalog-era_traditional-birch-14x5-5_14x5-5_ply_birch_5-1_wax-lacquer-plated-finish-varies-b_362d3ef6
Mapex,Black Panther Archive / Catalog Era,Traditional Birch 14x6,14x6,wood,Ply,Birch,,5.1mm,MISSING,Die-cast hoops,10,medium,bearingEdgeOrFallback,mapex_black-panther-archive-catalog-era_traditional-birch-14x6_14x6_ply_birch_5-1_wax-lacquer-plated-finish-varies-by-mo_cab119f9
Mapex,Black Panther Archive / Catalog Era,Traditional Birch 14x6.5,14x6.5,wood,Ply,Birch,,5.1mm,MISSING,2.3mm Powerhoops,10,medium,bearingEdgeOrFallback,mapex_black-panther-archive-catalog-era_traditional-birch-14x6-5_14x6-5_ply_birch_5-1_wax-lacquer-plated-finish-varies-b_22b9d27c
Mapex,Black Panther Archive / Catalog Era,Traditional Birch 14x7,14x7,wood,Ply,Birch,,5.1mm,MISSING,2.3mm Powerhoops,10,medium,bearingEdgeOrFallback,mapex_black-panther-archive-catalog-era_traditional-birch-14x7_14x7_ply_birch_5-1_wax-lacquer-plated-finish-varies-by-mo_b522c843
Mapex,Black Panther Archive / Catalog Era,Traditional Birch 14x8,14x8,wood,Ply,Birch,,5.1mm,MISSING,Die-cast hoops,10,medium,bearingEdgeOrFallback,mapex_black-panther-archive-catalog-era_traditional-birch-14x8_14x8_ply_birch_5-1_wax-lacquer-plated-finish-varies-by-mo_9bd3e00c
Mapex,Black Panther Archive / Catalog Era,Traditional Maple 10x5.5,10x5.5,wood,Ply,Maple,,5.1mm,MISSING,Die-cast hoops,8,medium,bearingEdgeOrFallback,mapex_black-panther-archive-catalog-era_traditional-maple-10x5-5_10x5-5_ply_maple_5-1_wax-lacquer-plated-finish-varies-b_930c6624
Mapex,Black Panther Archive / Catalog Era,Traditional Maple 12x5.5,12x5.5,wood,Ply,Maple,,5.1mm,MISSING,2.3mm Powerhoops,8,medium,bearingEdgeOrFallback,mapex_black-panther-archive-catalog-era_traditional-maple-12x5-5_12x5-5_ply_maple_5-1_wax-lacquer-plated-finish-varies-b_2c40e1f9
Mapex,Black Panther Archive / Catalog Era,Traditional Maple 13x3.5,13x3.5,wood,Ply,Maple,,5.1mm,MISSING,2.3mm Powerhoops,8,medium,bearingEdgeOrFallback,mapex_black-panther-archive-catalog-era_traditional-maple-13x3-5_13x3-5_ply_maple_5-1_wax-lacquer-plated-finish-varies-b_5383317a
Mapex,Black Panther Archive / Catalog Era,Traditional Maple 13x6,13x6,wood,Ply,Maple,,5.1mm,MISSING,Die-cast hoops,8,medium,bearingEdgeOrFallback,mapex_black-panther-archive-catalog-era_traditional-maple-13x6_13x6_ply_maple_5-1_wax-lacquer-plated-finish-varies-by-mo_5db1a4e3
Mapex,Black Panther Archive / Catalog Era,Traditional Maple 14x3.5,14x3.5,wood,Ply,Maple,,5.1mm,MISSING,2.3mm Powerhoops,10,medium,bearingEdgeOrFallback,mapex_black-panther-archive-catalog-era_traditional-maple-14x3-5_14x3-5_ply_maple_5-1_wax-lacquer-plated-finish-varies-b_31e5a92e
Mapex,Black Panther Archive / Catalog Era,Traditional Maple 14x5,14x5,wood,Ply,Maple,,5.1mm,MISSING,2.3mm Powerhoops,10,medium,bearingEdgeOrFallback,mapex_black-panther-archive-catalog-era_traditional-maple-14x5_14x5_ply_maple_5-1_wax-lacquer-plated-finish-varies-by-mo_76a906a9
Mapex,Black Panther Archive / Catalog Era,Traditional Maple 14x5.5,14x5.5,wood,Ply,Maple,,5.1mm,MISSING,Die-cast hoops,10,medium,bearingEdgeOrFallback,mapex_black-panther-archive-catalog-era_traditional-maple-14x5-5_14x5-5_ply_maple_5-1_wax-lacquer-plated-finish-varies-b_fb6c5486
Mapex,Black Panther Archive / Catalog Era,Traditional Maple 14x6,14x6,wood,Ply,Maple,,5.1mm,MISSING,2.3mm Powerhoops,10,medium,bearingEdgeOrFallback,mapex_black-panther-archive-catalog-era_traditional-maple-14x6_14x6_ply_maple_5-1_wax-lacquer-plated-finish-varies-by-mo_df9bbe52
Mapex,Black Panther Archive / Catalog Era,Traditional Maple 14x6.5,14x6.5,wood,Ply,Maple,,5.1mm,MISSING,2.3mm Powerhoops,10,medium,bearingEdgeOrFallback,mapex_black-panther-archive-catalog-era_traditional-maple-14x6-5_14x6-5_ply_maple_5-1_wax-lacquer-plated-finish-varies-b_286c4353
Mapex,Black Panther Archive / Catalog Era,Traditional Maple 14x7,14x7,wood,Ply,Maple,,5.1mm,MISSING,Die-cast hoops,10,medium,bearingEdgeOrFallback,mapex_black-panther-archive-catalog-era_traditional-maple-14x7_14x7_ply_maple_5-1_wax-lacquer-plated-finish-varies-by-mo_d6f2947b
Mapex,Black Panther Archive / Catalog Era,Traditional Maple 14x8,14x8,wood,Ply,Maple,,5.1mm,MISSING,2.3mm Powerhoops,10,medium,bearingEdgeOrFallback,mapex_black-panther-archive-catalog-era_traditional-maple-14x8_14x8_ply_maple_5-1_wax-lacquer-plated-finish-varies-by-mo_0acc3d56
Mapex,Black Panther Archive / Catalog Era,Traditional Walnut 10x5.5,10x5.5,wood,Ply,Walnut,,5.1mm,MISSING,2.3mm Powerhoops,8,medium,bearingEdgeOrFallback,mapex_black-panther-archive-catalog-era_traditional-walnut-10x5-5_10x5-5_ply_walnut_5-1_wax-lacquer-plated-finish-varies_0ba7807b
Mapex,Black Panther Archive / Catalog Era,Traditional Walnut 12x5.5,12x5.5,wood,Ply,Walnut,,5.1mm,MISSING,2.3mm Powerhoops,8,medium,bearingEdgeOrFallback,mapex_black-panther-archive-catalog-era_traditional-walnut-12x5-5_12x5-5_ply_walnut_5-1_wax-lacquer-plated-finish-varies_a3b9d1ed
Mapex,Black Panther Archive / Catalog Era,Traditional Walnut 13x3.5,13x3.5,wood,Ply,Walnut,,5.1mm,MISSING,Die-cast hoops,8,medium,bearingEdgeOrFallback,mapex_black-panther-archive-catalog-era_traditional-walnut-13x3-5_13x3-5_ply_walnut_5-1_wax-lacquer-plated-finish-varies_0a4b58a0
Mapex,Black Panther Archive / Catalog Era,Traditional Walnut 13x6,13x6,wood,Ply,Walnut,,5.1mm,MISSING,2.3mm Powerhoops,8,medium,bearingEdgeOrFallback,mapex_black-panther-archive-catalog-era_traditional-walnut-13x6_13x6_ply_walnut_5-1_wax-lacquer-plated-finish-varies-by-_3af34747
Mapex,Black Panther Archive / Catalog Era,Traditional Walnut 14x3.5,14x3.5,wood,Ply,Walnut,,5.1mm,MISSING,2.3mm Powerhoops,10,medium,bearingEdgeOrFallback,mapex_black-panther-archive-catalog-era_traditional-walnut-14x3-5_14x3-5_ply_walnut_5-1_wax-lacquer-plated-finish-varies_4304f419
Mapex,Black Panther Archive / Catalog Era,Traditional Walnut 14x5,14x5,wood,Ply,Walnut,,5.1mm,MISSING,Die-cast hoops,10,medium,bearingEdgeOrFallback,mapex_black-panther-archive-catalog-era_traditional-walnut-14x5_14x5_ply_walnut_5-1_wax-lacquer-plated-finish-varies-by-_ce744bcc
Mapex,Black Panther Archive / Catalog Era,Traditional Walnut 14x5.5,14x5.5,wood,Ply,Walnut,,5.1mm,MISSING,2.3mm Powerhoops,10,medium,bearingEdgeOrFallback,mapex_black-panther-archive-catalog-era_traditional-walnut-14x5-5_14x5-5_ply_walnut_5-1_wax-lacquer-plated-finish-varies_8cfdfe29
Mapex,Black Panther Archive / Catalog Era,Traditional Walnut 14x6,14x6,wood,Ply,Walnut,,5.1mm,MISSING,2.3mm Powerhoops,10,medium,bearingEdgeOrFallback,mapex_black-panther-archive-catalog-era_traditional-walnut-14x6_14x6_ply_walnut_5-1_wax-lacquer-plated-finish-varies-by-_a7826012
Mapex,Black Panther Archive / Catalog Era,Traditional Walnut 14x6.5,14x6.5,wood,Ply,Walnut,,5.1mm,MISSING,Die-cast hoops,10,medium,bearingEdgeOrFallback,mapex_black-panther-archive-catalog-era_traditional-walnut-14x6-5_14x6-5_ply_walnut_5-1_wax-lacquer-plated-finish-varies_36f2a461
Mapex,Black Panther Archive / Catalog Era,Traditional Walnut 14x7,14x7,wood,Ply,Walnut,,5.1mm,MISSING,2.3mm Powerhoops,10,medium,bearingEdgeOrFallback,mapex_black-panther-archive-catalog-era_traditional-walnut-14x7_14x7_ply_walnut_5-1_wax-lacquer-plated-finish-varies-by-_6931a70f
Mapex,Black Panther Archive / Catalog Era,Traditional Walnut 14x8,14x8,wood,Ply,Walnut,,5.1mm,MISSING,2.3mm Powerhoops,10,medium,bearingEdgeOrFallback,mapex_black-panther-archive-catalog-era_traditional-walnut-14x8_14x8_ply_walnut_5-1_wax-lacquer-plated-finish-varies-by-_cdbbbcaa
Mapex,Black Panther Archive / Unresolved Variant,Unresolved Birch Variant 2,14x6.5,wood,Ply,Birch,,5.1mm,MISSING,2.3mm Powerhoops,,medium,bearingEdgeOrFallback,mapex_black-panther-archive-unresolved-variant_unresolved-birch-variant-2_14x6-5_ply_birch_5-1_2-3mm-powerhoops_bp-unr-0_1521a0ec
Mapex,Black Panther Archive / Unresolved Variant,Unresolved Maple Variant 1,14x5.5,wood,Ply,Maple,,5.1mm,MISSING,2.3mm Powerhoops,,medium,bearingEdgeOrFallback,mapex_black-panther-archive-unresolved-variant_unresolved-maple-variant-1_14x5-5_ply_maple_5-1_2-3mm-powerhoops_bp-unr-0_b68dd200
Mapex,Black Panther Archive / Unresolved Variant,Unresolved Walnut Variant 3,13x6,wood,Ply,Walnut,,5.1mm,MISSING,2.3mm Powerhoops,,medium,bearingEdgeOrFallback,mapex_black-panther-archive-unresolved-variant_unresolved-walnut-variant-3_13x6_ply_walnut_5-1_2-3mm-powerhoops_bp-unr-0_234e5159
Mapex,BP Design Lab,Equinox,14x5,wood,Ply,Maple,,6mm,MISSING,Single-flanged hoops,8,medium,bearingEdgeOrFallback,mapex_bp-design-lab_equinox_14x5_ply_maple_6_unknown-classic-style-edge_single-flanged-hoops_bpml4500c-fb_5624c195
Mapex,Mars,Mars Birch Snare 14x5.5,14x5.5,wood,Ply,Birch,,MISSING,SONIClear edge,2.3mm hoops,8,medium,shellThickness,mapex_mars_mars-birch-snare-14x5-5_14x5-5_ply_birch_soniclear-edge_wrap-varies_2-3mm-hoops_mb4550_89a19cd8
Mapex,Mars,Mars Maple Snare 14x5.5,14x5.5,wood,Ply,Maple,,MISSING,SONIClear edge,2.3mm hoops,8,medium,shellThickness,mapex_mars_mars-maple-snare-14x5-5_14x5-5_ply_maple_soniclear-edge_lacquer-wrap-varies_2-3mm-hoops_ma4650_36c155a8
Mapex,MPX,MPX Maple 14x5.5,14x5.5,wood,Ply,Maple,,MISSING,MISSING,Triple-flange hoops,8,medium,"shellThickness, bearingEdgeOrFallback",mapex_mpx_mpx-maple-14x5-5_14x5-5_ply_maple_lacquer_triple-flange-hoops_mpml4550_834bddb1
Mapex,Signature / Artist,Chris Adler Original 12x5.5,12x5.5,wood,Ply,Walnut,,5.1mm,MISSING,2.3mm Powerhoops,6,medium,bearingEdgeOrFallback,mapex_signature-artist_chris-adler-original-12x5-5_12x5-5_ply_walnut_5-1_signature-graphic_2-3mm-powerhoops_bpad2550_402d5de6
Mapex,Signature / Artist,Chris Adler Warbird,12x5.5,wood,Ply,Maple / Walnut,,5.1mm,MISSING,2.3mm Powerhoops,6,medium,bearingEdgeOrFallback,mapex_signature-artist_chris-adler-warbird_12x5-5_ply_maple-walnut_5-1_graphic-finish_2-3mm-powerhoops_bpdlmw2550lwh_7b0c9c9a
Mapex,Signature / Artist,Russ Miller Versatus,14x4.625,wood,Ply,Maple / Mahogany,,MISSING,MISSING,Sonic Saver Hoops,10,medium,"shellThickness, bearingEdgeOrFallback",mapex_signature-artist_russ-miller-versatus_14x4-625_ply_maple-mahogany_signature-finish_sonic-saver-hoops_bpml4600_303725ee
Mapex,Signature / Artist,The Raven / Artist Black Panther,14x5.5,wood,Ply,Maple,,MISSING,MISSING,2.3mm Powerhoops,10,medium,"shellThickness, bearingEdgeOrFallback",mapex_signature-artist_the-raven-artist-black-panther_14x5-5_ply_maple_signature-finish_2-3mm-powerhoops_bpraven_e368d14a
Noble & Cooley,Alloy Classic,Alloy Classic Aluminum 14x4.75,14x4.75,metal,Metal,Aluminum,,MISSING,Machined bearing edge / tight tolerance,Triple-flanged hoops,10,medium,shellThickness,noble-and-cooley_alloy-classic_alloy-classic-aluminum-14x4-75_14x4-75_metal_aluminum_machined-bearing-edge-tight-toleran_8bafbacf
Noble & Cooley,Alloy Classic,Alloy Classic Aluminum 14x6,14x6,metal,Metal,Aluminum,,MISSING,Machined bearing edge / tight tolerance,Triple-flanged hoops,10,medium,shellThickness,noble-and-cooley_alloy-classic_alloy-classic-aluminum-14x6_14x6_metal_aluminum_machined-bearing-edge-tight-tolerance_raw_25a462db
Noble & Cooley,Alloy Classic,Alloy Classic Aluminum 14x6.5,14x6.5,metal,Metal,Aluminum,,MISSING,Machined bearing edge / tight tolerance,Triple-flanged hoops,10,medium,shellThickness,noble-and-cooley_alloy-classic_alloy-classic-aluminum-14x6-5_14x6-5_metal_aluminum_machined-bearing-edge-tight-tolerance_e6fc9602
Noble & Cooley,Historical / Archive,Historical Alloy Classic Early Production 14x6,14x6,metal,Metal,Aluminum,,MISSING,MISSING,Triple-flanged hoops,10,medium,"shellThickness, bearingEdgeOrFallback",noble-and-cooley_historical-archive_historical-alloy-classic-early-production-14x6_14x6_metal_aluminum_triple-flanged-ho_f725fb73
Noble & Cooley,Metal / Archive Specialty,Brass Specialty 14x5,14x5,metal,Metal,Brass,,MISSING,MISSING,Triple-flanged hoops,10,medium,"shellThickness, bearingEdgeOrFallback",noble-and-cooley_metal-archive-specialty_brass-specialty-14x5_14x5_metal_brass_raw-lacquered-metal-finish_triple-flanged_10069628
Noble & Cooley,Metal / Archive Specialty,Brass Specialty 14x6.5,14x6.5,metal,Metal,Brass,,MISSING,MISSING,Triple-flanged hoops,10,medium,"shellThickness, bearingEdgeOrFallback",noble-and-cooley_metal-archive-specialty_brass-specialty-14x6-5_14x6-5_metal_brass_raw-lacquered-metal-finish_triple-fla_d72eb297
Noble & Cooley,Metal / Archive Specialty,Bronze Specialty 14x5,14x5,metal,Metal,Bronze,,MISSING,MISSING,Triple-flanged hoops,10,medium,"shellThickness, bearingEdgeOrFallback",noble-and-cooley_metal-archive-specialty_bronze-specialty-14x5_14x5_metal_bronze_raw-lacquered-metal-finish_triple-flang_678cfd56
Noble & Cooley,Metal / Archive Specialty,Bronze Specialty 14x6.5,14x6.5,metal,Metal,Bronze,,MISSING,MISSING,Triple-flanged hoops,10,medium,"shellThickness, bearingEdgeOrFallback",noble-and-cooley_metal-archive-specialty_bronze-specialty-14x6-5_14x6-5_metal_bronze_raw-lacquered-metal-finish_triple-f_d006de9a
Noble & Cooley,Metal / Archive Specialty,Copper Specialty 14x5,14x5,metal,Metal,Copper,,MISSING,MISSING,Triple-flanged hoops,10,medium,"shellThickness, bearingEdgeOrFallback",noble-and-cooley_metal-archive-specialty_copper-specialty-14x5_14x5_metal_copper_raw-lacquered-metal-finish_triple-flang_6b40c42f
Noble & Cooley,Metal / Archive Specialty,Copper Specialty 14x6.5,14x6.5,metal,Metal,Copper,,MISSING,MISSING,Triple-flanged hoops,10,medium,"shellThickness, bearingEdgeOrFallback",noble-and-cooley_metal-archive-specialty_copper-specialty-14x6-5_14x6-5_metal_copper_raw-lacquered-metal-finish_triple-f_00bf4e25
Noble & Cooley,Artist / Endorser Reference,Craig Pilo Reference Snare,14x6.5,unknown,Other / Needs Research,unknown,,MISSING,MISSING,unknown,10,medium,"shellThickness, bearingEdgeOrFallback",noble-and-cooley_artist-endorser-reference_craig-pilo-reference-snare_14x6-5_other-needs-research_e9ea30de
Noble & Cooley,Artist / Endorser Reference,Malcolm Travis Reference Snare,14x6.5,unknown,Other / Needs Research,unknown,,MISSING,MISSING,unknown,10,medium,"shellThickness, bearingEdgeOrFallback",noble-and-cooley_artist-endorser-reference_malcolm-travis-reference-snare_14x6-5_other-needs-research_03455e0b
Noble & Cooley,CD Maple Series,CD Maple 13x3.875,13x3.875,wood,Ply,Maple,,MISSING,MISSING,Triple-flanged hoops,8,medium,"shellThickness, bearingEdgeOrFallback",noble-and-cooley_cd-maple-series_cd-maple-13x3-875_13x3-875_ply_maple_standard-custom-finish-options_triple-flanged-hoop_1069e80d
Noble & Cooley,CD Maple Series,CD Maple 13x5,13x5,wood,Ply,Maple,,MISSING,MISSING,Triple-flanged hoops,8,medium,"shellThickness, bearingEdgeOrFallback",noble-and-cooley_cd-maple-series_cd-maple-13x5_13x5_ply_maple_standard-custom-finish-options_triple-flanged-hoops_7a3a8ce9
Noble & Cooley,CD Maple Series,CD Maple 13x6.5,13x6.5,wood,Ply,Maple,,MISSING,MISSING,Triple-flanged hoops,8,medium,"shellThickness, bearingEdgeOrFallback",noble-and-cooley_cd-maple-series_cd-maple-13x6-5_13x6-5_ply_maple_standard-custom-finish-options_triple-flanged-hoops_e8867aaa
Noble & Cooley,CD Maple Series,CD Maple 13x7,13x7,wood,Ply,Maple,,MISSING,MISSING,Triple-flanged hoops,8,medium,"shellThickness, bearingEdgeOrFallback",noble-and-cooley_cd-maple-series_cd-maple-13x7_13x7_ply_maple_standard-custom-finish-options_triple-flanged-hoops_f3032d10
Noble & Cooley,CD Maple Series,CD Maple 14x3.875,14x3.875,wood,Ply,Maple,,MISSING,MISSING,Triple-flanged hoops,10,medium,"shellThickness, bearingEdgeOrFallback",noble-and-cooley_cd-maple-series_cd-maple-14x3-875_14x3-875_ply_maple_standard-custom-finish-options_triple-flanged-hoop_420638da
Noble & Cooley,CD Maple Series,CD Maple 14x5,14x5,wood,Ply,Maple,,MISSING,45 degree bearing edge,Triple-flanged hoops,10,medium,shellThickness,noble-and-cooley_cd-maple-series_cd-maple-14x5_14x5_ply_maple_45-degree-bearing-edge_standard-custom-finish-options_trip_a1aebcc5
Noble & Cooley,CD Maple Series,CD Maple 14x6.5,14x6.5,wood,Ply,Maple,,MISSING,MISSING,Triple-flanged hoops,10,medium,"shellThickness, bearingEdgeOrFallback",noble-and-cooley_cd-maple-series_cd-maple-14x6-5_14x6-5_ply_maple_standard-custom-finish-options_triple-flanged-hoops_84f18e4e
Noble & Cooley,CD Maple Series,CD Maple 14x7,14x7,wood,Ply,Maple,,MISSING,MISSING,Triple-flanged hoops,10,medium,"shellThickness, bearingEdgeOrFallback",noble-and-cooley_cd-maple-series_cd-maple-14x7_14x7_ply_maple_standard-custom-finish-options_triple-flanged-hoops_2409b7de
Noble & Cooley,Historical / Archive,Historical CD Maple Early Production 14x5,14x5,wood,Ply,Maple,,MISSING,MISSING,Triple-flanged hoops,10,medium,"shellThickness, bearingEdgeOrFallback",noble-and-cooley_historical-archive_historical-cd-maple-early-production-14x5_14x5_ply_maple_triple-flanged-hoops_d19fdf81
Noble & Cooley,Historical / Archive,Historical Horizon 1980s 14x6.5,14x6.5,wood,Ply,Maple,Mahogany,MISSING,MISSING,Triple-flanged hoops,10,medium,"shellThickness, bearingEdgeOrFallback",noble-and-cooley_historical-archive_historical-horizon-1980s-14x6-5_14x6-5_ply_maple_mahogany_triple-flanged-hoops_7651c730
Noble & Cooley,Historical / Archive,Historical SS Classic 1980s Maple 14x5,14x5,wood,Steam Bent,Maple,,MISSING,MISSING,Triple-flanged hoops,10,medium,"shellThickness, bearingEdgeOrFallback",noble-and-cooley_historical-archive_historical-ss-classic-1980s-maple-14x5_14x5_steam-bent_maple_triple-flanged-hoops_b0c14a05
Noble & Cooley,Historical / Archive,Historical SS Classic 1980s Maple 14x6.5,14x6.5,wood,Steam Bent,Maple,,MISSING,MISSING,Triple-flanged hoops,10,medium,"shellThickness, bearingEdgeOrFallback",noble-and-cooley_historical-archive_historical-ss-classic-1980s-maple-14x6-5_14x6-5_steam-bent_maple_triple-flanged-hoop_30c73d94
Noble & Cooley,Historical / Archive,Historical Walnut Classic 14x6.5,14x6.5,wood,Ply,Walnut,,MISSING,MISSING,Triple-flanged hoops,10,medium,"shellThickness, bearingEdgeOrFallback",noble-and-cooley_historical-archive_historical-walnut-classic-14x6-5_14x6-5_ply_walnut_triple-flanged-hoops_105720a2
Noble & Cooley,Horizon Series,Horizon Hybrid 13x5,13x5,wood,Ply,Maple,Mahogany,MISSING,MISSING,Triple-flanged hoops,8,medium,"shellThickness, bearingEdgeOrFallback",noble-and-cooley_horizon-series_horizon-hybrid-13x5_13x5_ply_maple_mahogany_standard-custom-finish-options_triple-flange_9bc48f59
Noble & Cooley,Horizon Series,Horizon Hybrid 13x6.5,13x6.5,wood,Ply,Maple,Mahogany,MISSING,MISSING,Triple-flanged hoops,8,medium,"shellThickness, bearingEdgeOrFallback",noble-and-cooley_horizon-series_horizon-hybrid-13x6-5_13x6-5_ply_maple_mahogany_standard-custom-finish-options_triple-fl_5a85a8ff
Noble & Cooley,Horizon Series,Horizon Hybrid 13x7,13x7,wood,Ply,Maple,Mahogany,MISSING,MISSING,Triple-flanged hoops,8,medium,"shellThickness, bearingEdgeOrFallback",noble-and-cooley_horizon-series_horizon-hybrid-13x7_13x7_ply_maple_mahogany_standard-custom-finish-options_triple-flange_29d0747a
Noble & Cooley,Horizon Series,Horizon Hybrid 14x5,14x5,wood,Ply,Maple,Mahogany,MISSING,MISSING,Triple-flanged hoops,10,medium,"shellThickness, bearingEdgeOrFallback",noble-and-cooley_horizon-series_horizon-hybrid-14x5_14x5_ply_maple_mahogany_standard-custom-finish-options_triple-flange_7281797b
Noble & Cooley,Horizon Series,Horizon Hybrid 14x6.5,14x6.5,wood,Ply,Maple,Mahogany,MISSING,MISSING,Triple-flanged hoops,10,medium,"shellThickness, bearingEdgeOrFallback",noble-and-cooley_horizon-series_horizon-hybrid-14x6-5_14x6-5_ply_maple_mahogany_standard-custom-finish-options_triple-fl_04f36b78
Noble & Cooley,Horizon Series,Horizon Hybrid 14x7,14x7,wood,Ply,Maple,Mahogany,MISSING,MISSING,Triple-flanged hoops,10,medium,"shellThickness, bearingEdgeOrFallback",noble-and-cooley_horizon-series_horizon-hybrid-14x7_14x7_ply_maple_mahogany_standard-custom-finish-options_triple-flange_7a12039f
Noble & Cooley,Solid Shell Classics Series,SS Classic Beech 13x5,13x5,wood,Steam Bent,Beech,,MISSING,MISSING,2.3mm triple-flanged hoops,8,medium,"shellThickness, bearingEdgeOrFallback",noble-and-cooley_solid-shell-classics-series_ss-classic-beech-13x5_13x5_steam-bent_beech_unknown-family-likely-45-degree_19018f02
Noble & Cooley,Solid Shell Classics Series,SS Classic Beech 13x6,13x6,wood,Steam Bent,Beech,,MISSING,MISSING,2.3mm triple-flanged hoops,8,medium,"shellThickness, bearingEdgeOrFallback",noble-and-cooley_solid-shell-classics-series_ss-classic-beech-13x6_13x6_steam-bent_beech_unknown-family-likely-45-degree_b4126b19
Noble & Cooley,Solid Shell Classics Series,SS Classic Beech 13x7,13x7,wood,Steam Bent,Beech,,MISSING,MISSING,2.3mm triple-flanged hoops,8,medium,"shellThickness, bearingEdgeOrFallback",noble-and-cooley_solid-shell-classics-series_ss-classic-beech-13x7_13x7_steam-bent_beech_unknown-family-likely-45-degree_b44604ea
Noble & Cooley,Solid Shell Classics Series,SS Classic Beech 14x4,14x4,wood,Steam Bent,Beech,,MISSING,MISSING,2.3mm triple-flanged hoops,10,medium,"shellThickness, bearingEdgeOrFallback",noble-and-cooley_solid-shell-classics-series_ss-classic-beech-14x4_14x4_steam-bent_beech_unknown-family-likely-45-degree_937eee62
Noble & Cooley,Solid Shell Classics Series,SS Classic Beech 14x5,14x5,wood,Steam Bent,Beech,,MISSING,MISSING,2.3mm triple-flanged hoops,10,medium,"shellThickness, bearingEdgeOrFallback",noble-and-cooley_solid-shell-classics-series_ss-classic-beech-14x5_14x5_steam-bent_beech_unknown-family-likely-45-degree_a887b2ce
Noble & Cooley,Solid Shell Classics Series,SS Classic Beech 14x6,14x6,wood,Steam Bent,Beech,,MISSING,MISSING,2.3mm triple-flanged hoops,10,medium,"shellThickness, bearingEdgeOrFallback",noble-and-cooley_solid-shell-classics-series_ss-classic-beech-14x6_14x6_steam-bent_beech_unknown-family-likely-45-degree_18ac2f96
Noble & Cooley,Solid Shell Classics Series,SS Classic Beech 14x7,14x7,wood,Steam Bent,Beech,,MISSING,MISSING,2.3mm triple-flanged hoops,10,medium,"shellThickness, bearingEdgeOrFallback",noble-and-cooley_solid-shell-classics-series_ss-classic-beech-14x7_14x7_steam-bent_beech_unknown-family-likely-45-degree_f0be8fe9
Noble & Cooley,Solid Shell Classics Series,SS Classic Birch 13x5,13x5,wood,Steam Bent,Birch,,MISSING,MISSING,2.3mm triple-flanged hoops,8,medium,"shellThickness, bearingEdgeOrFallback",noble-and-cooley_solid-shell-classics-series_ss-classic-birch-13x5_13x5_steam-bent_birch_unknown-family-likely-45-degree_928e3b5c
Noble & Cooley,Solid Shell Classics Series,SS Classic Birch 13x6,13x6,wood,Steam Bent,Birch,,MISSING,MISSING,2.3mm triple-flanged hoops,8,medium,"shellThickness, bearingEdgeOrFallback",noble-and-cooley_solid-shell-classics-series_ss-classic-birch-13x6_13x6_steam-bent_birch_unknown-family-likely-45-degree_d7c418ac
Noble & Cooley,Solid Shell Classics Series,SS Classic Birch 13x7,13x7,wood,Steam Bent,Birch,,MISSING,MISSING,2.3mm triple-flanged hoops,8,medium,"shellThickness, bearingEdgeOrFallback",noble-and-cooley_solid-shell-classics-series_ss-classic-birch-13x7_13x7_steam-bent_birch_unknown-family-likely-45-degree_47ce40d4
Noble & Cooley,Solid Shell Classics Series,SS Classic Birch 14x4,14x4,wood,Steam Bent,Birch,,MISSING,MISSING,2.3mm triple-flanged hoops,10,medium,"shellThickness, bearingEdgeOrFallback",noble-and-cooley_solid-shell-classics-series_ss-classic-birch-14x4_14x4_steam-bent_birch_unknown-family-likely-45-degree_bff34e84
Noble & Cooley,Solid Shell Classics Series,SS Classic Birch 14x5,14x5,wood,Steam Bent,Birch,,MISSING,MISSING,2.3mm triple-flanged hoops,10,medium,"shellThickness, bearingEdgeOrFallback",noble-and-cooley_solid-shell-classics-series_ss-classic-birch-14x5_14x5_steam-bent_birch_unknown-family-likely-45-degree_dd430ec1
Noble & Cooley,Solid Shell Classics Series,SS Classic Birch 14x6,14x6,wood,Steam Bent,Birch,,MISSING,MISSING,2.3mm triple-flanged hoops,10,medium,"shellThickness, bearingEdgeOrFallback",noble-and-cooley_solid-shell-classics-series_ss-classic-birch-14x6_14x6_steam-bent_birch_unknown-family-likely-45-degree_73d8ec3c
Noble & Cooley,Solid Shell Classics Series,SS Classic Birch 14x7,14x7,wood,Steam Bent,Birch,,MISSING,MISSING,2.3mm triple-flanged hoops,10,medium,"shellThickness, bearingEdgeOrFallback",noble-and-cooley_solid-shell-classics-series_ss-classic-birch-14x7_14x7_steam-bent_birch_unknown-family-likely-45-degree_ca45f137
Noble & Cooley,Solid Shell Classics Series,SS Classic Maple 13x5,13x5,wood,Steam Bent,Maple,,MISSING,MISSING,2.3mm triple-flanged hoops,8,medium,"shellThickness, bearingEdgeOrFallback",noble-and-cooley_solid-shell-classics-series_ss-classic-maple-13x5_13x5_steam-bent_maple_unknown-family-likely-45-degree_a6faa703
Noble & Cooley,Solid Shell Classics Series,SS Classic Maple 13x6,13x6,wood,Steam Bent,Maple,,MISSING,MISSING,2.3mm triple-flanged hoops,8,medium,"shellThickness, bearingEdgeOrFallback",noble-and-cooley_solid-shell-classics-series_ss-classic-maple-13x6_13x6_steam-bent_maple_unknown-family-likely-45-degree_4a5f90df
Noble & Cooley,Solid Shell Classics Series,SS Classic Maple 13x7,13x7,wood,Steam Bent,Maple,,MISSING,MISSING,2.3mm triple-flanged hoops,8,medium,"shellThickness, bearingEdgeOrFallback",noble-and-cooley_solid-shell-classics-series_ss-classic-maple-13x7_13x7_steam-bent_maple_unknown-family-likely-45-degree_a6820194
Noble & Cooley,Solid Shell Classics Series,SS Classic Maple 14x4,14x4,wood,Steam Bent,Maple,,MISSING,MISSING,2.3mm triple-flanged hoops,10,medium,"shellThickness, bearingEdgeOrFallback",noble-and-cooley_solid-shell-classics-series_ss-classic-maple-14x4_14x4_steam-bent_maple_unknown-family-likely-45-degree_305492aa
Noble & Cooley,Solid Shell Classics Series,SS Classic Maple 14x5,14x5,wood,Steam Bent,Maple,,MISSING,45 degree bearing edges,2.3mm triple-flanged hoops,10,medium,shellThickness,noble-and-cooley_solid-shell-classics-series_ss-classic-maple-14x5_14x5_steam-bent_maple_45-degree-bearing-edges_oil-lac_797b88a9
Noble & Cooley,Solid Shell Classics Series,SS Classic Maple 14x6,14x6,wood,Steam Bent,Maple,,MISSING,MISSING,2.3mm triple-flanged hoops,10,medium,"shellThickness, bearingEdgeOrFallback",noble-and-cooley_solid-shell-classics-series_ss-classic-maple-14x6_14x6_steam-bent_maple_unknown-family-likely-45-degree_171e9b3f
Noble & Cooley,Solid Shell Classics Series,SS Classic Maple 14x7,14x7,wood,Steam Bent,Maple,,MISSING,MISSING,2.3mm triple-flanged hoops,10,medium,"shellThickness, bearingEdgeOrFallback",noble-and-cooley_solid-shell-classics-series_ss-classic-maple-14x7_14x7_steam-bent_maple_unknown-family-likely-45-degree_785e5474
Noble & Cooley,Solid Shell Classics Series,SS Classic Walnut 13x5,13x5,wood,Steam Bent,Walnut,,MISSING,MISSING,2.3mm triple-flanged hoops,8,medium,"shellThickness, bearingEdgeOrFallback",noble-and-cooley_solid-shell-classics-series_ss-classic-walnut-13x5_13x5_steam-bent_walnut_unknown-family-likely-45-degr_184f73b8
Noble & Cooley,Solid Shell Classics Series,SS Classic Walnut 13x6,13x6,wood,Steam Bent,Walnut,,MISSING,MISSING,2.3mm triple-flanged hoops,8,medium,"shellThickness, bearingEdgeOrFallback",noble-and-cooley_solid-shell-classics-series_ss-classic-walnut-13x6_13x6_steam-bent_walnut_unknown-family-likely-45-degr_93ba01e4
Noble & Cooley,Solid Shell Classics Series,SS Classic Walnut 13x7,13x7,wood,Steam Bent,Walnut,,MISSING,MISSING,2.3mm triple-flanged hoops,8,medium,"shellThickness, bearingEdgeOrFallback",noble-and-cooley_solid-shell-classics-series_ss-classic-walnut-13x7_13x7_steam-bent_walnut_unknown-family-likely-45-degr_165dcb34
Noble & Cooley,Solid Shell Classics Series,SS Classic Walnut 14x4,14x4,wood,Steam Bent,Walnut,,MISSING,MISSING,2.3mm triple-flanged hoops,10,medium,"shellThickness, bearingEdgeOrFallback",noble-and-cooley_solid-shell-classics-series_ss-classic-walnut-14x4_14x4_steam-bent_walnut_unknown-family-likely-45-degr_e1c93b0a
Noble & Cooley,Solid Shell Classics Series,SS Classic Walnut 14x5,14x5,wood,Steam Bent,Walnut,,MISSING,MISSING,2.3mm triple-flanged hoops,10,medium,"shellThickness, bearingEdgeOrFallback",noble-and-cooley_solid-shell-classics-series_ss-classic-walnut-14x5_14x5_steam-bent_walnut_unknown-family-likely-45-degr_804cf167
Noble & Cooley,Solid Shell Classics Series,SS Classic Walnut 14x6,14x6,wood,Steam Bent,Walnut,,MISSING,MISSING,2.3mm triple-flanged hoops,10,medium,"shellThickness, bearingEdgeOrFallback",noble-and-cooley_solid-shell-classics-series_ss-classic-walnut-14x6_14x6_steam-bent_walnut_unknown-family-likely-45-degr_88f673c6
Noble & Cooley,Solid Shell Classics Series,SS Classic Walnut 14x7,14x7,wood,Steam Bent,Walnut,,MISSING,MISSING,2.3mm triple-flanged hoops,10,medium,"shellThickness, bearingEdgeOrFallback",noble-and-cooley_solid-shell-classics-series_ss-classic-walnut-14x7_14x7_steam-bent_walnut_unknown-family-likely-45-degr_854a9693
Noble & Cooley,Special Edition,Mappa Burl Limited Edition 14x6.5,14x6.5,wood,Ply,Mappa Burl,Walnut,MISSING,MISSING,Die-cast hoops,10,medium,"shellThickness, bearingEdgeOrFallback",noble-and-cooley_special-edition_mappa-burl-limited-edition-14x6-5_14x6-5_ply_mappa-burl_walnut_aqua-marine-fade_die-cas_76fb2ffc
Noble & Cooley,Walnut Series,Walnut Ply 13x4.75,13x4.75,wood,Ply,Walnut,,MISSING,MISSING,Triple-flanged hoops,8,medium,"shellThickness, bearingEdgeOrFallback",noble-and-cooley_walnut-series_walnut-ply-13x4-75_13x4-75_ply_walnut_standard-custom-finish-options_triple-flanged-hoops_a930efef
Noble & Cooley,Walnut Series,Walnut Ply 13x6.5,13x6.5,wood,Ply,Walnut,,MISSING,MISSING,Triple-flanged hoops,8,medium,"shellThickness, bearingEdgeOrFallback",noble-and-cooley_walnut-series_walnut-ply-13x6-5_13x6-5_ply_walnut_standard-custom-finish-options_triple-flanged-hoops_3e4a8798
Noble & Cooley,Walnut Series,Walnut Ply 13x8,13x8,wood,Ply,Walnut,,MISSING,MISSING,Triple-flanged hoops,8,medium,"shellThickness, bearingEdgeOrFallback",noble-and-cooley_walnut-series_walnut-ply-13x8_13x8_ply_walnut_standard-custom-finish-options_triple-flanged-hoops_8dd1001a
Noble & Cooley,Walnut Series,Walnut Ply 14x4.75,14x4.75,wood,Ply,Walnut,,MISSING,MISSING,Triple-flanged hoops,10,medium,"shellThickness, bearingEdgeOrFallback",noble-and-cooley_walnut-series_walnut-ply-14x4-75_14x4-75_ply_walnut_standard-custom-finish-options_triple-flanged-hoops_03634594
Noble & Cooley,Walnut Series,Walnut Ply 14x6.5,14x6.5,wood,Ply,Walnut,,MISSING,MISSING,Triple-flanged hoops,10,medium,"shellThickness, bearingEdgeOrFallback",noble-and-cooley_walnut-series_walnut-ply-14x6-5_14x6-5_ply_walnut_standard-custom-finish-options_triple-flanged-hoops_d0250f19
Noble & Cooley,Walnut Series,Walnut Ply 14x8,14x8,wood,Ply,Walnut,,MISSING,MISSING,Triple-flanged hoops,10,medium,"shellThickness, bearingEdgeOrFallback",noble-and-cooley_walnut-series_walnut-ply-14x8_14x8_ply_walnut_standard-custom-finish-options_triple-flanged-hoops_bad14ac5
Oriollo,Seamless Metal,Bakar Copper,14x6.5,metal,Metal,Copper,,MISSING,MISSING,unknown,,medium,"shellThickness, bearingEdgeOrFallback",oriollo_seamless-metal_bakar-copper_14x6-5_metal_copper_7ca67e56
Oriollo,Seamless Metal,Mangàna Steel,14x6.5,metal,Metal,Steel,,MISSING,MISSING,unknown,,medium,"shellThickness, bearingEdgeOrFallback",oriollo_seamless-metal_mang-na-steel_14x6-5_metal_steel_d7afbb57
Oriollo,Seamless Metal,Phantom Aluminum,14x6.5,metal,Metal,Aluminum,,MISSING,MISSING,unknown,,medium,"shellThickness, bearingEdgeOrFallback",oriollo_seamless-metal_phantom-aluminum_14x6-5_metal_aluminum_3b010c0d
Pearl,Crystal Beat,Crystal Beat Acrylic Snare,14x5.5,metal,Metal,Acrylic,,MISSING,MISSING,Triple-Flanged,,medium,"shellThickness, bearingEdgeOrFallback",pearl_crystal-beat_crystal-beat-acrylic-snare_14x5-5_metal_acrylic_triple-flanged_3f90727c
Pearl,Effects,Soprano Steel,12x7,metal,Metal,Steel,,MISSING,MISSING,Triple-Flanged,,medium,"shellThickness, bearingEdgeOrFallback",pearl_effects_soprano-steel_12x7_metal_steel_triple-flanged_56e410a2
Pearl,Firecracker,Firecracker Steel,10x5,metal,Metal,Steel,,MISSING,MISSING,Triple-Flanged,,medium,"shellThickness, bearingEdgeOrFallback",pearl_firecracker_firecracker-steel_10x5_metal_steel_triple-flanged_321fb4ff
Pearl,Piccolo,Piccolo Steel,13x3,metal,Metal,Steel,,MISSING,MISSING,Triple-Flanged,,medium,"shellThickness, bearingEdgeOrFallback",pearl_piccolo_piccolo-steel_13x3_metal_steel_triple-flanged_56279896
Pearl,Primal Snare Collective,Primal Snare Collective Brass,13x7,metal,Metal,Brass,,MISSING,MISSING,2.3mm Triple-Flanged,8,medium,"shellThickness, bearingEdgeOrFallback",pearl_primal-snare-collective_primal-snare-collective-brass_13x7_metal_brass_2-3mm-triple-flanged_b0f92a39
Pearl,Primal Snare Collective,Primal Snare Collective Brass,14x6.5,metal,Metal,Brass,,MISSING,MISSING,2.3mm Triple-Flanged,10,medium,"shellThickness, bearingEdgeOrFallback",pearl_primal-snare-collective_primal-snare-collective-brass_14x6-5_metal_brass_2-3mm-triple-flanged_0dddb0a9
Pearl,Primal Snare Collective,Primal Snare Collective Steel,13x7,metal,Metal,Steel,,MISSING,MISSING,2.3mm Triple-Flanged,8,medium,"shellThickness, bearingEdgeOrFallback",pearl_primal-snare-collective_primal-snare-collective-steel_13x7_metal_steel_2-3mm-triple-flanged_7f3f1a76
Pearl,Primal Snare Collective,Primal Snare Collective Steel,14x6.5,metal,Metal,Steel,,MISSING,MISSING,2.3mm Triple-Flanged,10,medium,"shellThickness, bearingEdgeOrFallback",pearl_primal-snare-collective_primal-snare-collective-steel_14x6-5_metal_steel_2-3mm-triple-flanged_f61d3e43
Pearl,Signature,Ian Paice Signature,14x6.5,metal,Metal,Steel,,MISSING,MISSING,SuperHoop II,10,medium,"shellThickness, bearingEdgeOrFallback",pearl_signature_ian-paice-signature_14x6-5_metal_steel_superhoop-ii_ip-1465_be7938c0
Pearl,Signature,Joey Jordison Signature,13x6.5,metal,Metal,Steel,,MISSING,MISSING,SuperHoop II,8,medium,"shellThickness, bearingEdgeOrFallback",pearl_signature_joey-jordison-signature_13x6-5_metal_steel_superhoop-ii_jj-1365_6c28caeb
Pearl,Signature,Morgan Rose Signature,14x5,metal,Metal,Steel,,MISSING,MISSING,SuperHoop II,10,medium,"shellThickness, bearingEdgeOrFallback",pearl_signature_morgan-rose-signature_14x5_metal_steel_superhoop-ii_mr-1450_a9791ec6
Pearl,Signature,Steve Ferrone Signature Brass,14x6.5,metal,Metal,Brass,,MISSING,MISSING,Die-Cast / MasterCast,10,medium,"shellThickness, bearingEdgeOrFallback",pearl_signature_steve-ferrone-signature-brass_14x6-5_metal_brass_die-cast-mastercast_2fce67b5
Pearl,Signature,Tico Torres Signature,14x6.5,metal,Metal,Brass,,MISSING,MISSING,Die-Cast / MasterCast,10,medium,"shellThickness, bearingEdgeOrFallback",pearl_signature_tico-torres-signature_14x6-5_metal_brass_die-cast-mastercast_tr-1465_0184ae86
Pearl,Decade Maple,Decade Maple Maple Snare,14x5.5,wood,Ply,Maple,,5.4mm,MISSING,Triple-Flanged,10,high-for-thickness-only,bearingEdgeOrFallback,pearl_decade-maple_decade-maple-maple-snare_14x5-5_ply_maple_5-4_triple-flanged_93606d23
Pearl,Decade Maple,Decade Maple Maple Snare,14x6.5,wood,Ply,Maple,,5.4mm,MISSING,Triple-Flanged,10,high-for-thickness-only,bearingEdgeOrFallback,pearl_decade-maple_decade-maple-maple-snare_14x6-5_ply_maple_5-4_triple-flanged_c40247fa
Pearl,Duoluxe,Duoluxe Maple/Mahogany,14x6.5,wood,Ply,Maple,Mahogany,MISSING,MISSING,unknown,10,medium,"shellThickness, bearingEdgeOrFallback",pearl_duoluxe_duoluxe-maple-mahogany_14x6-5_ply_maple_mahogany_2a215002
Pearl,Duoluxe,Duoluxe Maple/Poplar,14x6.5,wood,Ply,Maple,Poplar,MISSING,MISSING,unknown,10,medium,"shellThickness, bearingEdgeOrFallback",pearl_duoluxe_duoluxe-maple-poplar_14x6-5_ply_maple_poplar_3953e1f7
Pearl,Duoluxe,Duoluxe Maple/Walnut,14x6.5,wood,Ply,Maple,Walnut,MISSING,MISSING,unknown,10,medium,"shellThickness, bearingEdgeOrFallback",pearl_duoluxe_duoluxe-maple-walnut_14x6-5_ply_maple_walnut_87fd989f
Pearl,Effects,Soprano Maple,12x7,wood,Ply,Maple,,MISSING,MISSING,Triple-Flanged,,medium,"shellThickness, bearingEdgeOrFallback",pearl_effects_soprano-maple_12x7_ply_maple_triple-flanged_c7dedcbf
Pearl,Export,Export Mahogany/Poplar Snare,14x5.5,wood,Ply,Mahogany,Poplar,MISSING,MISSING,Triple-Flanged,10,medium,"shellThickness, bearingEdgeOrFallback",pearl_export_export-mahogany-poplar-snare_14x5-5_ply_mahogany_poplar_triple-flanged_99de96b6
Pearl,Export,Export Mahogany/Poplar Snare,14x6.5,wood,Ply,Mahogany,Poplar,MISSING,MISSING,Triple-Flanged,10,medium,"shellThickness, bearingEdgeOrFallback",pearl_export_export-mahogany-poplar-snare_14x6-5_ply_mahogany_poplar_triple-flanged_1447bdcd
Pearl,Export,Export Maple/Poplar Snare,14x5.5,wood,Ply,Maple,Poplar,MISSING,MISSING,Triple-Flanged,10,medium,"shellThickness, bearingEdgeOrFallback",pearl_export_export-maple-poplar-snare_14x5-5_ply_maple_poplar_triple-flanged_fbdc871c
Pearl,Export,Export Maple/Poplar Snare,14x6.5,wood,Ply,Maple,Poplar,MISSING,MISSING,Triple-Flanged,10,medium,"shellThickness, bearingEdgeOrFallback",pearl_export_export-maple-poplar-snare_14x6-5_ply_maple_poplar_triple-flanged_4e5e12e4
Pearl,Export,Export Poplar Snare,14x5.5,wood,Ply,Poplar,,MISSING,MISSING,Triple-Flanged,10,medium,"shellThickness, bearingEdgeOrFallback",pearl_export_export-poplar-snare_14x5-5_ply_poplar_triple-flanged_22bd7492
Pearl,Export,Export Poplar Snare,14x6.5,wood,Ply,Poplar,,MISSING,MISSING,Triple-Flanged,10,medium,"shellThickness, bearingEdgeOrFallback",pearl_export_export-poplar-snare_14x6-5_ply_poplar_triple-flanged_e1a06659
Pearl,Firecracker,Firecracker Poplar,10x5,wood,Ply,Poplar,,MISSING,MISSING,Triple-Flanged,,medium,"shellThickness, bearingEdgeOrFallback",pearl_firecracker_firecracker-poplar_10x5_ply_poplar_triple-flanged_a910d21c
Pearl,Forum,Forum Poplar Snare,14x5.5,wood,Ply,Poplar,,MISSING,MISSING,Triple-Flanged,,medium,"shellThickness, bearingEdgeOrFallback",pearl_forum_forum-poplar-snare_14x5-5_ply_poplar_triple-flanged_c31166dc
Pearl,Free Floating,Free Floating Birch,14x3.5,wood,Ply,Birch,,MISSING,MISSING,Die-Cast / MasterCast on many catalog versions,10,medium,"shellThickness, bearingEdgeOrFallback",pearl_free-floating_free-floating-birch_14x3-5_ply_birch_die-cast-mastercast-on-many-catalog-versions_11b93a12
Pearl,Free Floating,Free Floating Birch,14x5,wood,Ply,Birch,,MISSING,MISSING,Die-Cast / MasterCast on many catalog versions,10,medium,"shellThickness, bearingEdgeOrFallback",pearl_free-floating_free-floating-birch_14x5_ply_birch_die-cast-mastercast-on-many-catalog-versions_0dcdda4b
Pearl,Free Floating,Free Floating Birch,14x6.5,wood,Ply,Birch,,MISSING,MISSING,Die-Cast / MasterCast on many catalog versions,10,medium,"shellThickness, bearingEdgeOrFallback",pearl_free-floating_free-floating-birch_14x6-5_ply_birch_die-cast-mastercast-on-many-catalog-versions_3ea513cd
Pearl,Free Floating,Free Floating Birch,14x8,wood,Ply,Birch,,MISSING,MISSING,Die-Cast / MasterCast on many catalog versions,10,medium,"shellThickness, bearingEdgeOrFallback",pearl_free-floating_free-floating-birch_14x8_ply_birch_die-cast-mastercast-on-many-catalog-versions_271c043c
Pearl,Free Floating,Free Floating Mahogany,14x3.5,wood,Ply,Mahogany,,MISSING,MISSING,Die-Cast / MasterCast on many catalog versions,10,medium,"shellThickness, bearingEdgeOrFallback",pearl_free-floating_free-floating-mahogany_14x3-5_ply_mahogany_die-cast-mastercast-on-many-catalog-versions_6db3e3e9
Pearl,Free Floating,Free Floating Mahogany,14x5,wood,Ply,Mahogany,,MISSING,MISSING,Die-Cast / MasterCast on many catalog versions,10,medium,"shellThickness, bearingEdgeOrFallback",pearl_free-floating_free-floating-mahogany_14x5_ply_mahogany_die-cast-mastercast-on-many-catalog-versions_f3d4910e
Pearl,Free Floating,Free Floating Mahogany,14x6.5,wood,Ply,Mahogany,,MISSING,MISSING,Die-Cast / MasterCast on many catalog versions,10,medium,"shellThickness, bearingEdgeOrFallback",pearl_free-floating_free-floating-mahogany_14x6-5_ply_mahogany_die-cast-mastercast-on-many-catalog-versions_4ea98192
Pearl,Free Floating,Free Floating Mahogany,14x8,wood,Ply,Mahogany,,MISSING,MISSING,Die-Cast / MasterCast on many catalog versions,10,medium,"shellThickness, bearingEdgeOrFallback",pearl_free-floating_free-floating-mahogany_14x8_ply_mahogany_die-cast-mastercast-on-many-catalog-versions_0092607b
Pearl,Free Floating,Free Floating Maple,14x3.5,wood,Ply,Maple,,MISSING,MISSING,Die-Cast / MasterCast on many catalog versions,10,medium,"shellThickness, bearingEdgeOrFallback",pearl_free-floating_free-floating-maple_14x3-5_ply_maple_die-cast-mastercast-on-many-catalog-versions_4e43e67d
Pearl,Free Floating,Free Floating Maple,14x5,wood,Ply,Maple,,MISSING,MISSING,Die-Cast / MasterCast on many catalog versions,10,medium,"shellThickness, bearingEdgeOrFallback",pearl_free-floating_free-floating-maple_14x5_ply_maple_die-cast-mastercast-on-many-catalog-versions_ef8980f5
Pearl,Free Floating,Free Floating Maple,14x6.5,wood,Ply,Maple,,MISSING,MISSING,Die-Cast / MasterCast on many catalog versions,10,medium,"shellThickness, bearingEdgeOrFallback",pearl_free-floating_free-floating-maple_14x6-5_ply_maple_die-cast-mastercast-on-many-catalog-versions_daf09575
Pearl,Free Floating,Free Floating Maple,14x8,wood,Ply,Maple,,MISSING,MISSING,Die-Cast / MasterCast on many catalog versions,10,medium,"shellThickness, bearingEdgeOrFallback",pearl_free-floating_free-floating-maple_14x8_ply_maple_die-cast-mastercast-on-many-catalog-versions_ee66baf4
Pearl,Hybrid Exotic,Hybrid Exotic Mahogany/Fiberglass,14x6.5,wood,Ply,Mahogany,Fiberglass,MISSING,MISSING,unknown,10,medium,"shellThickness, bearingEdgeOrFallback",pearl_hybrid-exotic_hybrid-exotic-mahogany-fiberglass_14x6-5_ply_mahogany_fiberglass_fb7512cf
Pearl,Hybrid Exotic,Hybrid Exotic Maple/Fiberglass,14x6.5,wood,Ply,Maple,Fiberglass,MISSING,MISSING,unknown,10,medium,"shellThickness, bearingEdgeOrFallback",pearl_hybrid-exotic_hybrid-exotic-maple-fiberglass_14x6-5_ply_maple_fiberglass_ec4a5481
Pearl,M80,M80 Maple Popcorn,10x4,wood,Ply,Maple,,MISSING,MISSING,Triple-Flanged,,medium,"shellThickness, bearingEdgeOrFallback",pearl_m80_m80-maple-popcorn_10x4_ply_maple_triple-flanged_7e82673e
Pearl,Masters Custom,Masters Custom Birch Snare,14x5.5,wood,Ply,Birch,,MISSING,MISSING,Die-Cast / MasterCast,10,medium,"shellThickness, bearingEdgeOrFallback",pearl_masters-custom_masters-custom-birch-snare_14x5-5_ply_birch_die-cast-mastercast_8b28241b
Pearl,Masters Custom,Masters Custom Birch Snare,14x6.5,wood,Ply,Birch,,MISSING,MISSING,Die-Cast / MasterCast,10,medium,"shellThickness, bearingEdgeOrFallback",pearl_masters-custom_masters-custom-birch-snare_14x6-5_ply_birch_die-cast-mastercast_0a6d1032
Pearl,Masters Premium,Masters Premium Birch Snare,14x5.5,wood,Ply,Birch,,MISSING,MISSING,Die-Cast / MasterCast,10,medium,"shellThickness, bearingEdgeOrFallback",pearl_masters-premium_masters-premium-birch-snare_14x5-5_ply_birch_die-cast-mastercast_28b7e6ed
Pearl,Masters Premium,Masters Premium Birch Snare,14x6.5,wood,Ply,Birch,,MISSING,MISSING,Die-Cast / MasterCast,10,medium,"shellThickness, bearingEdgeOrFallback",pearl_masters-premium_masters-premium-birch-snare_14x6-5_ply_birch_die-cast-mastercast_4bf7a8b6
Pearl,Masters Premium,Masters Premium Maple Snare,14x5.5,wood,Ply,Maple,,MISSING,MISSING,Die-Cast / MasterCast,10,medium,"shellThickness, bearingEdgeOrFallback",pearl_masters-premium_masters-premium-maple-snare_14x5-5_ply_maple_die-cast-mastercast_0612ae7e
Pearl,Masters Premium,Masters Premium Maple Snare,14x6.5,wood,Ply,Maple,,MISSING,MISSING,Die-Cast / MasterCast,10,medium,"shellThickness, bearingEdgeOrFallback",pearl_masters-premium_masters-premium-maple-snare_14x6-5_ply_maple_die-cast-mastercast_311567b9
Pearl,Modern Utility,Modern Utility Maple,13x7,wood,Ply,Maple,,5.4mm,MISSING,Triple-Flanged / SuperHoop-style,8,high-for-thickness-only,bearingEdgeOrFallback,pearl_modern-utility_modern-utility-maple_13x7_ply_maple_5-4_triple-flanged-superhoop-style_3a6dee18
Pearl,Modern Utility,Modern Utility Maple,14x5.5,wood,Ply,Maple,,5.4mm,MISSING,Triple-Flanged / SuperHoop-style,10,high-for-thickness-only,bearingEdgeOrFallback,pearl_modern-utility_modern-utility-maple_14x5-5_ply_maple_5-4_triple-flanged-superhoop-style_8a8b4eb5
Pearl,Modern Utility,Modern Utility Maple,14x6.5,wood,Ply,Maple,,5.4mm,MISSING,Triple-Flanged / SuperHoop-style,10,high-for-thickness-only,bearingEdgeOrFallback,pearl_modern-utility_modern-utility-maple_14x6-5_ply_maple_5-4_triple-flanged-superhoop-style_459e9ea5
Pearl,Modern Utility,Modern Utility Maple,14x8,wood,Ply,Maple,,5.4mm,MISSING,Triple-Flanged / SuperHoop-style,10,high-for-thickness-only,bearingEdgeOrFallback,pearl_modern-utility_modern-utility-maple_14x8_ply_maple_5-4_triple-flanged-superhoop-style_ed273ddc
Pearl,Music City Custom,Music City Custom Free Floating Mahogany,14x5,wood,Solid Shell,Mahogany,,MISSING,MISSING,Triple-Flanged / SuperHoop-style,10,medium,"shellThickness, bearingEdgeOrFallback",pearl_music-city-custom_music-city-custom-free-floating-mahogany_14x5_solid-shell_mahogany_triple-flanged-superhoop-styl_651ad3c2
Pearl,Music City Custom,Music City Custom Free Floating Mahogany,14x6.5,wood,Solid Shell,Mahogany,,MISSING,MISSING,Triple-Flanged / SuperHoop-style,10,medium,"shellThickness, bearingEdgeOrFallback",pearl_music-city-custom_music-city-custom-free-floating-mahogany_14x6-5_solid-shell_mahogany_triple-flanged-superhoop-st_b0dfe373
Pearl,Music City Custom,Music City Custom Free Floating Mahogany,14x8,wood,Solid Shell,Mahogany,,MISSING,MISSING,Triple-Flanged / SuperHoop-style,10,medium,"shellThickness, bearingEdgeOrFallback",pearl_music-city-custom_music-city-custom-free-floating-mahogany_14x8_solid-shell_mahogany_triple-flanged-superhoop-styl_a0975815
Pearl,Music City Custom,Music City Custom Free Floating Maple,14x5,wood,Solid Shell,Maple,,MISSING,MISSING,Triple-Flanged / SuperHoop-style,10,medium,"shellThickness, bearingEdgeOrFallback",pearl_music-city-custom_music-city-custom-free-floating-maple_14x5_solid-shell_maple_triple-flanged-superhoop-style_34a819d2
Pearl,Music City Custom,Music City Custom Free Floating Maple,14x6.5,wood,Solid Shell,Maple,,MISSING,MISSING,Triple-Flanged / SuperHoop-style,10,medium,"shellThickness, bearingEdgeOrFallback",pearl_music-city-custom_music-city-custom-free-floating-maple_14x6-5_solid-shell_maple_triple-flanged-superhoop-style_bae92604
Pearl,Music City Custom,Music City Custom Free Floating Maple,14x8,wood,Solid Shell,Maple,,MISSING,MISSING,Triple-Flanged / SuperHoop-style,10,medium,"shellThickness, bearingEdgeOrFallback",pearl_music-city-custom_music-city-custom-free-floating-maple_14x8_solid-shell_maple_triple-flanged-superhoop-style_d414d909
Pearl,Music City Custom,Music City Custom Free Floating Walnut,14x5,wood,Solid Shell,Walnut,,MISSING,MISSING,Triple-Flanged / SuperHoop-style,10,medium,"shellThickness, bearingEdgeOrFallback",pearl_music-city-custom_music-city-custom-free-floating-walnut_14x5_solid-shell_walnut_triple-flanged-superhoop-style_b454a490
Pearl,Music City Custom,Music City Custom Free Floating Walnut,14x6.5,wood,Solid Shell,Walnut,,MISSING,MISSING,Triple-Flanged / SuperHoop-style,10,medium,"shellThickness, bearingEdgeOrFallback",pearl_music-city-custom_music-city-custom-free-floating-walnut_14x6-5_solid-shell_walnut_triple-flanged-superhoop-style_c5d8b16d
Pearl,Music City Custom,Music City Custom Free Floating Walnut,14x8,wood,Solid Shell,Walnut,,MISSING,MISSING,Triple-Flanged / SuperHoop-style,10,medium,"shellThickness, bearingEdgeOrFallback",pearl_music-city-custom_music-city-custom-free-floating-walnut_14x8_solid-shell_walnut_triple-flanged-superhoop-style_9095f6d0
Pearl,Piccolo,Piccolo Maple,13x3,wood,Ply,Maple,,MISSING,MISSING,Triple-Flanged,,medium,"shellThickness, bearingEdgeOrFallback",pearl_piccolo_piccolo-maple_13x3_ply_maple_triple-flanged_f0821620
Pearl,President,President Phenolic Snare,14x5.5,wood,Ply,Phenolic,Mahogany,MISSING,MISSING,Triple-Flanged,,medium,"shellThickness, bearingEdgeOrFallback",pearl_president_president-phenolic-snare_14x5-5_ply_phenolic_mahogany_triple-flanged_c7f8cefb
Pearl,President Deluxe,President Deluxe Lauan Snare,14x5.5,wood,Ply,Lauan,Mahogany,MISSING,MISSING,Triple-Flanged,,medium,"shellThickness, bearingEdgeOrFallback",pearl_president-deluxe_president-deluxe-lauan-snare_14x5-5_ply_lauan_mahogany_triple-flanged_75293c04
Pearl,Primal Snare Collective,Primal Snare Collective Maple,13x7,wood,Ply,Maple,,MISSING,MISSING,2.3mm Triple-Flanged,8,medium,"shellThickness, bearingEdgeOrFallback",pearl_primal-snare-collective_primal-snare-collective-maple_13x7_ply_maple_2-3mm-triple-flanged_41d9d76b
Pearl,Primal Snare Collective,Primal Snare Collective Maple,14x6.5,wood,Ply,Maple,,MISSING,MISSING,2.3mm Triple-Flanged,10,medium,"shellThickness, bearingEdgeOrFallback",pearl_primal-snare-collective_primal-snare-collective-maple_14x6-5_ply_maple_2-3mm-triple-flanged_d78b1683
Pearl,Session Studio,Session Studio Birch/Maple Snare,14x5.5,wood,Ply,Birch,Maple,MISSING,MISSING,SuperHoop II,10,medium,"shellThickness, bearingEdgeOrFallback",pearl_session-studio_session-studio-birch-maple-snare_14x5-5_ply_birch_maple_superhoop-ii_4f825eac
Pearl,Session Studio,Session Studio Birch/Maple Snare,14x6.5,wood,Ply,Birch,Maple,MISSING,MISSING,SuperHoop II,10,medium,"shellThickness, bearingEdgeOrFallback",pearl_session-studio_session-studio-birch-maple-snare_14x6-5_ply_birch_maple_superhoop-ii_67a45122
Pearl,Session Studio,Session Studio Kapoor/Birch Snare,14x5.5,wood,Ply,Kapoor,Birch,MISSING,MISSING,SuperHoop II,10,medium,"shellThickness, bearingEdgeOrFallback",pearl_session-studio_session-studio-kapoor-birch-snare_14x5-5_ply_kapoor_birch_superhoop-ii_d6fd8818
Pearl,Session Studio,Session Studio Kapoor/Birch Snare,14x6.5,wood,Ply,Kapoor,Birch,MISSING,MISSING,SuperHoop II,10,medium,"shellThickness, bearingEdgeOrFallback",pearl_session-studio_session-studio-kapoor-birch-snare_14x6-5_ply_kapoor_birch_superhoop-ii_7f1b10ec
Pearl,Signature,Dennis Chambers Signature,14x6.5,wood,Ply,Maple,,MISSING,MISSING,Die-Cast / MasterCast,10,medium,"shellThickness, bearingEdgeOrFallback",pearl_signature_dennis-chambers-signature_14x6-5_ply_maple_die-cast-mastercast_dc-1465_7e0e36a8
Pearl,Signature,Eric Singer Signature,14x6.5,wood,Ply,Maple,,MISSING,MISSING,Die-Cast / MasterCast,10,medium,"shellThickness, bearingEdgeOrFallback",pearl_signature_eric-singer-signature_14x6-5_ply_maple_die-cast-mastercast_es-1465_c18265f6
Pearl,Signature,Joey Kramer Signature,14x5.5,wood,Ply,Maple,,MISSING,MISSING,Die-Cast / MasterCast,10,medium,"shellThickness, bearingEdgeOrFallback",pearl_signature_joey-kramer-signature_14x5-5_ply_maple_die-cast-mastercast_jd-1455_39973ef8
Pearl,Signature,Mike Mangini Signature,10x6.2,wood,Ply,Birch,,MISSING,MISSING,Die-Cast / MasterCast,6,medium,"shellThickness, bearingEdgeOrFallback",pearl_signature_mike-mangini-signature_10x6-2_ply_birch_die-cast-mastercast_mm-1062_1ce28eba
Pearl,Signature,Omar Hakim Signature,13x5,wood,Ply,Mahogany,,7.5mm,MISSING,SuperHoop II,8,high-for-thickness-only,bearingEdgeOrFallback,pearl_signature_omar-hakim-signature_13x5_ply_mahogany_superhoop-ii_oh-1350_1df97299
Pearl,Signature,Virgil Donati Signature,14x5,wood,Ply,Maple,,MISSING,MISSING,Die-Cast / MasterCast,10,medium,"shellThickness, bearingEdgeOrFallback",pearl_signature_virgil-donati-signature_14x5_ply_maple_die-cast-mastercast_vg-1450_b761413c
Pearl,Vision,Vision Birch Snare,14x5.5,wood,Ply,Birch,,MISSING,MISSING,Triple-Flanged,,medium,"shellThickness, bearingEdgeOrFallback",pearl_vision_vision-birch-snare_14x5-5_ply_birch_triple-flanged_85dcbc15
Pearl,Vision,Vision Birch/Basswood Snare,14x5.5,wood,Ply,Birch,Wood,MISSING,MISSING,Triple-Flanged,,medium,"shellThickness, bearingEdgeOrFallback",pearl_vision_vision-birch-basswood-snare_14x5-5_ply_birch_wood_triple-flanged_efe64e2e
Philly Drum Co.,Custom Stave,Tri-Wood Stave Walnut/Cherry/Maple,14x6.5,wood,Solid Shell,Walnut,Cherry,MISSING,Hand-carved outer rounded edge with 45-degree inner cut,Stick Saver hoops,,medium,shellThickness,philly-drum-co_custom-stave_tri-wood-stave-walnut-cherry-maple_14x6-5_solid-shell_walnut_cherry_maple_hand-carved-outer-_e51c5f30
Pork Pie Percussion,Piglite / Acrylic,Amber Piglite Snare,13x7,composite,Acrylic,Acrylic,,MISSING,MISSING,Triple-flanged hoops,,medium,"shellThickness, bearingEdgeOrFallback",pork-pie-percussion_piglite-acrylic_amber-piglite-snare_13x7_acrylic_acrylic_amber-acrylic_triple-flanged-hoops_d98788be
Pork Pie Percussion,Piglite / Acrylic,Clear Piglite Snare,14x6.5,composite,Acrylic,Acrylic,,MISSING,MISSING,Triple-flanged hoops,,medium,"shellThickness, bearingEdgeOrFallback",pork-pie-percussion_piglite-acrylic_clear-piglite-snare_14x6-5_acrylic_acrylic_clear-acrylic_triple-flanged-hoops_bbc6de46
Pork Pie Percussion,Piglite / Acrylic,Red Piglite Snare,14x6.5,composite,Acrylic,Acrylic,,MISSING,MISSING,Triple-flanged hoops,,medium,"shellThickness, bearingEdgeOrFallback",pork-pie-percussion_piglite-acrylic_red-piglite-snare_14x6-5_acrylic_acrylic_red-acrylic_triple-flanged-hoops_11685027
Pork Pie Percussion,Metal / Aluminum,Aluminum Custom 14x6.5,14x6.5,metal,Metal,Aluminum,,MISSING,"Folded / metal bearing edge, not fully specified",2.3mm triple-flanged,810,medium,shellThickness,pork-pie-percussion_metal-aluminum_aluminum-custom-14x6-5_14x6-5_metal_aluminum_folded-metal-bearing-edge-not-fully-spec_34119eb7
Pork Pie Percussion,Metal / Brass,Hammered Brass Custom 14x6.5,14x6.5,metal,Metal,Hammered Brass,,MISSING,"Folded / metal bearing edge, not fully specified",2.3mm triple-flanged,810,medium,shellThickness,pork-pie-percussion_metal-brass_hammered-brass-custom-14x6-5_14x6-5_metal_hammered-brass_folded-metal-bearing-edge-not-f_d64ea2d0
Pork Pie Percussion,Metal / Brass,Heavy Brass Porkster 13x6.5,13x6.5,metal,Metal,Brass,,MISSING,"Folded / metal bearing edge, not fully specified",2.3mm triple-flanged,810,medium,shellThickness,pork-pie-percussion_metal-brass_heavy-brass-porkster-13x6-5_13x6-5_metal_brass_folded-metal-bearing-edge-not-fully-speci_d3e20e1c
Pork Pie Percussion,Metal / Brass,Plate Brass Custom 14x6.5,14x6.5,metal,Metal,Brass,,MISSING,"Folded / metal bearing edge, not fully specified",2.3mm triple-flanged,810,medium,shellThickness,pork-pie-percussion_metal-brass_plate-brass-custom-14x6-5_14x6-5_metal_brass_folded-metal-bearing-edge-not-fully-specifi_fd71ff8b
Pork Pie Percussion,Metal / Copper,Copper Custom 14x6.5,14x6.5,metal,Metal,Copper,,MISSING,"Folded / metal bearing edge, not fully specified",2.3mm triple-flanged,810,medium,shellThickness,pork-pie-percussion_metal-copper_copper-custom-14x6-5_14x6-5_metal_copper_folded-metal-bearing-edge-not-fully-specified__4a293849
Pork Pie Percussion,Metal / Steel,Steel Custom 14x6.5,14x6.5,metal,Metal,Steel,,MISSING,"Folded / metal bearing edge, not fully specified",2.3mm triple-flanged,810,medium,shellThickness,pork-pie-percussion_metal-steel_steel-custom-14x6-5_14x6-5_metal_steel_folded-metal-bearing-edge-not-fully-specified_unk_c0cd549d
Pork Pie Percussion,Patina Brass,Patina Brass 13x7,13x7,metal,Metal,Brass,,MISSING,"Folded / metal bearing edge, not fully specified",2.3mm triple-flanged,810,medium,shellThickness,pork-pie-percussion_patina-brass_patina-brass-13x7_13x7_metal_brass_folded-metal-bearing-edge-not-fully-specified_unknow_f18d030d
Pork Pie Percussion,Patina Brass,Patina Brass 14x6.5,14x6.5,metal,Metal,Brass,,MISSING,"Folded / metal bearing edge, not fully specified",2.3mm triple-flanged,810,medium,shellThickness,pork-pie-percussion_patina-brass_patina-brass-14x6-5_14x6-5_metal_brass_folded-metal-bearing-edge-not-fully-specified_un_f944fe8f
Pork Pie Percussion,USA Custom / Hybrid Metal-Wood,7x14 Copper Hammered Brass Hybrid Snare,14x7,metal,Ply,Copper,,MISSING,MISSING,2.3mm triple-flanged,,medium,"shellThickness, bearingEdgeOrFallback",pork-pie-percussion_usa-custom-hybrid-metal-wood_7x14-copper-hammered-brass-hybrid-snare_14x7_ply_copper_copper-hammered_dff4a3c5
Pork Pie Percussion,USA Custom / Metal,8x14 Patina Brass,14x8,metal,Metal,Brass,,MISSING,MISSING,2.3mm triple-flanged,,medium,"shellThickness, bearingEdgeOrFallback",pork-pie-percussion_usa-custom-metal_8x14-patina-brass_14x8_metal_brass_patina-brass_2-3mm-triple-flanged_50e8424e
Pork Pie Percussion,USA Custom / Metal,Pig Iron 6.5x14,14x6.5,metal,Metal,Steel,,MISSING,MISSING,Rolled-in snare beds,,medium,"shellThickness, bearingEdgeOrFallback",pork-pie-percussion_usa-custom-metal_pig-iron-6-5x14_14x6-5_metal_steel_no_folded-over-bearing-edge_rolled-in-snare-beds_f1c286c3
Pork Pie Percussion,Little Squealer,Little Squealer Black 12x5,12x5,wood,Ply,Maple,,MISSING,MISSING,Triple-flanged hoops,,medium,"shellThickness, bearingEdgeOrFallback",pork-pie-percussion_little-squealer_little-squealer-black-12x5_12x5_ply_maple_satin-lacquer-wrap-varies_triple-flanged-h_c3df49fb
Pork Pie Percussion,Little Squealer,Little Squealer Black 5.5x13,13x5.5,wood,Ply,Maple,,MISSING,MISSING,Triple-flanged hoops,,medium,"shellThickness, bearingEdgeOrFallback",pork-pie-percussion_little-squealer_little-squealer-black-5-5x13_13x5-5_ply_maple_satin-lacquer-wrap-varies_triple-flang_9af528a9
Pork Pie Percussion,Little Squealer,Little Squealer Maple 12x5,12x5,wood,Ply,Maple,,MISSING,MISSING,Triple-flanged hoops,,medium,"shellThickness, bearingEdgeOrFallback",pork-pie-percussion_little-squealer_little-squealer-maple-12x5_12x5_ply_maple_ebony-satin_triple-flanged-hoops_8f26b2dc
Pork Pie Percussion,Little Squealer,Little Squealer Maple 13x7 Black,13x7,wood,Ply,Maple,,MISSING,MISSING,Triple-flanged hoops,,medium,"shellThickness, bearingEdgeOrFallback",pork-pie-percussion_little-squealer_little-squealer-maple-13x7-black_13x7_ply_maple_satin-lacquer-wrap-varies_triple-fla_7d8d09ed
Pork Pie Percussion,Little Squealer,Little Squealer Maple 14x5.5,14x5.5,wood,Ply,Maple,,MISSING,MISSING,Triple-flanged hoops,,medium,"shellThickness, bearingEdgeOrFallback",pork-pie-percussion_little-squealer_little-squealer-maple-14x5-5_14x5-5_ply_maple_satin-lacquer-wrap-varies_triple-flang_f91bca59
Pork Pie Percussion,Little Squealer,Little Squealer Maple 14x6.5,14x6.5,wood,Ply,Maple,,MISSING,MISSING,Triple-flanged hoops,,medium,"shellThickness, bearingEdgeOrFallback",pork-pie-percussion_little-squealer_little-squealer-maple-14x6-5_14x6-5_ply_maple_satin-lacquer-wrap-varies_triple-flang_0f8071b2
Pork Pie Percussion,Little Squealer,Little Squealer Porcaro Blue 13x7,13x7,wood,Ply,Maple,,MISSING,MISSING,Triple-flanged hoops,,medium,"shellThickness, bearingEdgeOrFallback",pork-pie-percussion_little-squealer_little-squealer-porcaro-blue-13x7_13x7_ply_maple_satin-lacquer-wrap-varies_triple-fl_0bebb6eb
Pork Pie Percussion,USA Custom,7x14 African Mahogany,14x7,wood,Ply,Mahogany,,MISSING,MISSING,2.3mm triple-flanged,,medium,"shellThickness, bearingEdgeOrFallback",pork-pie-percussion_usa-custom_7x14-african-mahogany_14x7_ply_mahogany_custom-lacquer-wrap-oil-varies_2-3mm-triple-flang_15cf3630
Pork Pie Percussion,USA Custom,7x14 Blue Fade Dip Snare,14x7,wood,Ply,Maple,,MISSING,MISSING,2.3mm triple-flanged,,medium,"shellThickness, bearingEdgeOrFallback",pork-pie-percussion_usa-custom_7x14-blue-fade-dip-snare_14x7_ply_maple_blue-fade-dip_2-3mm-triple-flanged_45ec3cad
Pork Pie Percussion,USA Custom,7x14 Cherry Bubinga Snare,14x7,wood,Ply,Cherry,,MISSING,MISSING,2.3mm triple-flanged,,medium,"shellThickness, bearingEdgeOrFallback",pork-pie-percussion_usa-custom_7x14-cherry-bubinga-snare_14x7_ply_cherry_custom-finish_2-3mm-triple-flanged_5c07431f
Pork Pie Percussion,USA Custom,7x14 Red Oak,14x7,wood,Ply,Oak,,MISSING,MISSING,2.3mm triple-flanged,,medium,"shellThickness, bearingEdgeOrFallback",pork-pie-percussion_usa-custom_7x14-red-oak_14x7_ply_oak_custom-finish_2-3mm-triple-flanged_d2374272
Pork Pie Percussion,USA Custom,8x14 Maple Oak Black Lacquer,14x8,wood,Ply,Maple,,MISSING,MISSING,2.3mm triple-flanged,,medium,"shellThickness, bearingEdgeOrFallback",pork-pie-percussion_usa-custom_8x14-maple-oak-black-lacquer_14x8_ply_maple_black-lacquer_2-3mm-triple-flanged_430251a8
Pork Pie Percussion,USA Custom,African Mahogany 13x7,13x7,wood,Ply,Mahogany,,MISSING,MISSING,2.3mm triple-flanged,,medium,"shellThickness, bearingEdgeOrFallback",pork-pie-percussion_usa-custom_african-mahogany-13x7_13x7_ply_mahogany_custom-finish-varies_2-3mm-triple-flanged_54a2d636
Pork Pie Percussion,USA Custom,Bubinga Gloss 14x7,14x7,wood,Ply,Bubinga,,MISSING,MISSING,2.3mm triple-flanged,,medium,"shellThickness, bearingEdgeOrFallback",pork-pie-percussion_usa-custom_bubinga-gloss-14x7_14x7_ply_bubinga_custom-finish-varies_2-3mm-triple-flanged_2421929e
Pork Pie Percussion,USA Custom,Cherry Custom 14x6.5,14x6.5,wood,Ply,Cherry,,MISSING,MISSING,2.3mm triple-flanged,,medium,"shellThickness, bearingEdgeOrFallback",pork-pie-percussion_usa-custom_cherry-custom-14x6-5_14x6-5_ply_cherry_custom-finish-varies_2-3mm-triple-flanged_ab6cf87c
Pork Pie Percussion,USA Custom,Cherry/Bubinga Hybrid 13x7,13x7,wood,Ply,Cherry,,MISSING,MISSING,2.3mm triple-flanged,,medium,"shellThickness, bearingEdgeOrFallback",pork-pie-percussion_usa-custom_cherry-bubinga-hybrid-13x7_13x7_ply_cherry_custom-finish-varies_2-3mm-triple-flanged_9d2cf3d3
Pork Pie Percussion,USA Custom,Mahogany Custom 14x6.5,14x6.5,wood,Ply,Mahogany,,MISSING,MISSING,2.3mm triple-flanged,,medium,"shellThickness, bearingEdgeOrFallback",pork-pie-percussion_usa-custom_mahogany-custom-14x6-5_14x6-5_ply_mahogany_custom-finish-varies_2-3mm-triple-flanged_4351c38f
Pork Pie Percussion,USA Custom,Maple Custom 12x5,12x5,wood,Ply,Maple,,MISSING,MISSING,2.3mm triple-flanged,,medium,"shellThickness, bearingEdgeOrFallback",pork-pie-percussion_usa-custom_maple-custom-12x5_12x5_ply_maple_custom-finish-varies_2-3mm-triple-flanged_f36046b6
Pork Pie Percussion,USA Custom,Maple Custom 13x7,13x7,wood,Ply,Maple,,MISSING,MISSING,2.3mm triple-flanged,,medium,"shellThickness, bearingEdgeOrFallback",pork-pie-percussion_usa-custom_maple-custom-13x7_13x7_ply_maple_custom-finish-varies_2-3mm-triple-flanged_c4888b7b
Pork Pie Percussion,USA Custom,Maple Custom 14x5.5,14x5.5,wood,Ply,Maple,,MISSING,MISSING,2.3mm triple-flanged,,medium,"shellThickness, bearingEdgeOrFallback",pork-pie-percussion_usa-custom_maple-custom-14x5-5_14x5-5_ply_maple_custom-finish-varies_2-3mm-triple-flanged_9d9e5ebf
Pork Pie Percussion,USA Custom,Maple Custom 14x6.5,14x6.5,wood,Ply,Maple,,MISSING,MISSING,2.3mm triple-flanged,,medium,"shellThickness, bearingEdgeOrFallback",pork-pie-percussion_usa-custom_maple-custom-14x6-5_14x6-5_ply_maple_custom-finish-varies_2-3mm-triple-flanged_491d55ac
Pork Pie Percussion,USA Custom,Maple Custom 14x7,14x7,wood,Ply,Maple,,MISSING,MISSING,2.3mm triple-flanged,,medium,"shellThickness, bearingEdgeOrFallback",pork-pie-percussion_usa-custom_maple-custom-14x7_14x7_ply_maple_custom-finish-varies_2-3mm-triple-flanged_3e92fb6b
Pork Pie Percussion,USA Custom,Maple Deep 13x8,13x8,wood,Ply,Maple,,MISSING,MISSING,2.3mm triple-flanged,,medium,"shellThickness, bearingEdgeOrFallback",pork-pie-percussion_usa-custom_maple-deep-13x8_13x8_ply_maple_custom-finish-varies_2-3mm-triple-flanged_045802a5
Pork Pie Percussion,USA Custom,Maple Deep 14x8,14x8,wood,Ply,Maple,,MISSING,MISSING,2.3mm triple-flanged,,medium,"shellThickness, bearingEdgeOrFallback",pork-pie-percussion_usa-custom_maple-deep-14x8_14x8_ply_maple_custom-finish-varies_2-3mm-triple-flanged_6065010f
Pork Pie Percussion,USA Custom,Maple Max 7x14,14x7,wood,Ply,Maple,,9mm,MISSING,2.3mm triple-flanged,,medium,bearingEdgeOrFallback,pork-pie-percussion_usa-custom_maple-max-7x14_14x7_ply_maple_9_custom-finish-varies_2-3mm-triple-flanged_2b58b150
Pork Pie Percussion,USA Custom,Maple Piccolo 13x4,13x4,wood,Ply,Maple,,MISSING,MISSING,2.3mm triple-flanged,,medium,"shellThickness, bearingEdgeOrFallback",pork-pie-percussion_usa-custom_maple-piccolo-13x4_13x4_ply_maple_custom-finish-varies_2-3mm-triple-flanged_142255e8
Pork Pie Percussion,USA Custom,Maple Piccolo 14x4,14x4,wood,Ply,Maple,,MISSING,MISSING,2.3mm triple-flanged,,medium,"shellThickness, bearingEdgeOrFallback",pork-pie-percussion_usa-custom_maple-piccolo-14x4_14x4_ply_maple_custom-finish-varies_2-3mm-triple-flanged_f719bf50
Pork Pie Percussion,USA Custom,Maple/Bubinga Hybrid 14x6.5,14x6.5,wood,Ply,Maple,,MISSING,MISSING,2.3mm triple-flanged,,medium,"shellThickness, bearingEdgeOrFallback",pork-pie-percussion_usa-custom_maple-bubinga-hybrid-14x6-5_14x6-5_ply_maple_custom-finish-varies_2-3mm-triple-flanged_5b0fb099
Pork Pie Percussion,USA Custom,Maple/Mahogany Hybrid 14x6.5,14x6.5,wood,Ply,Maple,,MISSING,MISSING,2.3mm triple-flanged,,medium,"shellThickness, bearingEdgeOrFallback",pork-pie-percussion_usa-custom_maple-mahogany-hybrid-14x6-5_14x6-5_ply_maple_custom-finish-varies_2-3mm-triple-flanged_cccaf693
Pork Pie Percussion,USA Custom,Maple/Oak Hybrid 14x7,14x7,wood,Ply,Maple,,MISSING,MISSING,2.3mm triple-flanged,,medium,"shellThickness, bearingEdgeOrFallback",pork-pie-percussion_usa-custom_maple-oak-hybrid-14x7_14x7_ply_maple_custom-finish-varies_2-3mm-triple-flanged_f23c9592
Pork Pie Percussion,USA Custom,Maple/Rosewood Hybrid 14x7,14x7,wood,Ply,Maple,,MISSING,MISSING,2.3mm triple-flanged,,medium,"shellThickness, bearingEdgeOrFallback",pork-pie-percussion_usa-custom_maple-rosewood-hybrid-14x7_14x7_ply_maple_custom-finish-varies_2-3mm-triple-flanged_09f93217
Pork Pie Percussion,USA Custom,Maple/Walnut Hybrid 14x6.5,14x6.5,wood,Ply,Maple,,MISSING,MISSING,2.3mm triple-flanged,,medium,"shellThickness, bearingEdgeOrFallback",pork-pie-percussion_usa-custom_maple-walnut-hybrid-14x6-5_14x6-5_ply_maple_custom-finish-varies_2-3mm-triple-flanged_9adeb665
Pork Pie Percussion,USA Custom,Red Oak 13x7,13x7,wood,Ply,Oak,,MISSING,MISSING,2.3mm triple-flanged,,medium,"shellThickness, bearingEdgeOrFallback",pork-pie-percussion_usa-custom_red-oak-13x7_13x7_ply_oak_custom-finish-varies_2-3mm-triple-flanged_300b5cd4
Pork Pie Percussion,USA Custom,Red Oak Custom 14x6.5,14x6.5,wood,Ply,Oak,,MISSING,MISSING,2.3mm triple-flanged,,medium,"shellThickness, bearingEdgeOrFallback",pork-pie-percussion_usa-custom_red-oak-custom-14x6-5_14x6-5_ply_oak_custom-finish-varies_2-3mm-triple-flanged_57b9d3dc
Pork Pie Percussion,USA Custom,Rosewood Custom 14x6.5,14x6.5,wood,Ply,Wood,,MISSING,MISSING,2.3mm triple-flanged,,medium,"shellThickness, bearingEdgeOrFallback",pork-pie-percussion_usa-custom_rosewood-custom-14x6-5_14x6-5_ply_wood_custom-finish-varies_2-3mm-triple-flanged_a905d62e
Pork Pie Percussion,USA Custom,Rosewood/Zebrawood Veneer Maple 14x6.5,14x6.5,wood,Ply,Maple,,MISSING,MISSING,2.3mm triple-flanged,,medium,"shellThickness, bearingEdgeOrFallback",pork-pie-percussion_usa-custom_rosewood-zebrawood-veneer-maple-14x6-5_14x6-5_ply_maple_custom-finish-varies_2-3mm-triple_68f5f5a5
Pork Pie Percussion,USA Custom,Solid One-Piece Exotic 14x6.5,14x6.5,wood,Solid Shell,Exotic Hardwood,,MISSING,MISSING,2.3mm triple-flanged,,medium,"shellThickness, bearingEdgeOrFallback",pork-pie-percussion_usa-custom_solid-one-piece-exotic-14x6-5_14x6-5_solid-shell_exotic-hardwood_custom-finish-varies_2-3_0b902361
Pork Pie Percussion,USA Custom,Stave Exotic Wood 14x6.5,14x6.5,wood,Stave,Exotic Hardwood,,MISSING,MISSING,2.3mm triple-flanged,,medium,"shellThickness, bearingEdgeOrFallback",pork-pie-percussion_usa-custom_stave-exotic-wood-14x6-5_14x6-5_stave_exotic-hardwood_custom-finish-varies_2-3mm-triple-f_564d4d7b
Pork Pie Percussion,USA Custom,USA Maple 14x6.5 Rosewood/Zebrawood Veneer,14x6.5,wood,Ply,Maple,,MISSING,45° inner with roundover counter-cut outer,2.3mm triple-flanged,10,medium,shellThickness,pork-pie-percussion_usa-custom_usa-maple-14x6-5-rosewood-zebrawood-veneer_14x6-5_ply_maple_45-inner-with-roundover-count_4982e27c
Pork Pie Percussion,USA Custom,Walnut 13x7,13x7,wood,Ply,Walnut,,MISSING,MISSING,2.3mm triple-flanged,,medium,"shellThickness, bearingEdgeOrFallback",pork-pie-percussion_usa-custom_walnut-13x7_13x7_ply_walnut_custom-finish-varies_2-3mm-triple-flanged_9110ea17
Pork Pie Percussion,USA Custom,Walnut Custom 14x6.5,14x6.5,wood,Ply,Walnut,,MISSING,MISSING,2.3mm triple-flanged,,medium,"shellThickness, bearingEdgeOrFallback",pork-pie-percussion_usa-custom_walnut-custom-14x6-5_14x6-5_ply_walnut_custom-finish-varies_2-3mm-triple-flanged_a0634067
Pork Pie Percussion,USA Custom / Hybrid Metal-Wood,7x14 Maple Copper,14x7,wood,Ply,Maple,,MISSING,MISSING,2.3mm triple-flanged,,medium,"shellThickness, bearingEdgeOrFallback",pork-pie-percussion_usa-custom-hybrid-metal-wood_7x14-maple-copper_14x7_ply_maple_maple-copper_2-3mm-triple-flanged_cd1c86e8
Pork Pie Percussion,USA Custom / Specialty,Frankinpork 7x14 16-ply Maple/Rosewood,14x7,wood,Ply,Maple,,MISSING,MISSING,Satin oil,,medium,"shellThickness, bearingEdgeOrFallback",pork-pie-percussion_usa-custom-specialty_frankinpork-7x14-16-ply-maple-rosewood_14x7_ply_maple_satin-oil_ef16518c
Premier,Artist,Artist Brushed Aluminium 14x5.5 Snare,14x5.5,metal,Metal,Aluminum,,MISSING,Formed metal bearing edge,1.5mm triple-flange steel,,medium,shellThickness,premier_artist_artist-brushed-aluminium-14x5-5-snare_14x5-5_metal_aluminum_formed-metal-bearing-edge_brushed-aluminium_1_d94806c8
Premier,Artist,Artist Chrome over Steel 14x5.5 Snare,14x5.5,metal,Metal,Steel,,MISSING,Formed metal bearing edge,1.5mm triple-flange steel,,medium,shellThickness,premier_artist_artist-chrome-over-steel-14x5-5-snare_14x5-5_metal_steel_formed-metal-bearing-edge_chrome-over-steel_1-5m_bcb8f89d
Premier,HR9,Heavy Rock 9 HR9 Brass/Wood Hybrid Snare,14x8,metal,Metal,Brass,Wood,MISSING,MISSING,unknown,,medium,"shellThickness, bearingEdgeOrFallback",premier_hr9_heavy-rock-9-hr9-brass-wood-hybrid-snare_14x8_metal_brass_wood_hr9_bac9b53f
Premier,Marching,12-Lug Marching Chrome Snare,14x10,metal,Metal,Steel,,MISSING,MISSING,Marching hoops / unknown,12,medium,"shellThickness, bearingEdgeOrFallback",premier_marching_12-lug-marching-chrome-snare_14x10_metal_steel_marching-snare-bed-unknown_chrome_marching-hoops-unknown_4f7db6c3
Premier,Model 2000,2000 Chrome over Aluminium 14x5 Snare,14x5,metal,Metal,Aluminum,,MISSING,Formed metal edge,Die-cast / stick saver style hoops,8,medium,shellThickness,premier_model-2000_2000-chrome-over-aluminium-14x5-snare_14x5_metal_aluminum_formed-metal-edge_parallel-snare-mechanism-_dbfa28b5
Premier,Model 2000,2000 Chrome over Aluminium 14x5.5 Snare,14x5.5,metal,Metal,Aluminum,,MISSING,Formed metal edge,Die-cast / stick saver style hoops,8,medium,shellThickness,premier_model-2000_2000-chrome-over-aluminium-14x5-5-snare_14x5-5_metal_aluminum_formed-metal-edge_parallel-snare-mechan_bbbd8a5b
Premier,Model 2000/Metal Variants,Premier Chrome over Brass 14x5 Snare,14x5,metal,Metal,Chrome over Brass,,MISSING,Formed metal edge,Unknown / die-cast or stick saver depending era,8,medium,shellThickness,premier_model-2000-metal-variants_premier-chrome-over-brass-14x5-snare_14x5_metal_chrome-over-brass_formed-metal-edge_un_562d6820
Premier,Model 2000/Metal Variants,Premier Chrome over Brass 14x5.5 Snare,14x5.5,metal,Metal,Chrome over Brass,,MISSING,Formed metal edge,Unknown / die-cast or stick saver depending era,8,medium,shellThickness,premier_model-2000-metal-variants_premier-chrome-over-brass-14x5-5-snare_14x5-5_metal_chrome-over-brass_formed-metal-edg_cd252d7c
Premier,Model 2000/Metal Variants,Premier Chrome over Brass 14x6.5 Snare,14x6.5,metal,Metal,Chrome over Brass,,MISSING,Formed metal edge,Unknown / die-cast or stick saver depending era,8,medium,shellThickness,premier_model-2000-metal-variants_premier-chrome-over-brass-14x6-5-snare_14x6-5_metal_chrome-over-brass_formed-metal-edg_73c99e59
Premier,Model 2000/Metal Variants,Premier Chrome over Steel 14x5 Snare,14x5,metal,Metal,Steel,,MISSING,Formed metal edge,Unknown / die-cast or stick saver depending era,8,medium,shellThickness,premier_model-2000-metal-variants_premier-chrome-over-steel-14x5-snare_14x5_metal_steel_formed-metal-edge_unknown-parall_29039f96
Premier,Model 2000/Metal Variants,Premier Chrome over Steel 14x5.5 Snare,14x5.5,metal,Metal,Steel,,MISSING,Formed metal edge,Unknown / die-cast or stick saver depending era,8,medium,shellThickness,premier_model-2000-metal-variants_premier-chrome-over-steel-14x5-5-snare_14x5-5_metal_steel_formed-metal-edge_unknown-pa_389f121f
Premier,Model 2000/Metal Variants,Premier Chrome over Steel 14x6.5 Snare,14x6.5,metal,Metal,Steel,,MISSING,Formed metal edge,Unknown / die-cast or stick saver depending era,8,medium,shellThickness,premier_model-2000-metal-variants_premier-chrome-over-steel-14x6-5-snare_14x6-5_metal_steel_formed-metal-edge_unknown-pa_fc6c18e4
Premier,Model 2001,2001 Chrome over Brass/Metal 14x5 Snare,14x5,metal,Metal,Brass,,MISSING,Formed metal edge,Die-cast / stick saver style hoops,8,medium,shellThickness,premier_model-2001_2001-chrome-over-brass-metal-14x5-snare_14x5_metal_brass_formed-metal-edge_parallel-snare-mechanism_c_21f444e1
Premier,Model 2002,2002 Metal Snare 14x6.5,14x6.5,metal,Metal,Unknown metal,,MISSING,Formed metal edge,unknown,8,medium,shellThickness,premier_model-2002_2002-metal-snare-14x6-5_14x6-5_metal_unknown-metal_formed-metal-edge_parallel-snare-mechanism_chrome__63372f54
Premier,Model 2003,2003 Metal Snare 14x8,14x8,metal,Metal,Unknown metal,,MISSING,Formed metal edge,unknown,8,medium,shellThickness,premier_model-2003_2003-metal-snare-14x8_14x8_metal_unknown-metal_formed-metal-edge_parallel-snare-mechanism_chrome_2003_f7876d21
Premier,APK,APK Birch/Eucalyptus/Birch 14x5.5 Snare,14x5.5,wood,Ply,Birch,Eucalyptus,MISSING,MISSING,unknown,8,medium,"shellThickness, bearingEdgeOrFallback",premier_apk_apk-birch-eucalyptus-birch-14x5-5-snare_14x5-5_ply_birch_eucalyptus_birch_wrap-lacquer_5cba73e2
Premier,Cabria,Cabria Wood Snare 14x5.5,14x5.5,wood,Ply,Wood,,MISSING,MISSING,unknown,8,medium,"shellThickness, bearingEdgeOrFallback",premier_cabria_cabria-wood-snare-14x5-5_14x5-5_ply_wood_wrap-lacquer_628ec0b8
Premier,Cabria Exclusive,Cabria Exclusive Snare 14x5.5,14x5.5,wood,Ply,Wood,,MISSING,MISSING,unknown,8,medium,"shellThickness, bearingEdgeOrFallback",premier_cabria-exclusive_cabria-exclusive-snare-14x5-5_14x5-5_ply_wood_lacquer_6e484bed
Premier,Club / Student,Student Wood Snare 14x5.5,14x5.5,wood,Ply,Wood,,MISSING,MISSING,unknown,68,medium,"shellThickness, bearingEdgeOrFallback",premier_club-student_student-wood-snare-14x5-5_14x5-5_ply_wood_wrap_d818ea90
Premier,Concert / Orchestral,Concert Wood Snare 14x5.5,14x5.5,wood,Ply,Birch,,MISSING,MISSING,unknown,,medium,"shellThickness, bearingEdgeOrFallback",premier_concert-orchestral_concert-wood-snare-14x5-5_14x5-5_ply_birch_orchestral-snare-bed-unknown_wrap-lacquer_8d878219
Premier,Dominion Ace,Dominion Ace Wood 14x5.5,14x5.5,wood,Ply,Birch,,MISSING,MISSING,unknown,,medium,"shellThickness, bearingEdgeOrFallback",premier_dominion-ace_dominion-ace-wood-14x5-5_14x5-5_ply_birch_vintage-rounded-unknown_wrap_dominion-ace_ee25c13a
Premier,Dominion Ace,Premier Dominion Ace Deep 14x6.5 Snare,14x6.5,wood,Ply,Birch,,MISSING,MISSING,unknown,,medium,"shellThickness, bearingEdgeOrFallback",premier_dominion-ace_premier-dominion-ace-deep-14x6-5-snare_14x6-5_ply_birch_vintage-rounded-unknown_wrap-lacquer_domini_2241895e
Premier,Dominion Ace,Premier Dominion Ace Piccolo 14x4 Snare,14x4,wood,Ply,Birch,,MISSING,MISSING,unknown,,medium,"shellThickness, bearingEdgeOrFallback",premier_dominion-ace_premier-dominion-ace-piccolo-14x4-snare_14x4_ply_birch_vintage-rounded-unknown_wrap-lacquer_dominio_faafaaea
Premier,Elite,Elite Maple/Wood Snare 14x5.5,14x5.5,wood,Ply,Maple,,MISSING,MISSING,unknown,10,medium,"shellThickness, bearingEdgeOrFallback",premier_elite_elite-maple-wood-snare-14x5-5_14x5-5_ply_maple_lacquer_ad49371a
Premier,Gen-X,Gen-X Hybrid Maple/Birch 14x5.5 Snare,14x5.5,wood,Ply,Maple,Birch,MISSING,MISSING,unknown,,medium,"shellThickness, bearingEdgeOrFallback",premier_gen-x_gen-x-hybrid-maple-birch-14x5-5-snare_14x5-5_ply_maple_birch_45-degree-unknown_lacquer_530683c6
Premier,Gen-X,Gen-X Hybrid Maple/Birch 14x6.5 Snare,14x6.5,wood,Ply,Maple,Birch,MISSING,MISSING,unknown,,medium,"shellThickness, bearingEdgeOrFallback",premier_gen-x_gen-x-hybrid-maple-birch-14x6-5-snare_14x6-5_ply_maple_birch_45-degree-unknown_lacquer_5bfef194
Premier,Genista Original,Genista Birch 14x5.5 Snare,14x5.5,wood,Ply,Birch,,MISSING,MISSING,unknown,,medium,"shellThickness, bearingEdgeOrFallback",premier_genista-original_genista-birch-14x5-5-snare_14x5-5_ply_birch_lacquer_1f4fff06
Premier,Genista Original,Genista Birch 14x6.5 Snare,14x6.5,wood,Ply,Birch,,MISSING,MISSING,unknown,,medium,"shellThickness, bearingEdgeOrFallback",premier_genista-original_genista-birch-14x6-5-snare_14x6-5_ply_birch_lacquer_e7648a9a
Premier,Hi-Fi,Hi-Fi Wood Snare 14x5.5,14x5.5,wood,Ply,Birch,,MISSING,MISSING,unknown,,medium,"shellThickness, bearingEdgeOrFallback",premier_hi-fi_hi-fi-wood-snare-14x5-5_14x5-5_ply_birch_wrap-lacquer_hi-fi_998068ce
Premier,Hi-Fi,Premier Hi-Fi Deep 14x6.5 Snare,14x6.5,wood,Ply,Birch,,MISSING,MISSING,unknown,,medium,"shellThickness, bearingEdgeOrFallback",premier_hi-fi_premier-hi-fi-deep-14x6-5-snare_14x6-5_ply_birch_vintage-rounded-unknown_wrap-lacquer_hi-fi-deep_c12624b6
Premier,Hi-Fi,Premier Hi-Fi Piccolo 14x4 Snare,14x4,wood,Ply,Birch,,MISSING,MISSING,unknown,,medium,"shellThickness, bearingEdgeOrFallback",premier_hi-fi_premier-hi-fi-piccolo-14x4-snare_14x4_ply_birch_vintage-rounded-unknown_wrap-lacquer_hi-fi-piccolo_5034b614
Premier,Limited / Centenary,Premier 100th Anniversary Snare 14x5.5,14x5.5,wood,Ply,Birch,,MISSING,MISSING,unknown,,medium,"shellThickness, bearingEdgeOrFallback",premier_limited-centenary_premier-100th-anniversary-snare-14x5-5_14x5-5_ply_birch_centenary-finish_f7dc9183
Premier,Model 35,35 Wood Snare 14x5.5,14x5.5,wood,Ply,Birch,,MISSING,MISSING,unknown,,medium,"shellThickness, bearingEdgeOrFallback",premier_model-35_35-wood-snare-14x5-5_14x5-5_ply_birch_vintage-rounded-unknown_wrap_35_6e9cfee7
Premier,Modern Classic,Modern Classic Maple 13x7 Snare,13x7,wood,Ply,Maple,,MISSING,MISSING,unknown,,medium,"shellThickness, bearingEdgeOrFallback",premier_modern-classic_modern-classic-maple-13x7-snare_13x7_ply_maple_aa81bf5f
Premier,Modern Classic,Modern Classic Maple 14x4 Snare,14x4,wood,Ply,Maple,,MISSING,MISSING,unknown,,medium,"shellThickness, bearingEdgeOrFallback",premier_modern-classic_modern-classic-maple-14x4-snare_14x4_ply_maple_2653_d2e5c930
Premier,Olympic,Olympic by Premier Wood Snare 14x5.5,14x5.5,wood,Ply,Wood,,MISSING,MISSING,unknown,,medium,"shellThickness, bearingEdgeOrFallback",premier_olympic_olympic-by-premier-wood-snare-14x5-5_14x5-5_ply_wood_wrap_olympic_9fc7635f
Premier,Premier Series,Premier Series Maple Snare 14x5.5,14x5.5,wood,Ply,Maple,,MISSING,MISSING,unknown,10,medium,"shellThickness, bearingEdgeOrFallback",premier_premier-series_premier-series-maple-snare-14x5-5_14x5-5_ply_maple_lacquer_1f12a044
Premier,Projector,Projector Birch 14x6.5 Snare,14x6.5,wood,Ply,Birch,,MISSING,MISSING,unknown,,medium,"shellThickness, bearingEdgeOrFallback",premier_projector_projector-birch-14x6-5-snare_14x6-5_ply_birch_lacquer_20573130
Premier,Resonator,Kenny Clare Resonator 14x5.5 Snare,14x5.5,wood,Ply / Resonator,Wood,Inner resonator shell,MISSING,MISSING,unknown,,medium,"shellThickness, bearingEdgeOrFallback",premier_resonator_kenny-clare-resonator-14x5-5-snare_14x5-5_ply-resonator_wood_inner-resonator-shell_lacquer-wrap_2b73ef27
Premier,Revolution,Revolution Snare 14x5.5,14x5.5,wood,Ply,Poplar,,MISSING,MISSING,unknown,8,medium,"shellThickness, bearingEdgeOrFallback",premier_revolution_revolution-snare-14x5-5_14x5-5_ply_poplar_wrap_97f7758e
Premier,Royal Ace,Premier Royal Ace Deep 14x6.5 Snare,14x6.5,wood,Ply,Birch,,MISSING,MISSING,unknown,,medium,"shellThickness, bearingEdgeOrFallback",premier_royal-ace_premier-royal-ace-deep-14x6-5-snare_14x6-5_ply_birch_vintage-rounded-unknown_wrap-lacquer_royal-ace-de_59cc4761
Premier,Royal Ace,Premier Royal Ace Piccolo/Concert 14x4 Snare,14x4,wood,Ply,Birch,,MISSING,MISSING,unknown,,medium,"shellThickness, bearingEdgeOrFallback",premier_royal-ace_premier-royal-ace-piccolo-concert-14x4-snare_14x4_ply_birch_vintage-rounded-unknown_wrap-lacquer_royal_69413039
Premier,Royal Ace,Royal Ace Wood 14x5.5 Snare,14x5.5,wood,Ply,Birch,Beech,MISSING,MISSING,Die-cast hoops,8,medium,"shellThickness, bearingEdgeOrFallback",premier_royal-ace_royal-ace-wood-14x5-5-snare_14x5-5_ply_birch_beech_unknown-vintage-rounded_parallel-snare-bed-system_w_73d92569
Premier,Signature / Artist,Kenny Clare Resonator Signature 14x5.5 Snare,14x5.5,wood,Ply / Resonator,Wood,Inner resonator shell,MISSING,MISSING,unknown,,medium,"shellThickness, bearingEdgeOrFallback",premier_signature-artist_kenny-clare-resonator-signature-14x5-5-snare_14x5-5_ply-resonator_wood_inner-resonator-shell_la_3ed334f2
Premier,Signature / Artist,Nicko McBrain Aces High 14x5.5 Snare,14x5.5,wood,Other / Needs Research,Wood,,MISSING,MISSING,unknown,,medium,"shellThickness, bearingEdgeOrFallback",premier_signature-artist_nicko-mcbrain-aces-high-14x5-5-snare_14x5-5_other-needs-research_wood_graphic-wrap-aces-high_ad8cccef
Premier,Signia,Signia Maple 14x5.5 Snare,14x5.5,wood,Ply,Maple,,MISSING,MISSING,unknown,,medium,"shellThickness, bearingEdgeOrFallback",premier_signia_signia-maple-14x5-5-snare_14x5-5_ply_maple_lacquer_d4a2bf3f
Premier,Signia,Signia Marquis Maple 14x5.5 Snare,14x5.5,wood,Ply,Maple,,MISSING,MISSING,unknown,,medium,"shellThickness, bearingEdgeOrFallback",premier_signia_signia-marquis-maple-14x5-5-snare_14x5-5_ply_maple_lacquer_c8f41934
Premier,Super Ace,Premier Super Ace Deep 14x6.5 Snare,14x6.5,wood,Ply,Birch,,MISSING,MISSING,unknown,,medium,"shellThickness, bearingEdgeOrFallback",premier_super-ace_premier-super-ace-deep-14x6-5-snare_14x6-5_ply_birch_vintage-rounded-unknown_wrap-lacquer_super-ace-de_dbcd04a5
Premier,Super Ace,Premier Super Ace Piccolo/Concert 14x4 Snare,14x4,wood,Ply,Birch,,MISSING,MISSING,unknown,,medium,"shellThickness, bearingEdgeOrFallback",premier_super-ace_premier-super-ace-piccolo-concert-14x4-snare_14x4_ply_birch_vintage-rounded-unknown_wrap-lacquer_super_d7be39c8
Premier,Super Ace,Super Ace Wood 14x5.5 Snare,14x5.5,wood,Ply,Birch,Beech,MISSING,MISSING,Die-cast hoops,8,medium,"shellThickness, bearingEdgeOrFallback",premier_super-ace_super-ace-wood-14x5-5-snare_14x5-5_ply_birch_beech_unknown-vintage-rounded_parallel-snare-bed-system_w_ffd6b8b4
Premier,XPK,XPK Birch/Eucalyptus/Birch 14x6.5 Snare,14x6.5,wood,Ply,Birch,Eucalyptus,MISSING,MISSING,unknown,810,medium,"shellThickness, bearingEdgeOrFallback",premier_xpk_xpk-birch-eucalyptus-birch-14x6-5-snare_14x6-5_ply_birch_eucalyptus_birch_lacquer_2065_2238fe85
Q Drum Co.,Copper / Steel / Wood Custom,Copper Shell Custom,14x6.5,metal,Metal,Copper,,MISSING,MISSING,unknown,,medium,"shellThickness, bearingEdgeOrFallback",q-drum-co_copper-steel-wood-custom_copper-shell-custom_14x6-5_metal_copper_6deb06e6
Q Drum Co.,Copper / Steel / Wood Custom,Steel Shell Custom,14x6.5,metal,Metal,Steel,,MISSING,MISSING,unknown,,medium,"shellThickness, bearingEdgeOrFallback",q-drum-co_copper-steel-wood-custom_steel-shell-custom_14x6-5_metal_steel_15303944
Q Drum Co.,Copper / Steel / Wood Custom,Maple Custom,14x6.5,wood,Ply,Maple,,MISSING,MISSING,unknown,,medium,"shellThickness, bearingEdgeOrFallback",q-drum-co_copper-steel-wood-custom_maple-custom_14x6-5_ply_maple_d9bd89b1
Rogers,Catalog 1962,Rogers 1962 Dyna-Sonic COB 14x5,14x5,metal,Metal,Brass,,MISSING,MISSING,Triple-flanged,10,medium,"shellThickness, bearingEdgeOrFallback",rogers_catalog-1962_rogers-1962-dyna-sonic-cob-14x5_14x5_metal_brass_catalog-edge-unknown_catalog-finish_triple-flanged__d553b752
Rogers,Catalog 1964,Rogers 1964 Dyna-Sonic COB 14x5,14x5,metal,Metal,Brass,,MISSING,MISSING,Triple-flanged,10,medium,"shellThickness, bearingEdgeOrFallback",rogers_catalog-1964_rogers-1964-dyna-sonic-cob-14x5_14x5_metal_brass_catalog-edge-unknown_catalog-finish_triple-flanged__46073c3b
Rogers,Catalog 1967-68,Rogers 1967-68 Dyna-Sonic COB 14x5,14x5,metal,Metal,Brass,,MISSING,MISSING,Triple-flanged,10,medium,"shellThickness, bearingEdgeOrFallback",rogers_catalog-1967-68_rogers-1967-68-dyna-sonic-cob-14x5_14x5_metal_brass_catalog-edge-unknown_catalog-finish_triple-fl_354c1e50
Rogers,Catalog 1967-68,Rogers 1967-68 Dyna-Sonic COB 14x6.5,14x6.5,metal,Metal,Brass,,MISSING,MISSING,Triple-flanged,10,medium,"shellThickness, bearingEdgeOrFallback",rogers_catalog-1967-68_rogers-1967-68-dyna-sonic-cob-14x6-5_14x6-5_metal_brass_catalog-edge-unknown_catalog-finish_tripl_4bd6191d
Rogers,Catalog 1967-68,Rogers 1967-68 Powertone COB 14x5,14x5,metal,Metal,Brass,,MISSING,MISSING,Triple-flanged,8,medium,"shellThickness, bearingEdgeOrFallback",rogers_catalog-1967-68_rogers-1967-68-powertone-cob-14x5_14x5_metal_brass_catalog-edge-unknown_catalog-finish_triple-fla_149fa22c
Rogers,Catalog 1970,Rogers 1970 Dyna-Sonic COB 14x5,14x5,metal,Metal,Brass,,MISSING,MISSING,Triple-flanged,10,medium,"shellThickness, bearingEdgeOrFallback",rogers_catalog-1970_rogers-1970-dyna-sonic-cob-14x5_14x5_metal_brass_catalog-edge-unknown_catalog-finish_triple-flanged__a16ebd3e
Rogers,Catalog 1973-74,Rogers 1973-74 Dyna-Sonic COB 14x5,14x5,metal,Metal,Brass,,MISSING,MISSING,Triple-flanged,10,medium,"shellThickness, bearingEdgeOrFallback",rogers_catalog-1973-74_rogers-1973-74-dyna-sonic-cob-14x5_14x5_metal_brass_catalog-edge-unknown_catalog-finish_triple-fl_ba8b6492
Rogers,Catalog 1973-74,Rogers 1973-74 SuperTen COS 14x5,14x5,metal,Metal,Steel,,MISSING,MISSING,Triple-flanged,10,medium,"shellThickness, bearingEdgeOrFallback",rogers_catalog-1973-74_rogers-1973-74-superten-cos-14x5_14x5_metal_steel_catalog-edge-unknown_catalog-finish_triple-flan_21c942f2
Rogers,Catalog 1973-74,Rogers 1973-74 SuperTen COS 14x6.5,14x6.5,metal,Metal,Steel,,MISSING,MISSING,Triple-flanged,10,medium,"shellThickness, bearingEdgeOrFallback",rogers_catalog-1973-74_rogers-1973-74-superten-cos-14x6-5_14x6-5_metal_steel_catalog-edge-unknown_catalog-finish_triple-_77d6062a
Rogers,Catalog 1976-77,Rogers 1976-77 Dyna-Sonic COB 14x5,14x5,metal,Metal,Brass,,MISSING,MISSING,Triple-flanged,10,medium,"shellThickness, bearingEdgeOrFallback",rogers_catalog-1976-77_rogers-1976-77-dyna-sonic-cob-14x5_14x5_metal_brass_catalog-edge-unknown_catalog-finish_triple-fl_34e58013
Rogers,Catalog 1976-77,Rogers 1976-77 SuperTen COS 14x5,14x5,metal,Metal,Steel,,MISSING,MISSING,Triple-flanged,10,medium,"shellThickness, bearingEdgeOrFallback",rogers_catalog-1976-77_rogers-1976-77-superten-cos-14x5_14x5_metal_steel_catalog-edge-unknown_catalog-finish_triple-flan_92fa1aab
Rogers,Dyna-Sonic Reissue,B&B Dyna-Sonic Reissue 14x5,14x5,metal,Metal,Maple / Poplar,,MISSING,MISSING,Triple-flanged,10,medium,"shellThickness, bearingEdgeOrFallback",rogers_dyna-sonic-reissue_bandb-dyna-sonic-reissue-14x5_14x5_metal_maple-poplar_dyna-sonic-frame-system_lacquer-wrap_tri_0d9ff887
Rogers,Dyna-Sonic Reissue,Dyna-Sonic 7-Line Brass 14x5,14x5,metal,Metal,Brass,,MISSING,Modern Rogers edge; exact geometry not listed,Triple-flanged / 2.3mm style,10,medium,shellThickness,rogers_dyna-sonic-reissue_dyna-sonic-7-line-brass-14x5_14x5_metal_brass_modern-rogers-edge-exact-geometry-not-listed_dyn_73791f71
Rogers,Dyna-Sonic Reissue,Dyna-Sonic 7-Line Brass 14x6.5,14x6.5,metal,Metal,Brass,,MISSING,Modern Rogers edge; exact geometry not listed,Triple-flanged / 2.3mm style,10,medium,shellThickness,rogers_dyna-sonic-reissue_dyna-sonic-7-line-brass-14x6-5_14x6-5_metal_brass_modern-rogers-edge-exact-geometry-not-listed_697f4d0f
Rogers,Dyna-Sonic Reissue,Dyna-Sonic Aluminum A7 14x5,14x5,metal,Metal,Aluminum,,MISSING,Modern edge; exact geometry not listed,Triple-flanged / 2.3mm style,10,medium,shellThickness,rogers_dyna-sonic-reissue_dyna-sonic-aluminum-a7-14x5_14x5_metal_aluminum_modern-edge-exact-geometry-not-listed_dyna-son_f895027d
Rogers,Dyna-Sonic Reissue,Dyna-Sonic Aluminum A7 14x6.5,14x6.5,metal,Metal,Aluminum,,MISSING,Modern edge; exact geometry not listed,Triple-flanged / 2.3mm style,10,medium,shellThickness,rogers_dyna-sonic-reissue_dyna-sonic-aluminum-a7-14x6-5_14x6-5_metal_aluminum_modern-edge-exact-geometry-not-listed_dyna_562c750b
Rogers,Dyna-Sonic Vintage,Dyna-Sonic COB 14x6.5,14x6.5,metal,Metal,Brass,,MISSING,MISSING,Triple-flanged,10,medium,"shellThickness, bearingEdgeOrFallback",rogers_dyna-sonic-vintage_dyna-sonic-cob-14x6-5_14x6-5_metal_brass_modern-for-era-edge-exact-geometry-unknown_very-shall_6843368f
Rogers,Dyna-Sonic Vintage,Dyna-Sonic COB 7-Line Beavertail 14x5,14x5,metal,Metal,Brass,,MISSING,MISSING,Tall-boy / triple-flanged,10,medium,"shellThickness, bearingEdgeOrFallback",rogers_dyna-sonic-vintage_dyna-sonic-cob-7-line-beavertail-14x5_14x5_metal_brass_modern-for-era-sharp-edge-exact-geometr_06109aaa
Rogers,Dyna-Sonic Vintage,Dyna-Sonic COB Script/B&B 14x5,14x5,metal,Metal,Brass,,MISSING,MISSING,Tall-boy / triple-flanged,10,medium,"shellThickness, bearingEdgeOrFallback",rogers_dyna-sonic-vintage_dyna-sonic-cob-script-bandb-14x5_14x5_metal_brass_modern-for-era-edge-exact-geometry-unknown_v_6180cd86
Rogers,Powertone,Powertone COB 14x5,14x5,metal,Metal,Brass,,MISSING,MISSING,Triple-flanged,8,medium,"shellThickness, bearingEdgeOrFallback",rogers_powertone_powertone-cob-14x5_14x5_metal_brass_modern-rogers-edge-exact-geometry-unknown_standard-powertone-bed_ch_d8d707c4
Rogers,Powertone,Powertone COB 14x6.5,14x6.5,metal,Metal,Brass,,MISSING,MISSING,Triple-flanged,8,medium,"shellThickness, bearingEdgeOrFallback",rogers_powertone_powertone-cob-14x6-5_14x6-5_metal_brass_modern-rogers-edge-exact-geometry-unknown_standard-powertone-be_88905db9
Rogers,SuperTen Vintage,SuperTen Chrome-over-steel 14x5,14x5,metal,Metal,Steel,,MISSING,MISSING,Triple-flanged,10,medium,"shellThickness, bearingEdgeOrFallback",rogers_superten-vintage_superten-chrome-over-steel-14x5_14x5_metal_steel_modern-for-era-edge-exact-geometry-unknown_stan_2d407e57
Rogers,SuperTen Vintage,SuperTen Chrome-over-steel 14x6.5,14x6.5,metal,Metal,Steel,,MISSING,MISSING,Triple-flanged,10,medium,"shellThickness, bearingEdgeOrFallback",rogers_superten-vintage_superten-chrome-over-steel-14x6-5_14x6-5_metal_steel_modern-for-era-edge-exact-geometry-unknown__34292e71
Rogers,Banner,Banner Wood 14x5,14x5,wood,Ply,Maple / Poplar,,MISSING,MISSING,Triple-flanged,6,medium,"shellThickness, bearingEdgeOrFallback",rogers_banner_banner-wood-14x5_14x5_ply_maple-poplar_unknown-vintage-edge_wrap-lacquer_triple-flanged_banner-snare_a45fb241
Rogers,Catalog 1962,Rogers 1962 Concert 14x6.5,14x6.5,wood,Ply,Maple / Poplar,,MISSING,MISSING,Triple-flanged,8,medium,"shellThickness, bearingEdgeOrFallback",rogers_catalog-1962_rogers-1962-concert-14x6-5_14x6-5_ply_maple-poplar_catalog-edge-unknown_catalog-finish_triple-flange_0b17a16f
Rogers,Catalog 1962,Rogers 1962 Holiday 14x5,14x5,wood,Ply,Maple / Poplar,,MISSING,MISSING,Triple-flanged,8,medium,"shellThickness, bearingEdgeOrFallback",rogers_catalog-1962_rogers-1962-holiday-14x5_14x5_ply_maple-poplar_catalog-edge-unknown_catalog-finish_triple-flanged_19_1ec4847d
Rogers,Catalog 1962,Rogers 1962 Luxor 14x5,14x5,wood,Ply,Maple / Poplar,,MISSING,MISSING,Triple-flanged,8,medium,"shellThickness, bearingEdgeOrFallback",rogers_catalog-1962_rogers-1962-luxor-14x5_14x5_ply_maple-poplar_catalog-edge-unknown_catalog-finish_triple-flanged_1962_d74675ef
Rogers,Catalog 1962,Rogers 1962 Student 14x5,14x5,wood,Ply,Maple / Poplar,,MISSING,MISSING,Triple-flanged,8,medium,"shellThickness, bearingEdgeOrFallback",rogers_catalog-1962_rogers-1962-student-14x5_14x5_ply_maple-poplar_catalog-edge-unknown_catalog-finish_triple-flanged_19_b2e48606
Rogers,Catalog 1962,Rogers 1962 Tower 14x5,14x5,wood,Ply,Maple / Poplar,,MISSING,MISSING,Triple-flanged,8,medium,"shellThickness, bearingEdgeOrFallback",rogers_catalog-1962_rogers-1962-tower-14x5_14x5_ply_maple-poplar_catalog-edge-unknown_catalog-finish_triple-flanged_1962_5c43638a
Rogers,Catalog 1964,Rogers 1964 Banner 14x5,14x5,wood,Ply,Maple / Poplar,,MISSING,MISSING,Triple-flanged,8,medium,"shellThickness, bearingEdgeOrFallback",rogers_catalog-1964_rogers-1964-banner-14x5_14x5_ply_maple-poplar_catalog-edge-unknown_catalog-finish_triple-flanged_196_2c4d9a15
Rogers,Catalog 1964,Rogers 1964 Concert 14x6.5,14x6.5,wood,Ply,Maple / Poplar,,MISSING,MISSING,Triple-flanged,8,medium,"shellThickness, bearingEdgeOrFallback",rogers_catalog-1964_rogers-1964-concert-14x6-5_14x6-5_ply_maple-poplar_catalog-edge-unknown_catalog-finish_triple-flange_79ca9cf4
Rogers,Catalog 1964,Rogers 1964 Dyna-Sonic Wood 14x5,14x5,wood,Ply,Maple / Poplar,,MISSING,MISSING,Triple-flanged,10,medium,"shellThickness, bearingEdgeOrFallback",rogers_catalog-1964_rogers-1964-dyna-sonic-wood-14x5_14x5_ply_maple-poplar_catalog-edge-unknown_catalog-finish_triple-fl_7278fafe
Rogers,Catalog 1964,Rogers 1964 Powertone Wood 14x5,14x5,wood,Ply,Maple / Poplar,,MISSING,MISSING,Triple-flanged,8,medium,"shellThickness, bearingEdgeOrFallback",rogers_catalog-1964_rogers-1964-powertone-wood-14x5_14x5_ply_maple-poplar_catalog-edge-unknown_catalog-finish_triple-fla_27fee4fb
Rogers,Catalog 1967-68,Rogers 1967-68 Century 14x5,14x5,wood,Ply,Maple / Poplar,,MISSING,MISSING,Triple-flanged,8,medium,"shellThickness, bearingEdgeOrFallback",rogers_catalog-1967-68_rogers-1967-68-century-14x5_14x5_ply_maple-poplar_catalog-edge-unknown_catalog-finish_triple-flan_07746a35
Rogers,Catalog 1967-68,Rogers 1967-68 Powertone Wood 14x5,14x5,wood,Ply,Maple / Poplar,,MISSING,MISSING,Triple-flanged,8,medium,"shellThickness, bearingEdgeOrFallback",rogers_catalog-1967-68_rogers-1967-68-powertone-wood-14x5_14x5_ply_maple-poplar_catalog-edge-unknown_catalog-finish_trip_a4bc8f67
Rogers,Catalog 1970,Rogers 1970 Powertone 14x5,14x5,wood,Ply,Maple / Poplar,,MISSING,MISSING,Triple-flanged,8,medium,"shellThickness, bearingEdgeOrFallback",rogers_catalog-1970_rogers-1970-powertone-14x5_14x5_ply_maple-poplar_catalog-edge-unknown_catalog-finish_triple-flanged__aee64b2a
Rogers,Catalog 1970,Rogers 1970 Skinny Drum 14x3.5,14x3.5,wood,Ply,Wood,,MISSING,MISSING,Triple-flanged,8,medium,"shellThickness, bearingEdgeOrFallback",rogers_catalog-1970_rogers-1970-skinny-drum-14x3-5_14x3-5_ply_wood_catalog-edge-unknown_catalog-finish_triple-flanged_19_d9e45f9a
Rogers,Century,Century Wood 14x5,14x5,wood,Ply,Maple / Poplar,,MISSING,MISSING,Triple-flanged,8,medium,"shellThickness, bearingEdgeOrFallback",rogers_century_century-wood-14x5_14x5_ply_maple-poplar_unknown-vintage-edge_wrap-lacquer_triple-flanged_century-snare_c5ec924d
Rogers,Classmate,Classmate Wood 14x5,14x5,wood,Ply,Maple,,MISSING,MISSING,Triple-flanged,6,medium,"shellThickness, bearingEdgeOrFallback",rogers_classmate_classmate-wood-14x5_14x5_ply_maple_wrap-lacquer_triple-flanged_classmate_434d2eb5
Rogers,Coliseum/Marching,Marching/Field Snare 15x12,15x12,wood,Ply,Maple / Poplar,,MISSING,MISSING,Marching hoops,12,medium,"shellThickness, bearingEdgeOrFallback",rogers_coliseum-marching_marching-field-snare-15x12_15x12_ply_maple-poplar_marching-bed_wrap-lacquer_marching-hoops_fiel_22820fcf
Rogers,Concert,Concert Wood 14x6.5,14x6.5,wood,Ply,Maple / Poplar,,MISSING,MISSING,Triple-flanged,8,medium,"shellThickness, bearingEdgeOrFallback",rogers_concert_concert-wood-14x6-5_14x6-5_ply_maple-poplar_rounded-concert-edge-likely-exact-unknown_concert-bed-straine_c410a72e
Rogers,Covington,Covington Kit Snare 14x5.5,14x5.5,wood,Ply,Maple / Poplar,,MISSING,MISSING,Triple-flanged,8,medium,"shellThickness, bearingEdgeOrFallback",rogers_covington_covington-kit-snare-14x5-5_14x5-5_ply_maple-poplar_standard-bed_wrap-lacquer_triple-flanged_covington-s_d01a6cfc
Rogers,Dyna-Sonic Reissue,Dyna-Sonic Wood 14x5 Black Gloss Lacquer,14x5,wood,Ply,Maple / Poplar,,MISSING,Rounded/modern Rogers-style edge; exact geometry not listed,Triple-flanged / 2.3mm style,10,medium,shellThickness,rogers_dyna-sonic-reissue_dyna-sonic-wood-14x5-black-gloss-lacquer_14x5_ply_maple-poplar_rounded-modern-rogers-style-edg_08b77441
Rogers,Dyna-Sonic Reissue,Dyna-Sonic Wood 14x5 Gold Sparkle Lacquer,14x5,wood,Ply,Maple / Poplar,,MISSING,Rounded/modern Rogers-style edge; exact geometry not listed,Triple-flanged / 2.3mm style,10,medium,shellThickness,rogers_dyna-sonic-reissue_dyna-sonic-wood-14x5-gold-sparkle-lacquer_14x5_ply_maple-poplar_rounded-modern-rogers-style-ed_d3b977f4
Rogers,Dyna-Sonic Reissue,Dyna-Sonic Wood 14x5 Red Sparkle Lacquer,14x5,wood,Ply,Maple / Poplar,,MISSING,Rounded/modern Rogers-style edge; exact geometry not listed,Triple-flanged / 2.3mm style,10,medium,shellThickness,rogers_dyna-sonic-reissue_dyna-sonic-wood-14x5-red-sparkle-lacquer_14x5_ply_maple-poplar_rounded-modern-rogers-style-edg_5488d3d5
Rogers,Dyna-Sonic Reissue,Dyna-Sonic Wood 14x5 White Marine Pearl,14x5,wood,Ply,Maple / Poplar,,MISSING,Rounded/modern Rogers-style edge; exact geometry not listed,Triple-flanged / 1.6–2.3mm style,10,medium,shellThickness,rogers_dyna-sonic-reissue_dyna-sonic-wood-14x5-white-marine-pearl_14x5_ply_maple-poplar_rounded-modern-rogers-style-edge_2f91dd4a
Rogers,Dyna-Sonic Reissue,Dyna-Sonic Wood 14x6.5,14x6.5,wood,Ply,Maple / Poplar,,MISSING,Rounded/modern Rogers-style edge; exact geometry not listed,Triple-flanged / 1.6–2.3mm style,10,medium,shellThickness,rogers_dyna-sonic-reissue_dyna-sonic-wood-14x6-5_14x6-5_ply_maple-poplar_rounded-modern-rogers-style-edge-exact-geometry_e16a5a2b
Rogers,Dyna-Sonic Vintage,Dyna-Sonic Wood B&B 14x5,14x5,wood,Ply,Maple / Poplar,,MISSING,Rounded Rogers edge; exact geometry era-dependent,Tall-boy / triple-flanged,10,medium,shellThickness,rogers_dyna-sonic-vintage_dyna-sonic-wood-bandb-14x5_14x5_ply_maple-poplar_rounded-rogers-edge-exact-geometry-era-depend_a022ce4c
Rogers,Dyna-Sonic Vintage,Dyna-Sonic Wood Beavertail 14x5,14x5,wood,Ply,Maple / Poplar,,MISSING,Rounded Rogers edge; exact geometry era-dependent,Triple-flanged,10,medium,shellThickness,rogers_dyna-sonic-vintage_dyna-sonic-wood-beavertail-14x5_14x5_ply_maple-poplar_rounded-rogers-edge-exact-geometry-era-d_f2ad391c
Rogers,Holiday,Holiday Wood 14x5,14x5,wood,Ply,Maple / Poplar,,MISSING,Rounded vintage Rogers edge,Triple-flanged,8,medium,shellThickness,rogers_holiday_holiday-wood-14x5_14x5_ply_maple-poplar_rounded-vintage-rogers-edge_deeper-vintage-bed_wrap-lacquer_tripl_448a2d49
Rogers,LTD Custom,LTD Custom Dyna-Sonic 14x5,14x5,wood,Ply,Maple / Poplar,,MISSING,MISSING,Triple-flanged,10,medium,"shellThickness, bearingEdgeOrFallback",rogers_ltd-custom_ltd-custom-dyna-sonic-14x5_14x5_ply_maple-poplar_dyna-sonic-frame-system_custom-finish_triple-flanged__f9a199c5
Rogers,Luxor,Luxor Wood 14x5,14x5,wood,Ply,Maple / Poplar,,MISSING,Vintage Rogers edge; exact geometry varies,Triple-flanged,6,medium,shellThickness,rogers_luxor_luxor-wood-14x5_14x5_ply_maple-poplar_vintage-rogers-edge-exact-geometry-varies_vintage-bed_wrap-lacquer_tr_e6dc358b
Rogers,Powertone,Powertone Wood 14x5,14x5,wood,Ply,Maple / Poplar,,MISSING,Sharper Powertone/Mylar-era Rogers edge,Triple-flanged,8,medium,shellThickness,rogers_powertone_powertone-wood-14x5_14x5_ply_maple-poplar_sharper-powertone-mylar-era-rogers-edge_standard-powertone-be_11cc0fea
Rogers,Powertone,Powertone Wood 14x6.5,14x6.5,wood,Ply,Maple / Poplar,,MISSING,Sharper Powertone/Mylar-era Rogers edge,Triple-flanged,8,medium,shellThickness,rogers_powertone_powertone-wood-14x6-5_14x6-5_ply_maple-poplar_sharper-powertone-mylar-era-rogers-edge_standard-powerton_1393e711
Rogers,Skinny Drum,Skinny Drum 14x3.5,14x3.5,wood,Ply,unknown,,MISSING,MISSING,Triple-flanged,8,medium,"shellThickness, bearingEdgeOrFallback",rogers_skinny-drum_skinny-drum-14x3-5_14x3-5_ply_wrap-lacquer_triple-flanged_skinny-drum_73735def
Rogers,Student,Student Wood 14x5,14x5,wood,Ply,Maple / Poplar,,MISSING,MISSING,Triple-flanged,6,medium,"shellThickness, bearingEdgeOrFallback",rogers_student_student-wood-14x5_14x5_ply_maple-poplar_unknown-vintage-edge_wrap-lacquer_triple-flanged_student-snare_67292f76
Rogers,SuperTen Reissue,SuperTen Maple/Poplar 14x5,14x5,wood,Ply,Maple / Poplar,,MISSING,Modern Rogers edge; exact geometry not listed,2.3mm chrome plated triple-flanged hoops,10,medium,shellThickness,rogers_superten-reissue_superten-maple-poplar-14x5_14x5_ply_maple-poplar_modern-rogers-edge-exact-geometry-not-listed_st_f5b95ee0
Rogers,SuperTen Reissue,SuperTen Maple/Poplar 14x6.5,14x6.5,wood,Ply,Maple / Poplar,,MISSING,Modern Rogers edge; exact geometry not listed,2.3mm chrome plated triple-flanged hoops,10,medium,shellThickness,rogers_superten-reissue_superten-maple-poplar-14x6-5_14x6-5_ply_maple-poplar_modern-rogers-edge-exact-geometry-not-liste_605c095a
Rogers,Tower,Tower Wood 14x5,14x5,wood,Ply,Maple / Poplar,,MISSING,Vintage Rogers edge; exact geometry varies,Triple-flanged,6,medium,shellThickness,rogers_tower_tower-wood-14x5_14x5_ply_maple-poplar_vintage-rogers-edge-exact-geometry-varies_standard-vintage-bed_wrap-l_5d392df9
Rogers,XP10,XP10 Maple 14x5,14x5,wood,Ply,Maple,,MISSING,MISSING,Triple-flanged,10,medium,"shellThickness, bearingEdgeOrFallback",rogers_xp10_xp10-maple-14x5_14x5_ply_maple_modern-rogers-edge-exact-geometry-unknown_standard-bed_wrap-lacquer_triple-fl_ee79c9e0
Rogers,XP10,XP10 Maple 14x6.5,14x6.5,wood,Ply,Maple,,MISSING,MISSING,Triple-flanged,10,medium,"shellThickness, bearingEdgeOrFallback",rogers_xp10_xp10-maple-14x6-5_14x6-5_ply_maple_modern-rogers-edge-exact-geometry-unknown_standard-bed_wrap-lacquer_tripl_23207202
Seven Six Drum Company,Custom,Bolivian Rosewood Morado VII Solid Stave,14x6.5,wood,Solid Shell,Wood,,MISSING,MISSING,unknown,,medium,"shellThickness, bearingEdgeOrFallback",seven-six-drum-company_custom_bolivian-rosewood-morado-vii-solid-stave_14x6-5_solid-shell_wood_37e99be6
Seven Six Drum Company,Custom,Purpleheart Solid Stave,14x6.5,wood,Solid Shell,Purpleheart,,MISSING,MISSING,unknown,,medium,"shellThickness, bearingEdgeOrFallback",seven-six-drum-company_custom_purpleheart-solid-stave_14x6-5_solid-shell_purpleheart_7c755fdc
Seven Six Drum Company,Custom,Steam-Bent Solid Shell Walnut,14x6.5,wood,Steam Bent,Walnut,,MISSING,MISSING,unknown,,medium,"shellThickness, bearingEdgeOrFallback",seven-six-drum-company_custom_steam-bent-solid-shell-walnut_14x6-5_steam-bent_walnut_a5b46dd4
Slingerland,Concert / Marching / Educational,Concert King Metal Snare,14x6.5,metal,Metal,Chrome over Brass,,MISSING,MISSING,Marching/concert hoops or era-specific,,medium,"shellThickness, bearingEdgeOrFallback",slingerland_concert-marching-educational_concert-king-metal-snare_14x6-5_metal_chrome-over-brass_wrap-lacquer-or-metal-p_9092a990
Slingerland,Concert / Marching / Educational,School Festival Metal Snare,14x5.5,metal,Metal,Steel,,MISSING,MISSING,Marching/concert hoops or era-specific,,medium,"shellThickness, bearingEdgeOrFallback",slingerland_concert-marching-educational_school-festival-metal-snare_14x5-5_metal_steel_wrap-lacquer-or-metal-plating_ma_9aad9862
Slingerland,Sound King,Gene Krupa Sound King Chrome-Over-Brass,14x5,metal,Metal,Chrome over Brass,,MISSING,Rolled metal bearing edge,Stick Saver / triple-flange family,8,medium,shellThickness,slingerland_sound-king_gene-krupa-sound-king-chrome-over-brass_14x5_metal_chrome-over-brass_rolled-metal-bearing-edge_ch_06baa511
Slingerland,Sound King,Gene Krupa Sound King Chrome-Over-Brass,14x5.5,metal,Metal,Chrome over Brass,,MISSING,Rolled metal bearing edge,Stick Saver / triple-flange family,8,medium,shellThickness,slingerland_sound-king_gene-krupa-sound-king-chrome-over-brass_14x5-5_metal_chrome-over-brass_rolled-metal-bearing-edge__e8b0642b
Slingerland,Sound King,Gene Krupa Sound King Chrome-Over-Brass,14x6.5,metal,Metal,Chrome over Brass,,MISSING,Rolled metal bearing edge,Stick Saver / triple-flange family,10,medium,shellThickness,slingerland_sound-king_gene-krupa-sound-king-chrome-over-brass_14x6-5_metal_chrome-over-brass_rolled-metal-bearing-edge__c4317c68
Slingerland,Sound King,Gene Krupa Sound King Chrome-Over-Brass,14x7,metal,Metal,Chrome over Brass,,MISSING,Rolled metal bearing edge,Stick Saver / triple-flange family,10,medium,shellThickness,slingerland_sound-king_gene-krupa-sound-king-chrome-over-brass_14x7_metal_chrome-over-brass_rolled-metal-bearing-edge_ch_78f35716
Slingerland,Sound King,Sound King Aluminum,14x5,metal,Metal,Aluminum,,MISSING,Rolled metal bearing edge,Stick Saver / triple-flange family,8,medium,shellThickness,slingerland_sound-king_sound-king-aluminum_14x5_metal_aluminum_rolled-metal-bearing-edge_plated-or-lacquered-metal_stick_32cf90ac
Slingerland,Sound King,Sound King Aluminum,14x6.5,metal,Metal,Aluminum,,MISSING,Rolled metal bearing edge,Stick Saver / triple-flange family,10,medium,shellThickness,slingerland_sound-king_sound-king-aluminum_14x6-5_metal_aluminum_rolled-metal-bearing-edge_plated-or-lacquered-metal_sti_8c3a24c1
Slingerland,Sound King,Sound King Black Chrome-over-Brass,14x5,metal,Metal,Chrome over Brass,,MISSING,Rolled metal bearing edge,Stick Saver / triple-flange family,8,medium,shellThickness,slingerland_sound-king_sound-king-black-chrome-over-brass_14x5_metal_chrome-over-brass_rolled-metal-bearing-edge_plated-_3c8cd2c9
Slingerland,Sound King,Sound King Black Chrome-over-Brass,14x6.5,metal,Metal,Chrome over Brass,,MISSING,Rolled metal bearing edge,Stick Saver / triple-flange family,10,medium,shellThickness,slingerland_sound-king_sound-king-black-chrome-over-brass_14x6-5_metal_chrome-over-brass_rolled-metal-bearing-edge_plate_890a4d18
Slingerland,Sound King,Sound King Brass Lacquer,14x5,metal,Metal,Brass,,MISSING,Rolled metal bearing edge,Stick Saver / triple-flange family,8,medium,shellThickness,slingerland_sound-king_sound-king-brass-lacquer_14x5_metal_brass_rolled-metal-bearing-edge_plated-or-lacquered-metal_sti_2344c2c4
Slingerland,Sound King,Sound King Brass Lacquer,14x6.5,metal,Metal,Brass,,MISSING,Rolled metal bearing edge,Stick Saver / triple-flange family,10,medium,shellThickness,slingerland_sound-king_sound-king-brass-lacquer_14x6-5_metal_brass_rolled-metal-bearing-edge_plated-or-lacquered-metal_s_5946d2a3
Slingerland,Sound King,Sound King Chrome Steel,14x5,metal,Metal,Steel,,MISSING,Rolled metal bearing edge,Stick Saver / triple-flange family,8,medium,shellThickness,slingerland_sound-king_sound-king-chrome-steel_14x5_metal_steel_rolled-metal-bearing-edge_plated-or-lacquered-metal_stic_2808c033
Slingerland,Sound King,Sound King Chrome Steel,14x6.5,metal,Metal,Steel,,MISSING,Rolled metal bearing edge,Stick Saver / triple-flange family,10,medium,shellThickness,slingerland_sound-king_sound-king-chrome-steel_14x6-5_metal_steel_rolled-metal-bearing-edge_plated-or-lacquered-metal_st_ac2e0277
Slingerland,Avante,Avante Outfit Snare,14x5.5,wood,Ply,Mahogany,Poplar,MISSING,Rounded vintage edge,Stick Saver / triple-flange / era-specific,8,medium,shellThickness,slingerland_avante_avante-outfit-snare_14x5-5_ply_mahogany_poplar_mahogany_rounded-vintage-edge_wrap-or-lacquer_stick-sa_22b43fce
Slingerland,Concert / Marching / Educational,Concert King Wood Snare,14x6.5,wood,Ply,Mahogany,Poplar,MISSING,MISSING,Marching/concert hoops or era-specific,,medium,"shellThickness, bearingEdgeOrFallback",slingerland_concert-marching-educational_concert-king-wood-snare_14x6-5_ply_mahogany_poplar_mahogany_wrap-lacquer-or-met_4fd878a2
Slingerland,Concert / Marching / Educational,Field Snare 10x14,14x10,wood,Ply,Wood,,MISSING,MISSING,Marching/concert hoops or era-specific,,medium,"shellThickness, bearingEdgeOrFallback",slingerland_concert-marching-educational_field-snare-10x14_14x10_ply_wood_wrap-lacquer-or-metal-plating_marching-concert_239642ca
Slingerland,Concert / Marching / Educational,Marching Snare 12x15,15x12,wood,Ply,Wood,,MISSING,MISSING,Marching/concert hoops or era-specific,,medium,"shellThickness, bearingEdgeOrFallback",slingerland_concert-marching-educational_marching-snare-12x15_15x12_ply_wood_wrap-lacquer-or-metal-plating_marching-conc_1907af6f
Slingerland,Concert / Marching / Educational,School Festival Wood Snare,14x5.5,wood,Ply,Mahogany,Poplar,MISSING,MISSING,Marching/concert hoops or era-specific,,medium,"shellThickness, bearingEdgeOrFallback",slingerland_concert-marching-educational_school-festival-wood-snare_14x5-5_ply_mahogany_poplar_mahogany_wrap-lacquer-or-_49785e7d
Slingerland,Concert / Marching / Educational,Spitfire Marching Snare,14x12,wood,Ply,Wood,,MISSING,MISSING,Marching/concert hoops or era-specific,,medium,"shellThickness, bearingEdgeOrFallback",slingerland_concert-marching-educational_spitfire-marching-snare_14x12_ply_wood_wrap-lacquer-or-metal-plating_marching-c_ab337714
Slingerland,Concert / Marching / Educational,TDR Marching Snare,14x12,wood,Ply,Wood,Composite,MISSING,MISSING,Marching/concert hoops or era-specific,,medium,"shellThickness, bearingEdgeOrFallback",slingerland_concert-marching-educational_tdr-marching-snare_14x12_ply_wood_composite_wrap-lacquer-or-metal-plating_march_9db092db
Slingerland,Conway Era,Conway Radio King Reissue,14x5.5,wood,Solid Shell,Maple,,MISSING,Rounded vintage edge,Stick Saver / triple-flange / era-specific,8,medium,shellThickness,slingerland_conway-era_conway-radio-king-reissue_14x5-5_solid-shell_maple_rounded-vintage-edge_wrap-or-lacquer_stick-sav_6e627287
Slingerland,Cut-A-Way,Cut-A-Way Snare,14x5.5,wood,Ply,Maple,Poplar,MISSING,MISSING,Stick Saver / triple-flange / era-specific,8,medium,"shellThickness, bearingEdgeOrFallback",slingerland_cut-a-way_cut-a-way-snare_14x5-5_ply_maple_poplar_wrap-or-lacquer_stick-saver-triple-flange-era-specific_7a661fbc
Slingerland,Jet,Jet Outfit Snare,14x5.5,wood,Ply,Mahogany,Poplar,MISSING,Rounded vintage edge,Stick Saver / triple-flange / era-specific,8,medium,shellThickness,slingerland_jet_jet-outfit-snare_14x5-5_ply_mahogany_poplar_mahogany_rounded-vintage-edge_wrap-or-lacquer_stick-saver-tr_9f4008ac
Slingerland,Lite,Slingerland Lite Snare,14x5.5,wood,Ply,Wood,,MISSING,MISSING,Stick Saver / triple-flange / era-specific,8,medium,"shellThickness, bearingEdgeOrFallback",slingerland_lite_slingerland-lite-snare_14x5-5_ply_wood_wrap-or-lacquer_stick-saver-triple-flange-era-specific_f4a6a6bc
Slingerland,Magnum,Magnum Snare,14x6.5,wood,Ply,Maple,Poplar,MISSING,MISSING,Stick Saver / triple-flange / era-specific,8,medium,"shellThickness, bearingEdgeOrFallback",slingerland_magnum_magnum-snare_14x6-5_ply_maple_poplar_modern-rounded-45-hybrid-unknown_wrap-or-lacquer_stick-saver-tri_84a93c23
Slingerland,Modern Radio King Limited,Radio King Solid Maple Limited,14x5,wood,Steam Bent,Maple,,MISSING,30-degree rounded bearing edge,Steel Stick Chopper / Stick Saver-style hoops,8,medium,shellThickness,slingerland_modern-radio-king-limited_radio-king-solid-maple-limited_14x5_steam-bent_maple_30-degree-rounded-bearing-edg_8bcf2091
Slingerland,Modern Radio King Limited,Radio King Solid Maple Limited,14x5.5,wood,Steam Bent,Maple,,MISSING,30-degree rounded bearing edge,Steel Stick Chopper / Stick Saver-style hoops,8,medium,shellThickness,slingerland_modern-radio-king-limited_radio-king-solid-maple-limited_14x5-5_steam-bent_maple_30-degree-rounded-bearing-e_df8146db
Slingerland,Modern Radio King Limited,Radio King Solid Maple Limited,14x6.5,wood,Steam Bent,Maple,,MISSING,30-degree rounded bearing edge,Steel Stick Chopper / Stick Saver-style hoops,8,medium,shellThickness,slingerland_modern-radio-king-limited_radio-king-solid-maple-limited_14x6-5_steam-bent_maple_30-degree-rounded-bearing-e_bd359ad0
Slingerland,Modern Radio King Limited,Radio King Solid Maple Limited,14x7,wood,Steam Bent,Maple,,MISSING,30-degree rounded bearing edge,Steel Stick Chopper / Stick Saver-style hoops,8,medium,shellThickness,slingerland_modern-radio-king-limited_radio-king-solid-maple-limited_14x7_steam-bent_maple_30-degree-rounded-bearing-edg_a73d5136
Slingerland,Modern Radio King Outfit Snare,Radio King 3-Ply Mahogany/Poplar Matching Snare,14x5.5,wood,Steam Bent,Mahogany,Poplar,MISSING,30-degree rounded bearing edge,Nickel-plated Stick Saver hoops,8,medium,shellThickness,slingerland_modern-radio-king-outfit-snare_radio-king-3-ply-mahogany-poplar-matching-snare_14x5-5_steam-bent_mahogany_po_75c87d18
Slingerland,Modern Radio King Outfit Snare,Radio King 3-Ply Mahogany/Poplar Matching Snare,14x6.5,wood,Steam Bent,Mahogany,Poplar,MISSING,30-degree rounded bearing edge,Nickel-plated Stick Saver hoops,8,medium,shellThickness,slingerland_modern-radio-king-outfit-snare_radio-king-3-ply-mahogany-poplar-matching-snare_14x6-5_steam-bent_mahogany_po_de179c7e
Slingerland,Modern Solo,Modern Solo Snare,14x5.5,wood,Ply,Mahogany,Poplar,MISSING,Rounded vintage edge,Stick Saver / triple-flange / era-specific,8,medium,shellThickness,slingerland_modern-solo_modern-solo-snare_14x5-5_ply_mahogany_poplar_mahogany_rounded-vintage-edge_wrap-or-lacquer_stick_e091ae50
Slingerland,Nashville Era,Nashville Radio King Reissue,14x6.5,wood,Solid Shell,Maple,,MISSING,Rounded vintage edge,Stick Saver / triple-flange / era-specific,8,medium,shellThickness,slingerland_nashville-era_nashville-radio-king-reissue_14x6-5_solid-shell_maple_rounded-vintage-edge_wrap-or-lacquer_sti_7c0ca413
Slingerland,Nashville Era,Nashville Studio King Snare,14x5.5,wood,Ply,Maple,Poplar,MISSING,MISSING,Stick Saver / triple-flange / era-specific,8,medium,"shellThickness, bearingEdgeOrFallback",slingerland_nashville-era_nashville-studio-king-snare_14x5-5_ply_maple_poplar_wrap-or-lacquer_stick-saver-triple-flange-_67a56475
Slingerland,New Rock,New Rock Snare,14x6.5,wood,Ply,Mahogany,Poplar,MISSING,Rounded vintage edge,Stick Saver / triple-flange / era-specific,8,medium,shellThickness,slingerland_new-rock_new-rock-snare_14x6-5_ply_mahogany_poplar_mahogany_rounded-vintage-edge_wrap-or-lacquer_stick-saver_ea3c5348
Slingerland,Pop Outfit,Pop Outfit Snare,14x5.5,wood,Ply,Mahogany,Poplar,MISSING,Rounded vintage edge,Stick Saver / triple-flange / era-specific,8,medium,shellThickness,slingerland_pop-outfit_pop-outfit-snare_14x5-5_ply_mahogany_poplar_mahogany_rounded-vintage-edge_wrap-or-lacquer_stick-s_f3032cc3
Slingerland,San Juan,San Juan Outfit Snare,14x5.5,wood,Ply,Mahogany,Poplar,MISSING,Rounded vintage edge,Stick Saver / triple-flange / era-specific,8,medium,shellThickness,slingerland_san-juan_san-juan-outfit-snare_14x5-5_ply_mahogany_poplar_mahogany_rounded-vintage-edge_wrap-or-lacquer_stic_a838ceb8
Slingerland,Spirit,Spirit Series Snare,14x5.5,wood,Ply,Wood,,MISSING,MISSING,Stick Saver / triple-flange / era-specific,8,medium,"shellThickness, bearingEdgeOrFallback",slingerland_spirit_spirit-series-snare_14x5-5_ply_wood_wrap-or-lacquer_stick-saver-triple-flange-era-specific_ebfd696a
Slingerland,USA Maple,USA Maple Snare,14x5.5,wood,Ply,Maple,,MISSING,MISSING,Stick Saver / triple-flange / era-specific,8,medium,"shellThickness, bearingEdgeOrFallback",slingerland_usa-maple_usa-maple-snare_14x5-5_ply_maple_wrap-or-lacquer_stick-saver-triple-flange-era-specific_1c5ac547
Slingerland,Vintage Radio King,Gene Krupa Deluxe Radio King,14x6.5,wood,Steam Bent,Maple,,MISSING,"Rounded / vintage edge, often 30-degree family",Stick Chopper / Stick Saver family or era-specific hoops,8,medium,shellThickness,slingerland_vintage-radio-king_gene-krupa-deluxe-radio-king_14x6-5_steam-bent_maple_rounded-vintage-edge-often-30-degree_0d523a94
Slingerland,Vintage Radio King,Gene Krupa Radio King,14x5.5,wood,Steam Bent,Maple,,MISSING,"Rounded / vintage edge, often 30-degree family",Stick Chopper / Stick Saver family or era-specific hoops,8,medium,shellThickness,slingerland_vintage-radio-king_gene-krupa-radio-king_14x5-5_steam-bent_maple_rounded-vintage-edge-often-30-degree-family_9e9f4f19
Slingerland,Vintage Radio King,Radio King 3-Point Strainer,14x5.5,wood,Steam Bent,Maple,,MISSING,"Rounded / vintage edge, often 30-degree family",Stick Chopper / Stick Saver family or era-specific hoops,8,medium,shellThickness,slingerland_vintage-radio-king_radio-king-3-point-strainer_14x5-5_steam-bent_maple_rounded-vintage-edge-often-30-degree-_7c5603e5
Slingerland,Vintage Radio King,Radio King 5x14,14x5,wood,Steam Bent,Maple,,MISSING,"Rounded / vintage edge, often 30-degree family",Stick Chopper / Stick Saver family or era-specific hoops,8,medium,shellThickness,slingerland_vintage-radio-king_radio-king-5x14_14x5_steam-bent_maple_rounded-vintage-edge-often-30-degree-family_pearl-w_5e6bc7dd
Slingerland,Vintage Radio King,Radio King 7x14 Concert/Orchestra,14x7,wood,Steam Bent,Maple,,MISSING,"Rounded / vintage edge, often 30-degree family",Stick Chopper / Stick Saver family or era-specific hoops,8,medium,shellThickness,slingerland_vintage-radio-king_radio-king-7x14-concert-orchestra_14x7_steam-bent_maple_rounded-vintage-edge-often-30-deg_ff2cdc0c
Slingerland,Vintage Radio King,Radio King Artist,14x5.5,wood,Steam Bent,Maple,,MISSING,"Rounded / vintage edge, often 30-degree family",Stick Chopper / Stick Saver family or era-specific hoops,8,medium,shellThickness,slingerland_vintage-radio-king_radio-king-artist_14x5-5_steam-bent_maple_rounded-vintage-edge-often-30-degree-family_pea_2f67ab4f
Slingerland,Vintage Radio King,Radio King Broadway Parallel,14x6.5,wood,Steam Bent,Maple,,MISSING,"Rounded / vintage edge, often 30-degree family",Stick Chopper / Stick Saver family or era-specific hoops,8,medium,shellThickness,slingerland_vintage-radio-king_radio-king-broadway-parallel_14x6-5_steam-bent_maple_rounded-vintage-edge-often-30-degree_8561aa6c
Slingerland,Vintage Radio King,Radio King Clamshell Strainer,14x6.5,wood,Steam Bent,Maple,,MISSING,"Rounded / vintage edge, often 30-degree family",Stick Chopper / Stick Saver family or era-specific hoops,8,medium,shellThickness,slingerland_vintage-radio-king_radio-king-clamshell-strainer_14x6-5_steam-bent_maple_rounded-vintage-edge-often-30-degre_a3cf0f18
Slingerland,Vintage Radio King,Radio King Professional,14x7,wood,Steam Bent,Maple,,MISSING,"Rounded / vintage edge, often 30-degree family",Stick Chopper / Stick Saver family or era-specific hoops,8,medium,shellThickness,slingerland_vintage-radio-king_radio-king-professional_14x7_steam-bent_maple_rounded-vintage-edge-often-30-degree-family_1af65b20
Slingerland,Vintage Radio King,Radio King Super,14x6.5,wood,Steam Bent,Maple,,MISSING,"Rounded / vintage edge, often 30-degree family",Stick Chopper / Stick Saver family or era-specific hoops,8,medium,shellThickness,slingerland_vintage-radio-king_radio-king-super_14x6-5_steam-bent_maple_rounded-vintage-edge-often-30-degree-family_pear_3c634aac
Slingerland,Vintage Student Radio King,Student Radio King,14x5.5,wood,Ply,Mahogany,Poplar,MISSING,Rounded vintage edge,Stick Saver / era-specific hoops,6,medium,shellThickness,slingerland_vintage-student-radio-king_student-radio-king_14x5-5_ply_mahogany_poplar_mahogany_rounded-vintage-edge_duco-_4a41382a
Slingerland,Vintage Student Radio King,Student Radio King 5x14,14x5,wood,Ply,Mahogany,Poplar,MISSING,Rounded vintage edge,Stick Saver / era-specific hoops,6,medium,shellThickness,slingerland_vintage-student-radio-king_student-radio-king-5x14_14x5_ply_mahogany_poplar_mahogany_rounded-vintage-edge_du_d0cc2625
Slingerland,Vintage Student Radio King,Student Radio King 6.5x14,14x6.5,wood,Ply,Mahogany,Poplar,MISSING,Rounded vintage edge,Stick Saver / era-specific hoops,8,medium,shellThickness,slingerland_vintage-student-radio-king_student-radio-king-6-5x14_14x6-5_ply_mahogany_poplar_mahogany_rounded-vintage-edg_2b1bb0af
Slingerland,Vintage Student Radio King,Student Radio King De Luxe,14x5.5,wood,Ply,Mahogany,Poplar,MISSING,Rounded vintage edge,Stick Saver / era-specific hoops,8,medium,shellThickness,slingerland_vintage-student-radio-king_student-radio-king-de-luxe_14x5-5_ply_mahogany_poplar_mahogany_rounded-vintage-ed_20943121
Slingerland,Vintage Wood / Artist / Student,Artist Model,14x5.5,wood,Ply,Mahogany,Poplar,MISSING,Rounded vintage edge,Stick Saver / era-specific hoops,8,medium,shellThickness,slingerland_vintage-wood-artist-student_artist-model_14x5-5_ply_mahogany_poplar_mahogany_rounded-vintage-edge_pearl-wrap_3514218a
Slingerland,Vintage Wood / Artist / Student,Artist Model 6.5x14,14x6.5,wood,Ply,Mahogany,Poplar,MISSING,Rounded vintage edge,Stick Saver / era-specific hoops,8,medium,shellThickness,slingerland_vintage-wood-artist-student_artist-model-6-5x14_14x6-5_ply_mahogany_poplar_mahogany_rounded-vintage-edge_pea_cc2d4d5a
Slingerland,Vintage Wood / Artist / Student,Buddy Rich 80N Concert King,14x5.5,wood,Ply,Mahogany,Poplar,MISSING,Rounded vintage edge,Stick Saver / era-specific hoops,10,medium,shellThickness,slingerland_vintage-wood-artist-student_buddy-rich-80n-concert-king_14x5-5_ply_mahogany_poplar_mahogany_rounded-vintage-_2bc06d1e
Slingerland,Vintage Wood / Artist / Student,Buddy Rich Artist Model,14x5.5,wood,Ply,Mahogany,Poplar,MISSING,Rounded vintage edge,Stick Saver / era-specific hoops,8,medium,shellThickness,slingerland_vintage-wood-artist-student_buddy-rich-artist-model_14x5-5_ply_mahogany_poplar_mahogany_rounded-vintage-edge_b9882c77
Slingerland,Vintage Wood / Artist / Student,Club Date-style Slingerland Student Snare,14x5.5,wood,Ply,Mahogany,Poplar,MISSING,Rounded vintage edge,Stick Saver / era-specific hoops,6,medium,shellThickness,slingerland_vintage-wood-artist-student_club-date-style-slingerland-student-snare_14x5-5_ply_mahogany_poplar_mahogany_ro_10c521b6
Slingerland,Vintage Wood / Artist / Student,Deluxe Student Model,14x5.5,wood,Ply,Mahogany,Poplar,MISSING,Rounded vintage edge,Stick Saver / era-specific hoops,6,medium,shellThickness,slingerland_vintage-wood-artist-student_deluxe-student-model_14x5-5_ply_mahogany_poplar_mahogany_rounded-vintage-edge_pe_b7fe6b7d
Slingerland,Vintage Wood / Artist / Student,Festival Model,14x5.5,wood,Ply,Mahogany,Poplar,MISSING,Rounded vintage edge,Stick Saver / era-specific hoops,8,medium,shellThickness,slingerland_vintage-wood-artist-student_festival-model_14x5-5_ply_mahogany_poplar_mahogany_rounded-vintage-edge_pearl-wr_10342383
Slingerland,Vintage Wood / Artist / Student,Gene Krupa Junior,14x5.5,wood,Ply,Mahogany,Poplar,MISSING,Rounded vintage edge,Stick Saver / era-specific hoops,6,medium,shellThickness,slingerland_vintage-wood-artist-student_gene-krupa-junior_14x5-5_ply_mahogany_poplar_mahogany_rounded-vintage-edge_pearl_1bd32339
Slingerland,Vintage Wood / Artist / Student,Hollywood Ace,14x5.5,wood,Ply,Mahogany,Poplar,MISSING,Rounded vintage edge,Stick Saver / era-specific hoops,8,medium,shellThickness,slingerland_vintage-wood-artist-student_hollywood-ace_14x5-5_ply_mahogany_poplar_mahogany_rounded-vintage-edge_pearl-wra_5551455b
Slingerland,Vintage Wood / Artist / Student,Hollywood Ace 6-Lug,14x5.5,wood,Ply,Mahogany,Poplar,MISSING,Rounded vintage edge,Stick Saver / era-specific hoops,6,medium,shellThickness,slingerland_vintage-wood-artist-student_hollywood-ace-6-lug_14x5-5_ply_mahogany_poplar_mahogany_rounded-vintage-edge_pea_b94ddf6b
Slingerland,Vintage Wood / Artist / Student,Jam Session Snare,14x5.5,wood,Ply,Mahogany,Poplar,MISSING,Rounded vintage edge,Stick Saver / era-specific hoops,8,medium,shellThickness,slingerland_vintage-wood-artist-student_jam-session-snare_14x5-5_ply_mahogany_poplar_mahogany_rounded-vintage-edge_pearl_0e646c53
Slingerland,Vintage Wood / Artist / Student,Modern Jazz Outfit Snare,14x5.5,wood,Ply,Mahogany,Poplar,MISSING,Rounded vintage edge,Stick Saver / era-specific hoops,8,medium,shellThickness,slingerland_vintage-wood-artist-student_modern-jazz-outfit-snare_14x5-5_ply_mahogany_poplar_mahogany_rounded-vintage-edg_3f4f440f
Slingerland,Vintage Wood / Artist / Student,Shelly Manne Model,14x5.5,wood,Ply,Mahogany,Poplar,MISSING,Rounded vintage edge,Stick Saver / era-specific hoops,8,medium,shellThickness,slingerland_vintage-wood-artist-student_shelly-manne-model_14x5-5_ply_mahogany_poplar_mahogany_rounded-vintage-edge_pear_d94685eb
Slingerland,Vintage Wood / Artist / Student,Stage Band Snare,14x5.5,wood,Ply,Mahogany,Poplar,MISSING,Rounded vintage edge,Stick Saver / era-specific hoops,8,medium,shellThickness,slingerland_vintage-wood-artist-student_stage-band-snare_14x5-5_ply_mahogany_poplar_mahogany_rounded-vintage-edge_pearl-_542b9d04
SONOR,Artist Signature,Benny Greb Signature Brass 13x5.75,13x5.75,metal,Metal,Brass,,MISSING,MISSING,2.3mm triple-flanged hoops,8,medium,"shellThickness, bearingEdgeOrFallback",sonor_artist-signature_benny-greb-signature-brass-13x5-75_13x5-75_metal_brass_2-3mm-triple-flanged-hoops_a540bf3a
SONOR,Artist Signature,Danny Carey Signature Bronze 14x8,14x8,metal,Metal,Bronze,,MISSING,MISSING,Die-cast hoops,10,medium,"shellThickness, bearingEdgeOrFallback",sonor_artist-signature_danny-carey-signature-bronze-14x8_14x8_metal_bronze_die-cast-hoops_0c8eaf0a
SONOR,Artist Signature,Horst Link Signature Ferromanganese 14x6.5,14x6.5,metal,Metal,Steel,,MISSING,MISSING,Die-cast hoops,10,medium,"shellThickness, bearingEdgeOrFallback",sonor_artist-signature_horst-link-signature-ferromanganese-14x6-5_14x6-5_metal_steel_die-cast-hoops_192fa06f
SONOR,Signature Series,Signature HLD 582 Ferromanganese 14x6.5,14x6.5,metal,Metal,Steel,,MISSING,MISSING,Die-cast hoops,12,medium,"shellThickness, bearingEdgeOrFallback",sonor_signature-series_signature-hld-582-ferromanganese-14x6-5_14x6-5_metal_steel_die-cast-hoops_hld-582_dc6896d8
SONOR,Steel Snare,Force Steel 14x5.5,14x5.5,metal,Metal,Steel,,MISSING,MISSING,Triple-flanged hoops,8,medium,"shellThickness, bearingEdgeOrFallback",sonor_steel-snare_force-steel-14x5-5_14x5-5_metal_steel_triple-flanged-hoops_e5561f76
SONOR,Steel Snare,Force Steel 14x6.5,14x6.5,metal,Metal,Steel,,MISSING,MISSING,Triple-flanged hoops,8,medium,"shellThickness, bearingEdgeOrFallback",sonor_steel-snare_force-steel-14x6-5_14x6-5_metal_steel_triple-flanged-hoops_74beb1c4
SONOR,AQ1,AQ1 Birch 14x5.5,14x5.5,wood,Ply,Birch,,MISSING,45° bearing edge,Triple-flanged hoops,10,medium,shellThickness,sonor_aq1_aq1-birch-14x5-5_14x5-5_ply_birch_45-bearing-edge_triple-flanged-hoops_aq1-1405_537ef02e
SONOR,Artist Signature,Gavin Harrison Protean 12x5,12x5,wood,Ply,Birch,,MISSING,MISSING,Die-cast hoops,8,medium,"shellThickness, bearingEdgeOrFallback",sonor_artist-signature_gavin-harrison-protean-12x5_12x5_ply_birch_die-cast-hoops_60b976d7
SONOR,Artist Signature,Gavin Harrison Protean 14x5.25,14x5.25,wood,Ply,Birch,,MISSING,MISSING,Die-cast hoops,8,medium,"shellThickness, bearingEdgeOrFallback",sonor_artist-signature_gavin-harrison-protean-14x5-25_14x5-25_ply_birch_die-cast-hoops_f831b819
SONOR,Artist Signature,Jojo Mayer Signature 13x7,13x7,wood,Ply,Maple,,MISSING,MISSING,Die-cast hoops,8,medium,"shellThickness, bearingEdgeOrFallback",sonor_artist-signature_jojo-mayer-signature-13x7_13x7_ply_maple_die-cast-hoops_63e2a739
SONOR,Artist Signature,Phil Rudd Signature 14x5,14x5,wood,Ply,Beech,,MISSING,MISSING,Die-cast hoops,10,medium,"shellThickness, bearingEdgeOrFallback",sonor_artist-signature_phil-rudd-signature-14x5_14x5_ply_beech_die-cast-hoops_514f2458
SONOR,Artist Signature,Steve Smith Signature 14x5.5,14x5.5,wood,Ply,Maple,,MISSING,MISSING,Die-cast hoops,10,medium,"shellThickness, bearingEdgeOrFallback",sonor_artist-signature_steve-smith-signature-14x5-5_14x5-5_ply_maple_die-cast-hoops_6b1599b7
SONOR,Champion,Champion Rosewood 14x5,14x5,wood,Ply,Wood,,MISSING,MISSING,Die-cast hoops,10,medium,"shellThickness, bearingEdgeOrFallback",sonor_champion_champion-rosewood-14x5_14x5_ply_wood_die-cast-hoops_c5c3435a
SONOR,Champion,Champion Rosewood 14x6.5,14x6.5,wood,Ply,Wood,,MISSING,MISSING,Die-cast hoops,10,medium,"shellThickness, bearingEdgeOrFallback",sonor_champion_champion-rosewood-14x6-5_14x6-5_ply_wood_die-cast-hoops_209eeae7
SONOR,Delite,Delite Maple 14x5,14x5,wood,Ply,Maple,,MISSING,45° bearing edge,Die-cast hoops,10,medium,shellThickness,sonor_delite_delite-maple-14x5_14x5_ply_maple_45-bearing-edge_die-cast-hoops_dl-1405_7a8db104
SONOR,Delite,Delite Maple 14x6,14x6,wood,Ply,Maple,,MISSING,45° bearing edge,Die-cast hoops,10,medium,shellThickness,sonor_delite_delite-maple-14x6_14x6_ply_maple_45-bearing-edge_die-cast-hoops_dl-1406_9c2c56db
SONOR,Delite,Delite Maple 14x6.5,14x6.5,wood,Ply,Maple,,MISSING,45° bearing edge,Die-cast hoops,10,medium,shellThickness,sonor_delite_delite-maple-14x6-5_14x6-5_ply_maple_45-bearing-edge_die-cast-hoops_dl-14065_41388ded
SONOR,Designer,Designer Maple Heavy 14x6.5,14x6.5,wood,Ply,Maple,,MISSING,45° bearing edge,Die-cast hoops,10,medium,shellThickness,sonor_designer_designer-maple-heavy-14x6-5_14x6-5_ply_maple_45-bearing-edge_die-cast-hoops_ds-1406-mh_b35252c4
SONOR,Designer,Designer Maple Light 14x5,14x5,wood,Ply,Maple,,MISSING,45° bearing edge,Die-cast hoops,10,medium,shellThickness,sonor_designer_designer-maple-light-14x5_14x5_ply_maple_45-bearing-edge_die-cast-hoops_ds-1405-ml_cd502414
SONOR,Designer,Designer Maple Light 14x6.5,14x6.5,wood,Ply,Maple,,MISSING,45° bearing edge,Die-cast hoops,10,medium,shellThickness,sonor_designer_designer-maple-light-14x6-5_14x6-5_ply_maple_45-bearing-edge_die-cast-hoops_ds-1406-ml_1a7a0f66
SONOR,Essential Force,Essential Force Birch 14x5.5,14x5.5,wood,Ply,Birch,,MISSING,45° bearing edge,Triple-flanged hoops,8,medium,shellThickness,sonor_essential-force_essential-force-birch-14x5-5_14x5-5_ply_birch_45-bearing-edge_triple-flanged-hoops_455cf7ea
SONOR,Force 1007,Force 1007 Basswood/Poplar 14x5.5,14x5.5,wood,Ply,Poplar,,MISSING,MISSING,Triple-flanged hoops,8,medium,"shellThickness, bearingEdgeOrFallback",sonor_force-1007_force-1007-basswood-poplar-14x5-5_14x5-5_ply_poplar_triple-flanged-hoops_8877d818
SONOR,Force 2005,Force 2005 Birch 14x5.5,14x5.5,wood,Ply,Birch,,MISSING,45° bearing edge,Triple-flanged hoops,10,medium,shellThickness,sonor_force-2005_force-2005-birch-14x5-5_14x5-5_ply_birch_45-bearing-edge_triple-flanged-hoops_49d52773
SONOR,Force 2007,Force 2007 Birch 14x5.5,14x5.5,wood,Ply,Birch,,MISSING,45° bearing edge,Triple-flanged hoops,10,medium,shellThickness,sonor_force-2007_force-2007-birch-14x5-5_14x5-5_ply_birch_45-bearing-edge_triple-flanged-hoops_d558f0e8
SONOR,Force 3005,Force 3005 Maple 14x5.5,14x5.5,wood,Ply,Maple,,MISSING,45° bearing edge,Triple-flanged hoops,10,medium,shellThickness,sonor_force-3005_force-3005-maple-14x5-5_14x5-5_ply_maple_45-bearing-edge_triple-flanged-hoops_e6254a81
SONOR,Force 3007,Force 3007 Maple 14x5.5,14x5.5,wood,Ply,Maple,,MISSING,45° bearing edge,Triple-flanged hoops,10,medium,shellThickness,sonor_force-3007_force-3007-maple-14x5-5_14x5-5_ply_maple_45-bearing-edge_triple-flanged-hoops_3dccb9b3
SONOR,HiLite,HiLite Maple 14x5,14x5,wood,Ply,Maple,,MISSING,45° bearing edge,Die-cast hoops,10,medium,shellThickness,sonor_hilite_hilite-maple-14x5_14x5_ply_maple_45-bearing-edge_die-cast-hoops_67b0ea10
SONOR,HiLite,HiLite Maple 14x6.5,14x6.5,wood,Ply,Maple,,MISSING,45° bearing edge,Die-cast hoops,10,medium,shellThickness,sonor_hilite_hilite-maple-14x6-5_14x6-5_ply_maple_45-bearing-edge_die-cast-hoops_63990c6e
SONOR,Phonic,Phonic Beech D-505 14x5,14x5,wood,Ply,Beech,,MISSING,MISSING,Die-cast hoops,10,medium,"shellThickness, bearingEdgeOrFallback",sonor_phonic_phonic-beech-d-505-14x5_14x5_ply_beech_die-cast-hoops_d-505_8106959e
SONOR,Phonic,Phonic Beech D-506 14x6.5,14x6.5,wood,Ply,Beech,,MISSING,MISSING,Die-cast hoops,10,medium,"shellThickness, bearingEdgeOrFallback",sonor_phonic_phonic-beech-d-506-14x6-5_14x6-5_ply_beech_die-cast-hoops_d-506_fa4fd99c
SONOR,Phonic Plus,Phonic Plus Beech 14x8,14x8,wood,Ply,Beech,,MISSING,MISSING,Die-cast hoops,10,medium,"shellThickness, bearingEdgeOrFallback",sonor_phonic-plus_phonic-plus-beech-14x8_14x8_ply_beech_die-cast-hoops_8ef965ae
SONOR,S Class Pro,S Class Pro Maple 14x5,14x5,wood,Ply,Maple,,MISSING,45° bearing edge,Die-cast hoops,10,medium,shellThickness,sonor_s-class-pro_s-class-pro-maple-14x5_14x5_ply_maple_45-bearing-edge_die-cast-hoops_49cde88b
SONOR,S Class Pro,S Class Pro Maple 14x6.5,14x6.5,wood,Ply,Maple,,MISSING,45° bearing edge,Die-cast hoops,10,medium,shellThickness,sonor_s-class-pro_s-class-pro-maple-14x6-5_14x6-5_ply_maple_45-bearing-edge_die-cast-hoops_d5ee0f37
SONOR,S-Classix,S-Classix Birch 14x5,14x5,wood,Ply,Birch,,MISSING,45° bearing edge,Die-cast hoops,10,medium,shellThickness,sonor_s-classix_s-classix-birch-14x5_14x5_ply_birch_45-bearing-edge_die-cast-hoops_b60f49d8
SONOR,S-Classix,S-Classix Birch 14x6.5,14x6.5,wood,Ply,Birch,,MISSING,45° bearing edge,Die-cast hoops,10,medium,shellThickness,sonor_s-classix_s-classix-birch-14x6-5_14x6-5_ply_birch_45-bearing-edge_die-cast-hoops_ce873095
SONOR,Select Force,Select Force Maple 14x5.5,14x5.5,wood,Ply,Maple,,MISSING,45° bearing edge,Triple-flanged hoops,10,medium,shellThickness,sonor_select-force_select-force-maple-14x5-5_14x5-5_ply_maple_45-bearing-edge_triple-flanged-hoops_c147c955
SONOR,Signature Series,Signature HLD 588 Beech 14x8,14x8,wood,Ply,Beech,,MISSING,MISSING,Die-cast hoops,12,medium,"shellThickness, bearingEdgeOrFallback",sonor_signature-series_signature-hld-588-beech-14x8_14x8_ply_beech_die-cast-hoops_hld-588_c19d8827
SONOR,Special Edition,Jungle Snare 10x2,10x2,wood,Ply,Maple,,MISSING,MISSING,Triple-flanged hoops,6,medium,"shellThickness, bearingEdgeOrFallback",sonor_special-edition_jungle-snare-10x2_10x2_ply_maple_triple-flanged-hoops_1dc8783c
SONOR,Special Edition,Jungle Snare 12x5,12x5,wood,Ply,Maple,,MISSING,MISSING,Triple-flanged hoops,6,medium,"shellThickness, bearingEdgeOrFallback",sonor_special-edition_jungle-snare-12x5_12x5_ply_maple_triple-flanged-hoops_35d21d92
SONOR,Teardrop,Teardrop Beech 14x5,14x5,wood,Ply,Beech,,MISSING,Rounded vintage edge,Triple-flanged hoops,8,medium,shellThickness,sonor_teardrop_teardrop-beech-14x5_14x5_ply_beech_rounded-vintage-edge_triple-flanged-hoops_4d70aa9d
SONOR,Teardrop,Teardrop Beech 14x6.5,14x6.5,wood,Ply,Beech,,MISSING,Rounded vintage edge,Triple-flanged hoops,8,medium,shellThickness,sonor_teardrop_teardrop-beech-14x6-5_14x6-5_ply_beech_rounded-vintage-edge_triple-flanged-hoops_c087e502
Spaun Drum Company,Solid Stave,Solid Stave Ash 14x6.5,14x6.5,wood,Solid Shell,Ash,,MISSING,MISSING,unknown,,medium,"shellThickness, bearingEdgeOrFallback",spaun-drum-company_solid-stave_solid-stave-ash-14x6-5_14x6-5_solid-shell_ash_1168a4b3
Spaun Drum Company,Solid Stave,Solid Stave Bubinga 14x6.5,14x6.5,wood,Solid Shell,Bubinga,,MISSING,MISSING,unknown,,medium,"shellThickness, bearingEdgeOrFallback",spaun-drum-company_solid-stave_solid-stave-bubinga-14x6-5_14x6-5_solid-shell_bubinga_bbf339c4
Spaun Drum Company,Solid Stave,Solid Stave Cherry 14x6.5,14x6.5,wood,Solid Shell,Cherry,,MISSING,MISSING,unknown,,medium,"shellThickness, bearingEdgeOrFallback",spaun-drum-company_solid-stave_solid-stave-cherry-14x6-5_14x6-5_solid-shell_cherry_72766798
Spaun Drum Company,Solid Stave,Solid Stave Mahogany 14x6.5,14x6.5,wood,Solid Shell,Mahogany,,MISSING,MISSING,unknown,,medium,"shellThickness, bearingEdgeOrFallback",spaun-drum-company_solid-stave_solid-stave-mahogany-14x6-5_14x6-5_solid-shell_mahogany_814fe7d2
Spaun Drum Company,Solid Stave,Solid Stave Maple 14x6.5,14x6.5,wood,Solid Shell,Maple,,MISSING,MISSING,unknown,,medium,"shellThickness, bearingEdgeOrFallback",spaun-drum-company_solid-stave_solid-stave-maple-14x6-5_14x6-5_solid-shell_maple_f97d20af
Spaun Drum Company,Solid Stave,Solid Stave Oak 14x6.5,14x6.5,wood,Solid Shell,Oak,,MISSING,MISSING,unknown,,medium,"shellThickness, bearingEdgeOrFallback",spaun-drum-company_solid-stave_solid-stave-oak-14x6-5_14x6-5_solid-shell_oak_2b07f074
Spaun Drum Company,Solid Stave,Solid Stave Purpleheart 14x6.5,14x6.5,wood,Solid Shell,Purpleheart,,MISSING,MISSING,unknown,,medium,"shellThickness, bearingEdgeOrFallback",spaun-drum-company_solid-stave_solid-stave-purpleheart-14x6-5_14x6-5_solid-shell_purpleheart_bfa1861a
Spaun Drum Company,Solid Stave,Solid Stave Walnut 14x6.5,14x6.5,wood,Solid Shell,Walnut,,MISSING,MISSING,unknown,,medium,"shellThickness, bearingEdgeOrFallback",spaun-drum-company_solid-stave_solid-stave-walnut-14x6-5_14x6-5_solid-shell_walnut_ff44119f
Sugar Percussion,Steam Bent / Solid,Cherry Steam Bent,14x6.5,wood,Steam Bent,Cherry,,MISSING,MISSING,unknown,,medium,"shellThickness, bearingEdgeOrFallback",sugar-percussion_steam-bent-solid_cherry-steam-bent_14x6-5_steam-bent_cherry_562c2c1f
Sugar Percussion,Steam Bent / Solid,Maple Steam Bent,14x6.5,wood,Steam Bent,Maple,,MISSING,MISSING,unknown,,medium,"shellThickness, bearingEdgeOrFallback",sugar-percussion_steam-bent-solid_maple-steam-bent_14x6-5_steam-bent_maple_5cec70f4
Sugar Percussion,Steam Bent / Solid,Walnut Steam Bent,14x6.5,wood,Steam Bent,Walnut,,MISSING,MISSING,unknown,,medium,"shellThickness, bearingEdgeOrFallback",sugar-percussion_steam-bent-solid_walnut-steam-bent_14x6-5_steam-bent_walnut_bc9e870a
Tama,Mastercraft,Mastercraft Steel 14x5,14x5,metal,metal,steel,unknown,MISSING,formed metal bearing edge,triple-flange / Tama steel hoop,10,medium,shellThickness,tama_mastercraft_mastercraft-steel-14x5_14x5_metal_steel_chrome_c94509d8
Tama,Mastercraft,Mastercraft Steel 14x6.5,14x6.5,metal,metal,steel,unknown,MISSING,formed metal bearing edge,triple-flange / Tama steel hoop,10,medium,shellThickness,tama_mastercraft_mastercraft-steel-14x6-5_14x6-5_metal_steel_chrome_45fb38d0
Tama,Signature,Bill Bruford 14x5.5,14x5.5,metal,metal,brass,unknown,MISSING,formed metal bearing edge,die-cast hoops,10,medium,shellThickness,tama_signature_bill-bruford-14x5-5_14x5-5_metal_brass_brass_die-cast-hoops_5daed8b7
Tama,Signature,Charlie Benante CB1465 Signature 14x6.5,14x6.5,metal,metal,stainless steel,unknown,MISSING,formed metal bearing edge,die-cast hoops,10,medium,shellThickness,tama_signature_charlie-benante-cb1465-signature-14x6-5_14x6-5_metal_stainless-steel
Tama,Signature,John Tempesta JT147 Signature 14x7,14x7,metal,metal,brass,unknown,MISSING,formed metal bearing edge,die-cast hoops,10,medium,shellThickness,tama_signature_john-tempesta-jt147-signature-14x7_14x7_metal_brass
Tama,Signature,Kenny Aronoff KA145N Trackmaster 14x5,14x5,metal,metal,brass,unknown,MISSING,formed metal bearing edge,die-cast brass hoops,10,medium,shellThickness,tama_signature_kenny-aronoff-ka145n-trackmaster-14x5_14x5_metal_brass_nickel-plated-brass_die-cast-hoops_ka145n_93ec0192
Tama,Signature,Kenny Aronoff KA154 Super Piccolo 15x4,15x4,metal,metal,brass,unknown,MISSING,formed metal bearing edge,die-cast hoops,10,medium,shellThickness,tama_signature_kenny-aronoff-ka154-super-piccolo-15x4_15x4_metal_brass_nickel-plated-brass_die-cast-hoops_ka154_0fcd1d35
Tama,Signature,Mike Portnoy Melody Master MP1455ST 14x5.5,14x5.5,metal,metal,steel,unknown,MISSING,formed metal bearing edge,die-cast hoops,10,medium,shellThickness,tama_signature_mike-portnoy-melody-master-mp1455st-14x5-5_14x5-5_metal_steel
Tama,Signature,Simon Phillips Gladiator 14x5.5,14x5.5,metal,metal,bronze,unknown,MISSING,formed metal bearing edge,die-cast hoops,10,medium,shellThickness,tama_signature_simon-phillips-gladiator-14x5-5_14x5-5_metal_bronze_bronze_die-cast-hoops_sp1455_6d2e74cb
Tama,STAR Reserve,STAR Reserve Hand Hammered Aluminum 14x6.5,14x6.5,metal,Metal,Aluminum,,MISSING,MISSING,Unknown,,medium,"shellThickness, bearingEdgeOrFallback",tama_star-reserve_star-reserve-hand-hammered-aluminum-14x6-5_14x6-5_metal_aluminum_hammered-aluminum_c8f32f02
Tama,STAR Reserve,STAR Reserve Hand Hammered Copper 14x6.5,14x6.5,metal,Metal,Copper,,MISSING,MISSING,Unknown,,medium,"shellThickness, bearingEdgeOrFallback",tama_star-reserve_star-reserve-hand-hammered-copper-14x6-5_14x6-5_metal_copper_hammered-copper_afc39ac0
Tama,Warlord,Warlord Athenian Hammered Brass 14x6,14x6,metal,metal,brass,unknown,MISSING,formed metal bearing edge,die-cast hoops,10,medium,shellThickness,tama_warlord_warlord-athenian-hammered-brass-14x6_14x6_metal_brass_hammered-brass_die-cast-hoops_ddb2c5aa
Tama,Warlord,Warlord Valkyrie Stainless Steel 14x6,14x6,metal,metal,stainless steel,unknown,MISSING,formed metal bearing edge,die-cast hoops,10,medium,shellThickness,tama_warlord_warlord-valkyrie-stainless-steel-14x6_14x6_metal_steel_stainless-steel_die-cast-hoops_3829fe36
Tama,Artwood,Artwood Birch 14x5.5,14x5.5,wood,ply,birch,unknown,MISSING,Tama wood bearing edge,unknown,10,medium,shellThickness,tama_artwood_artwood-birch-14x5-5_14x5-5_ply_birch_lacquer_444f452b
Tama,Artwood,Artwood Birch 14x6.5,14x6.5,wood,ply,birch,unknown,MISSING,Tama wood bearing edge,unknown,10,medium,shellThickness,tama_artwood_artwood-birch-14x6-5_14x6-5_ply_birch_lacquer_c8fcf233
Tama,Artwood,Artwood Birds Eye Maple 14x6.5,14x6.5,wood,ply,maple,birdseye maple outer veneer,MISSING,Tama wood bearing edge,unknown,10,medium,shellThickness,tama_artwood_artwood-birds-eye-maple-14x6-5_14x6-5_ply_maple_lacquer_f2bcbb59
Tama,Artwood,Artwood Maple 14x5.5,14x5.5,wood,ply,maple,unknown,MISSING,Tama wood bearing edge,unknown,10,medium,shellThickness,tama_artwood_artwood-maple-14x5-5_14x5-5_ply_maple_lacquer_3540966b
Tama,Artwood,Artwood Maple 14x6.5,14x6.5,wood,ply,maple,unknown,MISSING,Tama wood bearing edge,unknown,10,medium,shellThickness,tama_artwood_artwood-maple-14x6-5_14x6-5_ply_maple_lacquer_942d70cd
Tama,Artwood,Artwood Walnut 14x6.5,14x6.5,wood,ply,walnut,unknown,MISSING,Tama wood bearing edge,unknown,10,medium,shellThickness,tama_artwood_artwood-walnut-14x6-5_14x6-5_ply_walnut_lacquer_caccd985
Tama,Mastercraft,Mastercraft Maple 14x5.5,14x5.5,wood,ply,maple,unknown,MISSING,Tama wood bearing edge,triple-flange / Tama steel hoop,10,medium,shellThickness,tama_mastercraft_mastercraft-maple-14x5-5_14x5-5_ply_maple_lacquer_95a9e838
Tama,Mastercraft,Mastercraft Maple 14x6.5,14x6.5,wood,ply,maple,unknown,MISSING,Tama wood bearing edge,triple-flange / Tama steel hoop,10,medium,shellThickness,tama_mastercraft_mastercraft-maple-14x6-5_14x6-5_ply_maple_lacquer_416e7135
Tama,S.L.P.,S.L.P. Duo Birch LBH1410L 14x10,14x10,wood,Ply,Birch,Unknown,7mm,MISSING,Sound Arc Hoop,8,high,bearingEdgeOrFallback,tama_s-l-p_s-l-p-duo-birch-lbh1410l-14x10_14x10_ply_birch_lacquer_triple-flange-sound-arc-style_lbh1410l_38db7013
Tama,Signature,Bill Bruford BB1055 Signature 10x5.5,10x5.5,wood,ply,maple,unknown,MISSING,Tama wood bearing edge,triple-flange / Mighty Hoop,6,medium,shellThickness,tama_signature_bill-bruford-bb1055-signature-10x5-5_10x5-5_ply_maple
Tama,Signature,Bill Bruford BB146 Signature 14x6,14x6,wood,ply,maple,unknown,MISSING,Tama wood bearing edge,triple-flange / Mighty Hoop,10,medium,shellThickness,tama_signature_bill-bruford-bb146-signature-14x6_14x6_ply_maple
Tama,Signature,John Tempesta 14x7,14x7,wood,ply,maple,unknown,MISSING,Tama wood bearing edge,die-cast hoops,10,medium,shellThickness,tama_signature_john-tempesta-14x7_14x7_ply_maple_lacquer_die-cast-hoops_e7cd87e6
Tama,Signature,Kaz Rodriguez 14x6.5 Maple/Bubinga,14x6.5,wood,ply,maple,bubinga,MISSING,Tama wood bearing edge,die-cast hoops,10,medium,shellThickness,tama_signature_kaz-rodriguez-14x6-5-maple-bubinga_14x6-5_ply_maple_lacquer_die-cast-hoops_c84633ed
Tama,Signature,Kaz Rodriguez KR1465 Signature 14x6.5 Maple/Bubinga,14x6.5,wood,ply,maple,bubinga,MISSING,Tama wood bearing edge,die-cast hoops,10,medium,shellThickness,tama_signature_kaz-rodriguez-kr1465-signature-14x6-5-maple-bubinga_14x6-5_ply_maple
Tama,Signature,Mike Portnoy Dream Monster MP1455BUN 14x5.5,14x5.5,wood,ply,bubinga,unknown,MISSING,Tama wood bearing edge,die-cast hoops,10,medium,shellThickness,tama_signature_mike-portnoy-dream-monster-mp1455bun-14x5-5_14x5-5_ply_bubinga
Tama,Signature,Mike Portnoy Melody Master MP1455 Maple 14x5.5,14x5.5,wood,ply,maple,unknown,MISSING,Tama wood bearing edge,die-cast hoops,10,medium,shellThickness,tama_signature_mike-portnoy-melody-master-mp1455-maple-14x5-5_14x5-5_ply_maple
Tama,Signature,Peter Erskine PE106M 10x6,10x6,wood,ply,maple,unknown,MISSING,Tama wood bearing edge,triple-flange / Mighty Hoop,6,medium,shellThickness,tama_signature_peter-erskine-pe106m-10x6_10x6_ply_maple_lacquer_triple-flange-mighty-hoop_pe106m_e9aa7aab
Tama,Signature,Peter Erskine PE1445 14x4.5,14x4.5,wood,ply,maple,unknown,MISSING,Tama wood bearing edge,triple-flange / Mighty Hoop,10,medium,shellThickness,tama_signature_peter-erskine-pe1445-14x4-5_14x4-5_ply_maple_lacquer_triple-flange-mighty-hoop_pe1445_3e707e32
Tama,Signature,Simon Phillips Monarch 14x6.5,14x6.5,wood,ply,maple,unknown,MISSING,Tama wood bearing edge,die-cast hoops,10,medium,shellThickness,tama_signature_simon-phillips-monarch-14x6-5_14x6-5_ply_maple_lacquer_die-cast-hoops_sp1465_5cb2bc67
Tama,Signature,Simon Phillips SP125 The Pageant 12x5,12x5,wood,ply,maple,unknown,MISSING,Tama wood bearing edge,triple-flange / Mighty Hoop,6,medium,shellThickness,tama_signature_simon-phillips-sp125-the-pageant-12x5_12x5_ply_maple
Tama,STAR Reserve,STAR Reserve G-Mahogany 14x6.5,14x6.5,wood,Ply,African Mahogany,,9mm,MISSING,2.3mm Steel Mighty Hoop / triple-flanged steel,10,high,bearingEdgeOrFallback,tama_star-reserve_star-reserve-g-mahogany-14x6-5_14x6-5_ply_mahogany_lacquer_a6294219
Tama,Starclassic,Starclassic Performer 14x5.5,14x5.5,wood,ply,maple,unknown,MISSING,Starclassic rounded bearing edge profile; edge positioned 2.5mm inward from outer shell surface,die-cast hoops,10,medium,shellThickness,tama_starclassic_starclassic-performer-14x5-5_14x5-5_ply_maple_lacquer-wrap_die-cast-hoops_9be528a9
Tama,Starclassic,Starclassic Performer 14x6.5,14x6.5,wood,ply,maple,unknown,MISSING,Starclassic rounded bearing edge profile; edge positioned 2.5mm inward from outer shell surface,die-cast hoops,10,medium,shellThickness,tama_starclassic_starclassic-performer-14x6-5_14x6-5_ply_maple_lacquer-wrap_die-cast-hoops_a7cf7794
Tama,Starclassic,Starclassic Performer Birch/Bubinga 14x5.5,14x5.5,wood,ply,birch,bubinga,MISSING,Starclassic rounded bearing edge profile; edge positioned 2.5mm inward from outer shell surface,die-cast hoops,10,medium,shellThickness,tama_starclassic_starclassic-performer-birch-bubinga-14x5-5_14x5-5_ply_birch_lacquer_die-cast-hoops_fc3ed948
Tama,Starclassic,Starclassic Performer Birch/Bubinga 14x6.5,14x6.5,wood,ply,birch,bubinga,MISSING,Starclassic rounded bearing edge profile; edge positioned 2.5mm inward from outer shell surface,die-cast hoops,10,medium,shellThickness,tama_starclassic_starclassic-performer-birch-bubinga-14x6-5_14x6-5_ply_birch_lacquer_die-cast-hoops_379db69d
WorldMax,OEM Configurations,WorldMax Brass Shell / Alternate Hoop Configuration,14x6.5,metal,Metal,Brass,,MISSING,Rolled flange / 45° listed where confirmed,No Flange Steel Hoops,10,medium,shellThickness,worldmax_oem-configurations_worldmax-brass-shell-alternate-hoop-configuration_14x6-5_metal_brass_rolled-flange-45-listed_7e0ca6cf
WorldMax,OEM Configurations,WorldMax Brass Shell / Alternate Hoop Configuration,14x6.5,metal,Metal,Brass,,MISSING,Rolled flange / 45° listed where confirmed,Die Cast Hoops,10,medium,shellThickness,worldmax_oem-configurations_worldmax-brass-shell-alternate-hoop-configuration_14x6-5_metal_brass_rolled-flange-45-listed_cdb2254b
WorldMax,OEM Configurations,WorldMax Brass Shell / Alternate Hoop Configuration,14x6.5,metal,Metal,Brass,,MISSING,Rolled flange / 45° listed where confirmed,Single Flanged Hoops,10,medium,shellThickness,worldmax_oem-configurations_worldmax-brass-shell-alternate-hoop-configuration_14x6-5_metal_brass_rolled-flange-45-listed_dfb3e115
WorldMax,OEM Configurations,WorldMax Brass Shell / Alternate Hoop Configuration,14x6.5,metal,Metal,Brass,,MISSING,Rolled flange / 45° listed where confirmed,Maple Hoops,10,medium,shellThickness,worldmax_oem-configurations_worldmax-brass-shell-alternate-hoop-configuration_14x6-5_metal_brass_rolled-flange-45-listed_f67f5e38
WorldMax,WorldMax Metal Snares / Retailer-Documented,Aluminum Shell,14x5,metal,Metal,Aluminum,,MISSING,Rolled flange / 45° listed where confirmed,2.3mm Triple Flanged,10,medium,shellThickness,worldmax_worldmax-metal-snares-retailer-documented_aluminum-shell_14x5_metal_aluminum_rolled-flange-45-listed-where-conf_e61d1279
WorldMax,WorldMax Metal Snares / Retailer-Documented,Aluminum Shell,14x6.5,metal,Metal,Aluminum,,MISSING,Rolled flange / 45° listed where confirmed,2.3mm Triple Flanged,10,medium,shellThickness,worldmax_worldmax-metal-snares-retailer-documented_aluminum-shell_14x6-5_metal_aluminum_rolled-flange-45-listed-where-co_d3b659a7
WorldMax,WorldMax Metal Snares / Retailer-Documented,Bronze Shell,14x5,metal,Metal,Bronze,,MISSING,Rolled flange / 45° listed where confirmed,2.3mm Triple Flanged,10,medium,shellThickness,worldmax_worldmax-metal-snares-retailer-documented_bronze-shell_14x5_metal_bronze_rolled-flange-45-listed-where-confirme_661f3978
WorldMax,WorldMax Metal Snares / Retailer-Documented,Bronze Shell,14x6.5,metal,Metal,Bronze,,MISSING,Rolled flange / 45° listed where confirmed,2.3mm Triple Flanged,10,medium,shellThickness,worldmax_worldmax-metal-snares-retailer-documented_bronze-shell_14x6-5_metal_bronze_rolled-flange-45-listed-where-confir_63531491
WorldMax,WorldMax Metal Snares / Retailer-Documented,Chrome Steel Shell,14x5.5,metal,Metal,Steel,,MISSING,Rolled flange / 45° listed where confirmed,2.3mm Triple Flanged,10,medium,shellThickness,worldmax_worldmax-metal-snares-retailer-documented_chrome-steel-shell_14x5-5_metal_steel_rolled-flange-45-listed-where-c_982c019f
WorldMax,WorldMax Metal Snares / Retailer-Documented,Chrome Steel Shell,14x6.5,metal,Metal,Steel,,MISSING,Rolled flange / 45° listed where confirmed,2.3mm Triple Flanged,10,medium,shellThickness,worldmax_worldmax-metal-snares-retailer-documented_chrome-steel-shell_14x6-5_metal_steel_rolled-flange-45-listed-where-c_c91f51db
WorldMax,WorldMax Metal Snares / Retailer-Documented,Copper Shell,14x5,metal,Metal,Copper,,MISSING,Rolled flange / 45° listed where confirmed,2.3mm Triple Flanged,10,medium,shellThickness,worldmax_worldmax-metal-snares-retailer-documented_copper-shell_14x5_metal_copper_rolled-flange-45-listed-where-confirme_3032f6b4
WorldMax,WorldMax Metal Snares / Retailer-Documented,Copper Shell,14x6.5,metal,Metal,Copper,,MISSING,Rolled flange / 45° listed where confirmed,2.3mm Triple Flanged,10,medium,shellThickness,worldmax_worldmax-metal-snares-retailer-documented_copper-shell_14x6-5_metal_copper_rolled-flange-45-listed-where-confir_d8d25318
WorldMax,WorldMax Metal Snares / Retailer-Documented,Hammered Aluminum Shell,14x5,metal,Metal,Aluminum,,MISSING,Rolled flange / 45° listed where confirmed,2.3mm Triple Flanged,10,medium,shellThickness,worldmax_worldmax-metal-snares-retailer-documented_hammered-aluminum-shell_14x5_metal_aluminum_rolled-flange-45-listed-w_20d1dfe0
WorldMax,WorldMax Metal Snares / Retailer-Documented,Hammered Aluminum Shell,14x6.5,metal,Metal,Aluminum,,MISSING,Rolled flange / 45° listed where confirmed,2.3mm Triple Flanged,10,medium,shellThickness,worldmax_worldmax-metal-snares-retailer-documented_hammered-aluminum-shell_14x6-5_metal_aluminum_rolled-flange-45-listed_4f83dfec
WorldMax,WorldMax Metal Snares / Retailer-Documented,Hammered Bronze Shell,14x5,metal,Metal,Bronze,,MISSING,Rolled flange / 45° listed where confirmed,2.3mm Triple Flanged,10,medium,shellThickness,worldmax_worldmax-metal-snares-retailer-documented_hammered-bronze-shell_14x5_metal_bronze_rolled-flange-45-listed-where_3dddbaf5
WorldMax,WorldMax Metal Snares / Retailer-Documented,Hammered Bronze Shell,14x6.5,metal,Metal,Bronze,,MISSING,Rolled flange / 45° listed where confirmed,2.3mm Triple Flanged,10,medium,shellThickness,worldmax_worldmax-metal-snares-retailer-documented_hammered-bronze-shell_14x6-5_metal_bronze_rolled-flange-45-listed-whe_79cae2f5
WorldMax,WorldMax Metal Snares / Retailer-Documented,Hammered Copper Shell,14x5,metal,Metal,Copper,,MISSING,Rolled flange / 45° listed where confirmed,2.3mm Triple Flanged,10,medium,shellThickness,worldmax_worldmax-metal-snares-retailer-documented_hammered-copper-shell_14x5_metal_copper_rolled-flange-45-listed-where_564cc7f6
WorldMax,WorldMax Metal Snares / Retailer-Documented,Hammered Copper Shell,14x6.5,metal,Metal,Copper,,MISSING,Rolled flange / 45° listed where confirmed,2.3mm Triple Flanged,10,medium,shellThickness,worldmax_worldmax-metal-snares-retailer-documented_hammered-copper-shell_14x6-5_metal_copper_rolled-flange-45-listed-whe_cec7014d
WorldMax,WorldMax Metal Snares / Retailer-Documented,Hammered Steel Shell,14x5.5,metal,Metal,Steel,,MISSING,Rolled flange / 45° listed where confirmed,2.3mm Triple Flanged,10,medium,shellThickness,worldmax_worldmax-metal-snares-retailer-documented_hammered-steel-shell_14x5-5_metal_steel_rolled-flange-45-listed-where_1f335e05
WorldMax,WorldMax Metal Snares / Retailer-Documented,Hammered Steel Shell,14x6.5,metal,Metal,Steel,,MISSING,Rolled flange / 45° listed where confirmed,2.3mm Triple Flanged,10,medium,shellThickness,worldmax_worldmax-metal-snares-retailer-documented_hammered-steel-shell_14x6-5_metal_steel_rolled-flange-45-listed-where_6dcf446f
WorldMax,WorldMax Metal Snares / Retailer-Documented,Jade Tiger Steel,14x5.5,metal,Metal,Steel,,MISSING,Rolled flange / 45° listed where confirmed,2.3mm Triple Flanged,10,medium,shellThickness,worldmax_worldmax-metal-snares-retailer-documented_jade-tiger-steel_14x5-5_metal_steel_rolled-flange-45-listed-where-con_0fb96c4b
WorldMax,WorldMax Metal Snares / Retailer-Documented,Jade Tiger Steel,14x6.5,metal,Metal,Steel,,MISSING,Rolled flange / 45° listed where confirmed,2.3mm Triple Flanged,10,medium,shellThickness,worldmax_worldmax-metal-snares-retailer-documented_jade-tiger-steel_14x6-5_metal_steel_rolled-flange-45-listed-where-con_1295deae
WorldMax,WorldMax Shells / OEM Reference,Black Hawg / Black Dawg Brass Undrilled Shell,13x7,metal,Metal,Brass,,MISSING,Rolled flange / 45° listed where confirmed,Shell only,0,medium,shellThickness,worldmax_worldmax-shells-oem-reference_black-hawg-black-dawg-brass-undrilled-shell_13x7_metal_brass_rolled-flange-45-lis_214343f1
WorldMax,WorldMax Shells / OEM Reference,Black Hawg / Black Dawg Brass Undrilled Shell,14x5,metal,Metal,Brass,,MISSING,Rolled flange / 45° listed where confirmed,Shell only,0,medium,shellThickness,worldmax_worldmax-shells-oem-reference_black-hawg-black-dawg-brass-undrilled-shell_14x5_metal_brass_rolled-flange-45-lis_d6db1985
WorldMax,WorldMax Shells / OEM Reference,Black Hawg / Black Dawg Brass Undrilled Shell,14x6.5,metal,Metal,Brass,,MISSING,Rolled flange / 45° listed where confirmed,Shell only,0,medium,shellThickness,worldmax_worldmax-shells-oem-reference_black-hawg-black-dawg-brass-undrilled-shell_14x6-5_metal_brass_rolled-flange-45-l_c4b19e1c
WorldMax,Wood Snare Drums,WorldMax Wood Snare Representative,14x5.5,wood,Ply,Maple,,MISSING,Rolled flange / 45° listed where confirmed,2.3mm Triple Flanged,10,medium,shellThickness,worldmax_wood-snare-drums_worldmax-wood-snare-representative_14x5-5_ply_maple_rolled-flange-45-listed-where-confirmed_mi_0a5c134b
WorldMax,Wood Snare Drums,WorldMax Wood Snare Representative,14x5.5,wood,Ply,Wood,,MISSING,Rolled flange / 45° listed where confirmed,2.3mm Triple Flanged,10,medium,shellThickness,worldmax_wood-snare-drums_worldmax-wood-snare-representative_14x5-5_ply_wood_rolled-flange-45-listed-where-confirmed_min_cd72aaa3
WorldMax,Wood Snare Drums,WorldMax Wood Snare Representative,14x6.5,wood,Ply,Maple,,MISSING,Rolled flange / 45° listed where confirmed,2.3mm Triple Flanged,10,medium,shellThickness,worldmax_wood-snare-drums_worldmax-wood-snare-representative_14x6-5_ply_maple_rolled-flange-45-listed-where-confirmed_mi_da70b06a
WorldMax,Wood Snare Drums,WorldMax Wood Snare Representative,14x6.5,wood,Ply,Wood,,MISSING,Rolled flange / 45° listed where confirmed,2.3mm Triple Flanged,10,medium,shellThickness,worldmax_wood-snare-drums_worldmax-wood-snare-representative_14x6-5_ply_wood_rolled-flange-45-listed-where-confirmed_min_0214d121
Yamaha,5000 Series,5000 Series Steel 14x5.5,14x5.5,metal,Metal,Steel,,MISSING,Rolled metal edge,Triple-flange / Yamaha hoop,8,medium,shellThickness,yamaha_5000-series_5000-series-steel-14x5-5_14x5-5_metal_steel_rolled-metal-edge_chrome_triple-flange-yamaha-hoop_5000-s_ceef7d3b
Yamaha,7000 Series,7000 Series Steel 14x5.5,14x5.5,metal,Metal,Steel,,MISSING,Rolled metal edge,Triple-flange / Yamaha hoop,10,medium,shellThickness,yamaha_7000-series_7000-series-steel-14x5-5_14x5-5_metal_steel_rolled-metal-edge_chrome_triple-flange-yamaha-hoop_7000-s_5c0a7d93
Yamaha,Metal Snare,Yamaha Aluminum Metal Snare 14x3.5,14x3.5,metal,Metal,Aluminum,,MISSING,Rolled metal edge,Triple-flange / Yamaha hoop,10,medium,shellThickness,yamaha_metal-snare_yamaha-aluminum-metal-snare-14x3-5_14x3-5_metal_aluminum_rolled-metal-edge_chrome-lacquer-metal-finis_61f12875
Yamaha,Metal Snare,Yamaha Aluminum Metal Snare 14x4,14x4,metal,Metal,Aluminum,,MISSING,Rolled metal edge,Triple-flange / Yamaha hoop,10,medium,shellThickness,yamaha_metal-snare_yamaha-aluminum-metal-snare-14x4_14x4_metal_aluminum_rolled-metal-edge_chrome-lacquer-metal-finish_tr_bf0360ec
Yamaha,Metal Snare,Yamaha Aluminum Metal Snare 14x5.5,14x5.5,metal,Metal,Aluminum,,MISSING,Rolled metal edge,Triple-flange / Yamaha hoop,10,medium,shellThickness,yamaha_metal-snare_yamaha-aluminum-metal-snare-14x5-5_14x5-5_metal_aluminum_rolled-metal-edge_chrome-lacquer-metal-finis_f67b6b69
Yamaha,Metal Snare,Yamaha Aluminum Metal Snare 14x6.5,14x6.5,metal,Metal,Aluminum,,MISSING,Rolled metal edge,Triple-flange / Yamaha hoop,10,medium,shellThickness,yamaha_metal-snare_yamaha-aluminum-metal-snare-14x6-5_14x6-5_metal_aluminum_rolled-metal-edge_chrome-lacquer-metal-finis_46e4e453
Yamaha,Metal Snare,Yamaha Bronze Metal Snare 14x3.5,14x3.5,metal,Metal,Bronze,,MISSING,Rolled metal edge,Triple-flange / Yamaha hoop,10,medium,shellThickness,yamaha_metal-snare_yamaha-bronze-metal-snare-14x3-5_14x3-5_metal_bronze_rolled-metal-edge_chrome-lacquer-metal-finish_tr_e064b0a6
Yamaha,Metal Snare,Yamaha Bronze Metal Snare 14x5.5,14x5.5,metal,Metal,Bronze,,MISSING,Rolled metal edge,Triple-flange / Yamaha hoop,10,medium,shellThickness,yamaha_metal-snare_yamaha-bronze-metal-snare-14x5-5_14x5-5_metal_bronze_rolled-metal-edge_chrome-lacquer-metal-finish_tr_4c7fa2c3
Yamaha,Metal Snare,Yamaha Bronze Metal Snare 14x6.5,14x6.5,metal,Metal,Bronze,,MISSING,Rolled metal edge,Triple-flange / Yamaha hoop,10,medium,shellThickness,yamaha_metal-snare_yamaha-bronze-metal-snare-14x6-5_14x6-5_metal_bronze_rolled-metal-edge_chrome-lacquer-metal-finish_tr_1b177f3e
Yamaha,Metal Snare,Yamaha Copper Metal Snare 14x3.5,14x3.5,metal,Metal,Copper,,MISSING,Rolled metal edge,Triple-flange / Yamaha hoop,10,medium,shellThickness,yamaha_metal-snare_yamaha-copper-metal-snare-14x3-5_14x3-5_metal_copper_rolled-metal-edge_chrome-lacquer-metal-finish_tr_d16df9c1
Yamaha,Metal Snare,Yamaha Copper Metal Snare 14x5.5,14x5.5,metal,Metal,Copper,,MISSING,Rolled metal edge,Triple-flange / Yamaha hoop,10,medium,shellThickness,yamaha_metal-snare_yamaha-copper-metal-snare-14x5-5_14x5-5_metal_copper_rolled-metal-edge_chrome-lacquer-metal-finish_tr_84e5e7b4
Yamaha,Metal Snare,Yamaha Copper Metal Snare 14x6.5,14x6.5,metal,Metal,Copper,,MISSING,Rolled metal edge,Triple-flange / Yamaha hoop,10,medium,shellThickness,yamaha_metal-snare_yamaha-copper-metal-snare-14x6-5_14x6-5_metal_copper_rolled-metal-edge_chrome-lacquer-metal-finish_tr_76ff6b36
Yamaha,Power V / Rock Tour Custom,Power V Steel Snare 14x6.5,14x6.5,metal,Metal,Steel,,MISSING,Rolled metal edge,Triple-flange / Yamaha hoop,10,medium,shellThickness,yamaha_power-v-rock-tour-custom_power-v-steel-snare-14x6-5_14x6-5_metal_steel_rolled-metal-edge_chrome_triple-flange-yam_d547f526
Yamaha,Signature,Dave Weckl Signature Aluminum 14x5.5,14x5.5,metal,Metal,Aluminum,,MISSING,Rolled metal edge,Triple-flange / Yamaha hoop,10,medium,shellThickness,yamaha_signature_dave-weckl-signature-aluminum-14x5-5_14x5-5_metal_aluminum_rolled-metal-edge_signature-finish_triple-fl_fd0141b3
Yamaha,Signature,David Garibaldi Signature 14x3.5 Brass Piccolo,14x3.5,metal,Metal,Brass,,MISSING,Rolled metal edge,Triple-flange / Yamaha hoop,10,medium,shellThickness,yamaha_signature_david-garibaldi-signature-14x3-5-brass-piccolo_14x3-5_metal_brass_rolled-metal-edge_black-brass-finish__4fac3007
Yamaha,Signature,Jimmy Chamberlin Signature 14x5.5 Steel,14x5.5,metal,Metal,Steel,,MISSING,Rolled metal edge,Triple-flange / Yamaha hoop,10,medium,shellThickness,yamaha_signature_jimmy-chamberlin-signature-14x5-5-steel_14x5-5_metal_steel_rolled-metal-edge_chrome-signature-finish_tr_7be59974
Yamaha,Signature,Roy Haynes Signature 14x5.5 Copper,14x5.5,metal,Metal,Copper,,MISSING,Rolled metal edge,Triple-flange / Yamaha hoop,10,medium,shellThickness,yamaha_signature_roy-haynes-signature-14x5-5-copper_14x5-5_metal_copper_rolled-metal-edge_copper-finish_triple-flange-ya_98b89288
Yamaha,Signature,Shinya Signature Copper 14x5.5,14x5.5,metal,Metal,Copper,,MISSING,Rolled metal edge,Triple-flange / Yamaha hoop,10,medium,shellThickness,yamaha_signature_shinya-signature-copper-14x5-5_14x5-5_metal_copper_rolled-metal-edge_copper-signature-artwork_triple-fl_89f8e83e
Yamaha,YD / Early Yamaha,Early Yamaha Steel Snare 14x5,14x5,metal,Metal,Steel,,MISSING,Rolled metal edge,Triple-flange / vintage hoop,8,medium,shellThickness,yamaha_yd-early-yamaha_early-yamaha-steel-snare-14x5_14x5_metal_steel_rolled-metal-edge_chrome_triple-flange-vintage-hoo_60c52d00
Yamaha,8000 Tour Custom,Tour Custom Birch/Mahogany 14x5.5,14x5.5,wood,Ply,Birch,Mahogany,MISSING,MISSING,Triple-flange / Yamaha hoop,10,medium,"shellThickness, bearingEdgeOrFallback",yamaha_8000-tour-custom_tour-custom-birch-mahogany-14x5-5_14x5-5_ply_birch_mahogany_lacquer_triple-flange-yamaha-hoop_80_a960452d
Yamaha,9000 / Recording Series,Recording Series Birch Snare 14x5.5,14x5.5,wood,Ply,Birch,,MISSING,MISSING,Triple-flange / Yamaha hoop,10,medium,"shellThickness, bearingEdgeOrFallback",yamaha_9000-recording-series_recording-series-birch-snare-14x5-5_14x5-5_ply_birch_lacquer_triple-flange-yamaha-hoop_sd-9_0bf7d6d1
Yamaha,9000 / Recording Series,Recording Series Birch Snare 14x6.5,14x6.5,wood,Ply,Birch,,MISSING,MISSING,Triple-flange / Yamaha hoop,10,medium,"shellThickness, bearingEdgeOrFallback",yamaha_9000-recording-series_recording-series-birch-snare-14x6-5_14x6-5_ply_birch_lacquer_triple-flange-yamaha-hoop_sd-9_0ff83600
Yamaha,Beech Custom,Beech Custom Beech Snare 14x5.5,14x5.5,wood,Ply,Beech,,MISSING,MISSING,Triple-flange / Yamaha hoop,10,medium,"shellThickness, bearingEdgeOrFallback",yamaha_beech-custom_beech-custom-beech-snare-14x5-5_14x5-5_ply_beech_lacquer-wrap-chrome-depending-model_triple-flange-y_7efb5e42
Yamaha,Beech Custom,Beech Custom Beech Snare 14x6.5,14x6.5,wood,Ply,Beech,,MISSING,MISSING,Triple-flange / Yamaha hoop,10,medium,"shellThickness, bearingEdgeOrFallback",yamaha_beech-custom_beech-custom-beech-snare-14x6-5_14x6-5_ply_beech_lacquer-wrap-chrome-depending-model_triple-flange-y_40e6aec4
Yamaha,Birch Custom,Birch Custom Birch Snare 14x5.5,14x5.5,wood,Ply,Birch,,MISSING,MISSING,Triple-flange / Yamaha hoop,10,medium,"shellThickness, bearingEdgeOrFallback",yamaha_birch-custom_birch-custom-birch-snare-14x5-5_14x5-5_ply_birch_lacquer-wrap-chrome-depending-model_triple-flange-y_f2ebec1c
Yamaha,Birch Custom,Birch Custom Birch Snare 14x6.5,14x6.5,wood,Ply,Birch,,MISSING,MISSING,Triple-flange / Yamaha hoop,10,medium,"shellThickness, bearingEdgeOrFallback",yamaha_birch-custom_birch-custom-birch-snare-14x6-5_14x6-5_ply_birch_lacquer-wrap-chrome-depending-model_triple-flange-y_35a7d45e
Yamaha,Birch Custom Absolute,Birch Custom Absolute 14x5.5,14x5.5,wood,Ply,Birch,,MISSING,45-degree / Yamaha Absolute family,Die-cast aluminum hoop,10,medium,shellThickness,yamaha_birch-custom-absolute_birch-custom-absolute-14x5-5_14x5-5_ply_birch_45-degree-yamaha-absolute-family_lacquer_die-_09b7376e
Yamaha,Birch Custom Absolute,Birch Custom Absolute 14x6.5,14x6.5,wood,Ply,Birch,,MISSING,45-degree / Yamaha Absolute family,Die-cast aluminum hoop,10,medium,shellThickness,yamaha_birch-custom-absolute_birch-custom-absolute-14x6-5_14x6-5_ply_birch_45-degree-yamaha-absolute-family_lacquer_die-_098b9023
Yamaha,Club Custom,Club Custom Kapur Snare 14x5.5,14x5.5,wood,Ply,Kapur,,MISSING,MISSING,Triple-flange / Yamaha hoop,10,medium,"shellThickness, bearingEdgeOrFallback",yamaha_club-custom_club-custom-kapur-snare-14x5-5_14x5-5_ply_kapur_lacquer-wrap-chrome-depending-model_triple-flange-yam_85502a35
Yamaha,Club Custom,Club Custom Kapur Snare 14x6.5,14x6.5,wood,Ply,Kapur,,MISSING,MISSING,Triple-flange / Yamaha hoop,10,medium,"shellThickness, bearingEdgeOrFallback",yamaha_club-custom_club-custom-kapur-snare-14x6-5_14x6-5_ply_kapur_lacquer-wrap-chrome-depending-model_triple-flange-yam_b1bb8e06
Yamaha,Concert / Orchestral,CSM-A II Concert Snare 14x5.5,14x5.5,wood,Ply,Maple,,MISSING,MISSING,Concert hoop,10,medium,"shellThickness, bearingEdgeOrFallback",yamaha_concert-orchestral_csm-a-ii-concert-snare-14x5-5_14x5-5_ply_maple_concert-finish_concert-hoop_csm-a-ii-14x5-5_377a1aa0
Yamaha,Concert / Orchestral,CSM-A II Concert Snare 14x6.5,14x6.5,wood,Ply,Maple,,MISSING,MISSING,Concert hoop,10,medium,"shellThickness, bearingEdgeOrFallback",yamaha_concert-orchestral_csm-a-ii-concert-snare-14x6-5_14x6-5_ply_maple_concert-finish_concert-hoop_csm-a-ii-14x6-5_f7bfeacc
Yamaha,Concert / Orchestral,OSM Series Maple Concert 14x5.5,14x5.5,wood,Ply,Maple,,MISSING,MISSING,Die-cast / concert hoop,10,medium,"shellThickness, bearingEdgeOrFallback",yamaha_concert-orchestral_osm-series-maple-concert-14x5-5_14x5-5_ply_maple_concert-lacquer_die-cast-concert-hoop_osm1455_1d0b5502
Yamaha,Concert / Orchestral,OSM Series Maple Concert 14x6.5,14x6.5,wood,Ply,Maple,,MISSING,MISSING,Die-cast / concert hoop,10,medium,"shellThickness, bearingEdgeOrFallback",yamaha_concert-orchestral_osm-series-maple-concert-14x6-5_14x6-5_ply_maple_concert-lacquer_die-cast-concert-hoop_osm1465_38a8b72a
Yamaha,Live Custom Hybrid Oak,Live Custom Hybrid Oak Snare 14x5.5,14x5.5,wood,Ply,Oak,Phenolic,MISSING,MISSING,Die-cast hoop,10,medium,"shellThickness, bearingEdgeOrFallback",yamaha_live-custom-hybrid-oak_live-custom-hybrid-oak-snare-14x5-5_14x5-5_ply_oak_phenolic_uzu-natural-lacquer-variants_d_6ad06c17
Yamaha,Live Custom Hybrid Oak,Live Custom Hybrid Oak Snare 14x6.5,14x6.5,wood,Ply,Oak,Phenolic,MISSING,MISSING,Die-cast hoop,10,medium,"shellThickness, bearingEdgeOrFallback",yamaha_live-custom-hybrid-oak_live-custom-hybrid-oak-snare-14x6-5_14x6-5_ply_oak_phenolic_uzu-natural-lacquer-variants_d_90128483
Yamaha,Maple Custom,Maple Custom Maple Snare 14x5.5,14x5.5,wood,Ply,Maple,,MISSING,MISSING,Triple-flange / Yamaha hoop,10,medium,"shellThickness, bearingEdgeOrFallback",yamaha_maple-custom_maple-custom-maple-snare-14x5-5_14x5-5_ply_maple_lacquer-wrap-chrome-depending-model_triple-flange-y_9289f705
Yamaha,Maple Custom,Maple Custom Maple Snare 14x6.5,14x6.5,wood,Ply,Maple,,MISSING,MISSING,Triple-flange / Yamaha hoop,10,medium,"shellThickness, bearingEdgeOrFallback",yamaha_maple-custom_maple-custom-maple-snare-14x6-5_14x6-5_ply_maple_lacquer-wrap-chrome-depending-model_triple-flange-y_d9fb315a
Yamaha,Maple Custom Absolute,Maple Custom Absolute 14x4,14x4,wood,Ply,Maple,,MISSING,45-degree / Yamaha Absolute family,Die-cast aluminum hoop,10,medium,shellThickness,yamaha_maple-custom-absolute_maple-custom-absolute-14x4_14x4_ply_maple_45-degree-yamaha-absolute-family_lacquer_die-cast_74c940f3
Yamaha,Maple Custom Absolute,Maple Custom Absolute 14x5.5,14x5.5,wood,Ply,Maple,,MISSING,45-degree / Yamaha Absolute family,Die-cast aluminum hoop,10,medium,shellThickness,yamaha_maple-custom-absolute_maple-custom-absolute-14x5-5_14x5-5_ply_maple_45-degree-yamaha-absolute-family_lacquer_die-_ace8201a
Yamaha,Maple Custom Absolute,Maple Custom Absolute 14x6.5,14x6.5,wood,Ply,Maple,,MISSING,45-degree / Yamaha Absolute family,Die-cast aluminum hoop,10,medium,shellThickness,yamaha_maple-custom-absolute_maple-custom-absolute-14x6-5_14x6-5_ply_maple_45-degree-yamaha-absolute-family_lacquer_die-_35898c18
Yamaha,Musashi,Musashi Oak 12x6,12x6,wood,Ply,Oak,,MISSING,MISSING,Triple-flange / Yamaha hoop,6,medium,"shellThickness, bearingEdgeOrFallback",yamaha_musashi_musashi-oak-12x6_12x6_ply_oak_lacquer_triple-flange-yamaha-hoop_nsd1260-musashi_dbd140fe
Yamaha,Musashi,Musashi Oak 13x6.5,13x6.5,wood,Ply,Oak,,MISSING,MISSING,Triple-flange / Yamaha hoop,8,medium,"shellThickness, bearingEdgeOrFallback",yamaha_musashi_musashi-oak-13x6-5_13x6-5_ply_oak_lacquer_triple-flange-yamaha-hoop_nsd1365-musashi_3414cf8f
Yamaha,Musashi,Musashi Oak 14x6.5,14x6.5,wood,Ply,Oak,,MISSING,MISSING,Triple-flange / Yamaha hoop,10,medium,"shellThickness, bearingEdgeOrFallback",yamaha_musashi_musashi-oak-14x6-5_14x6-5_ply_oak_lacquer_triple-flange-yamaha-hoop_nsd1465-musashi_d4a70025
Yamaha,Oak Custom,Oak Custom 14x5.5,14x5.5,wood,Ply,Oak,,MISSING,MISSING,Triple-flange / Yamaha hoop,10,medium,"shellThickness, bearingEdgeOrFallback",yamaha_oak-custom_oak-custom-14x5-5_14x5-5_ply_oak_lacquer_triple-flange-yamaha-hoop_osd1455_0ad0dea3
Yamaha,Oak Custom,Oak Custom 14x6.5,14x6.5,wood,Ply,Oak,,MISSING,MISSING,Triple-flange / Yamaha hoop,10,medium,"shellThickness, bearingEdgeOrFallback",yamaha_oak-custom_oak-custom-14x6-5_14x6-5_ply_oak_lacquer_triple-flange-yamaha-hoop_osd1465_3f6130ae
Yamaha,PHX Phoenix,PHX Phoenix Maple Snare 14x5.5,14x5.5,wood,Ply,Maple,,MISSING,MISSING,Die-cast aluminum hoop,10,medium,"shellThickness, bearingEdgeOrFallback",yamaha_phx-phoenix_phx-phoenix-maple-snare-14x5-5_14x5-5_ply_maple_lacquer-wrap-chrome-depending-model_die-cast-aluminum_7b7f661a
Yamaha,PHX Phoenix,PHX Phoenix Maple Snare 14x6.5,14x6.5,wood,Ply,Maple,,MISSING,MISSING,Die-cast aluminum hoop,10,medium,"shellThickness, bearingEdgeOrFallback",yamaha_phx-phoenix_phx-phoenix-maple-snare-14x6-5_14x6-5_ply_maple_lacquer-wrap-chrome-depending-model_die-cast-aluminum_5de26838
Yamaha,Power Recording / 9000,Power Recording Birch 14x8,14x8,wood,Ply,Birch,,MISSING,MISSING,Triple-flange / Yamaha hoop,10,medium,"shellThickness, bearingEdgeOrFallback",yamaha_power-recording-9000_power-recording-birch-14x8_14x8_ply_birch_lacquer_triple-flange-yamaha-hoop_power-recording-_216a2436
Yamaha,Recording Custom,Recording Custom Birch 14x5.5,14x5.5,wood,Ply,Birch,,MISSING,30-degree / modern Recording Custom family,Triple-flange / Yamaha hoop,10,medium,shellThickness,yamaha_recording-custom_recording-custom-birch-14x5-5_14x5-5_ply_birch_30-degree-modern-recording-custom-family_lacquer__92828120
Yamaha,Recording Custom,Recording Custom Birch 14x6.5,14x6.5,wood,Ply,Birch,,MISSING,30-degree / modern Recording Custom family,Triple-flange / Yamaha hoop,10,medium,shellThickness,yamaha_recording-custom_recording-custom-birch-14x6-5_14x6-5_ply_birch_30-degree-modern-recording-custom-family_lacquer__eaec2e70
Yamaha,Rock Tour,Rock Tour Ash 14x6,14x6,wood,Ply,Ash,,MISSING,MISSING,Triple-flange / Yamaha hoop,10,medium,"shellThickness, bearingEdgeOrFallback",yamaha_rock-tour_rock-tour-ash-14x6_14x6_ply_ash_textured-ash-matte-finish_triple-flange-yamaha-hoop_rts1460_fc332589
Yamaha,Sensitive Series,Maple Sensitive 14x5.5,14x5.5,wood,Ply,Maple,,MISSING,45-degree / Sensitive family,Triple-flange / Yamaha hoop,10,medium,shellThickness,yamaha_sensitive-series_maple-sensitive-14x5-5_14x5-5_ply_maple_45-degree-sensitive-family_lacquer_triple-flange-yamaha-_7f8ab87f
Yamaha,Sensitive Series,Maple Vintage 14x5.5,14x5.5,wood,Ply,Maple,,MISSING,Vintage rounded / estimated,Triple-flange / Yamaha hoop,10,medium,shellThickness,yamaha_sensitive-series_maple-vintage-14x5-5_14x5-5_ply_maple_vintage-rounded-estimated_lacquer_triple-flange-yamaha-hoo_76655cd4
Yamaha,Signature,Akira Jimbo Signature 13x7,13x7,wood,Ply,Maple,,MISSING,MISSING,Triple-flange / Yamaha hoop,10,medium,"shellThickness, bearingEdgeOrFallback",yamaha_signature_akira-jimbo-signature-13x7_13x7_ply_maple_lacquer-signature-finish_triple-flange-yamaha-hoop_akira-jimb_3bc8b032
Yamaha,Signature,Andre Ceccarelli Signature 14x5.5,14x5.5,wood,Ply,Maple,,MISSING,MISSING,Triple-flange / Yamaha hoop,10,medium,"shellThickness, bearingEdgeOrFallback",yamaha_signature_andre-ceccarelli-signature-14x5-5_14x5-5_ply_maple_signature-finish_triple-flange-yamaha-hoop_msd1455ac_07b379cc
Yamaha,Signature,Anton Fig Signature 14x6,14x6,wood,Ply,Maple,,MISSING,MISSING,19-ply vintage wood hoop,10,medium,"shellThickness, bearingEdgeOrFallback",yamaha_signature_anton-fig-signature-14x6_14x6_ply_maple_solid-black_19-ply-vintage-wood-hoop_msd14af_57e9e5fb
Yamaha,Signature,Billy Cobham Signature 14x5.5,14x5.5,wood,Ply,Maple,,MISSING,MISSING,Triple-flange / Yamaha hoop,10,medium,"shellThickness, bearingEdgeOrFallback",yamaha_signature_billy-cobham-signature-14x5-5_14x5-5_ply_maple_signature-finish_triple-flange-yamaha-hoop_billy-cobham-_1f58e7fb
Yamaha,Signature,Dave Weckl Signature Maple 14x5.5,14x5.5,wood,Ply,Maple,,MISSING,MISSING,Triple-flange / Yamaha hoop,10,medium,"shellThickness, bearingEdgeOrFallback",yamaha_signature_dave-weckl-signature-maple-14x5-5_14x5-5_ply_maple_signature-lacquer_triple-flange-yamaha-hoop_msd1455d_7daae3e7
Yamaha,Signature,Elvin Jones Signature 14x7,14x7,wood,Ply,Maple,,MISSING,MISSING,Wood hoop / vintage hoop,8,medium,"shellThickness, bearingEdgeOrFallback",yamaha_signature_elvin-jones-signature-14x7_14x7_ply_maple_natural-signature-finish_wood-hoop-vintage-hoop_elvin-jones-s_81963be9
Yamaha,Signature,Manu Katché Signature 14x5.5,14x5.5,wood,Ply,Maple,,MISSING,MISSING,Triple-flange / Yamaha hoop,10,medium,"shellThickness, bearingEdgeOrFallback",yamaha_signature_manu-katch-signature-14x5-5_14x5-5_ply_maple_signature-finish_triple-flange-yamaha-hoop_manu-katch-sign_dad25ca9
Yamaha,Signature,Peter Erskine Signature 10x4,10x4,wood,Ply,Maple,,MISSING,MISSING,Triple-flange / Yamaha hoop,6,medium,"shellThickness, bearingEdgeOrFallback",yamaha_signature_peter-erskine-signature-10x4_10x4_ply_maple_signature-finish_triple-flange-yamaha-hoop_peter-erskine-10_31693f36
Yamaha,Signature,Peter Erskine Signature 12x4,12x4,wood,Ply,Maple,,MISSING,MISSING,Triple-flange / Yamaha hoop,6,medium,"shellThickness, bearingEdgeOrFallback",yamaha_signature_peter-erskine-signature-12x4_12x4_ply_maple_signature-finish_triple-flange-yamaha-hoop_peter-erskine-12_845f020f
Yamaha,YD / Early Yamaha,Early Yamaha Wood Snare 14x5,14x5,wood,Ply,Mahogany,,MISSING,MISSING,Triple-flange / vintage hoop,8,medium,"shellThickness, bearingEdgeOrFallback",yamaha_yd-early-yamaha_early-yamaha-wood-snare-14x5_14x5_ply_mahogany_wrap-lacquer_triple-flange-vintage-hoop_early-yd-w_19cc75aa